-- phpMyAdmin SQL Dump
-- version 4.8.1
-- https://www.phpmyadmin.net/
--
-- Host: 127.0.0.1
-- Generation Time: Nov 22, 2018 at 08:43 AM
-- Server version: 10.1.33-MariaDB
-- PHP Version: 7.2.6

SET SQL_MODE = "NO_AUTO_VALUE_ON_ZERO";
SET AUTOCOMMIT = 0;
START TRANSACTION;
SET time_zone = "+00:00";


/*!40101 SET @OLD_CHARACTER_SET_CLIENT=@@CHARACTER_SET_CLIENT */;
/*!40101 SET @OLD_CHARACTER_SET_RESULTS=@@CHARACTER_SET_RESULTS */;
/*!40101 SET @OLD_COLLATION_CONNECTION=@@COLLATION_CONNECTION */;
/*!40101 SET NAMES utf8mb4 */;

--
-- Database: `adtrack_all`
--

-- --------------------------------------------------------

--
-- Table structure for table `adcategory`
--

CREATE TABLE `adcategory` (
  `Id` int(11) NOT NULL,
  `Name` varchar(50) COLLATE utf8_unicode_ci DEFAULT NULL,
  `Description` text COLLATE utf8_unicode_ci,
  `EntryBy` int(11) DEFAULT NULL,
  `EntryDateTime` datetime DEFAULT NULL,
  `UpdateBy` int(11) DEFAULT NULL,
  `UpdateTime` datetime DEFAULT NULL,
  `DeleteBy` int(11) DEFAULT NULL,
  `DeleteDateTime` datetime DEFAULT NULL,
  `State` tinyint(3) DEFAULT '1'
) ENGINE=InnoDB DEFAULT CHARSET=utf8 COLLATE=utf8_unicode_ci;

--
-- Dumping data for table `adcategory`
--

INSERT INTO `adcategory` (`Id`, `Name`, `Description`, `EntryBy`, `EntryDateTime`, `UpdateBy`, `UpdateTime`, `DeleteBy`, `DeleteDateTime`, `State`) VALUES
(5, 'Private', 'Private', 1, '2016-11-06 04:02:55', NULL, NULL, NULL, NULL, 1),
(6, 'Government', 'Government', 1, '2016-11-06 06:38:26', NULL, NULL, NULL, NULL, 1);

-- --------------------------------------------------------

--
-- Table structure for table `adentry`
--

CREATE TABLE `adentry` (
  `Id` int(11) NOT NULL,
  `BatchId` decimal(30,0) DEFAULT NULL,
  `MediaId` int(11) DEFAULT NULL,
  `PublicationId` int(3) DEFAULT NULL,
  `Date` date DEFAULT NULL,
  `EntryBy` int(3) DEFAULT NULL,
  `EntrydateTime` datetime DEFAULT NULL,
  `UpdateBy` int(3) DEFAULT NULL,
  `UpdateDateTime` datetime DEFAULT NULL,
  `DeleteBy` int(3) DEFAULT NULL,
  `DeleteDateTime` datetime DEFAULT NULL,
  `State` tinyint(3) DEFAULT '1'
) ENGINE=InnoDB DEFAULT CHARSET=utf8 COLLATE=utf8_unicode_ci;

--
-- Dumping data for table `adentry`
--

INSERT INTO `adentry` (`Id`, `BatchId`, `MediaId`, `PublicationId`, `Date`, `EntryBy`, `EntrydateTime`, `UpdateBy`, `UpdateDateTime`, `DeleteBy`, `DeleteDateTime`, `State`) VALUES
(1, '1', 1, 9, '2017-10-31', 1, '2017-10-31 05:50:33', NULL, NULL, NULL, NULL, 1),
(2, '2', 1, 9, '2017-10-31', 1, '2017-10-31 05:51:40', NULL, NULL, NULL, NULL, 1),
(3, '3', 2, 2, '2017-10-31', 1, '2017-10-31 05:56:22', NULL, NULL, NULL, NULL, 1),
(4, '4', 1, 9, '2017-10-31', 1, '2017-10-31 05:59:52', NULL, NULL, NULL, NULL, 1),
(5, '5', 5, 59, '2017-11-01', 1, '2017-11-01 12:08:53', NULL, NULL, NULL, NULL, 1),
(6, '6', 8, 23, '2017-11-02', 1, '2017-11-02 06:05:35', NULL, NULL, NULL, NULL, 1),
(7, '7', 1, 9, '2017-11-04', 1, '2017-11-04 09:38:49', NULL, NULL, NULL, NULL, 1),
(8, '8', 6, 33, '2017-11-04', 1, '2017-11-04 09:40:39', NULL, NULL, NULL, NULL, 1),
(9, '9', 1, 9, '2017-11-07', 1, '2017-11-07 09:28:08', NULL, NULL, NULL, NULL, 1);

-- --------------------------------------------------------

--
-- Table structure for table `adentrydetails`
--

CREATE TABLE `adentrydetails` (
  `Id` int(11) NOT NULL,
  `AdentryId` int(11) DEFAULT NULL,
  `ProductId` int(4) DEFAULT NULL,
  `ProductCatId` int(4) DEFAULT NULL,
  `CompanyId` int(4) DEFAULT NULL,
  `AdinfoId` varchar(100) COLLATE utf8_unicode_ci DEFAULT NULL,
  `Caption` varchar(255) COLLATE utf8_unicode_ci DEFAULT NULL,
  `AdType` varchar(20) COLLATE utf8_unicode_ci DEFAULT NULL,
  `HueId` int(3) DEFAULT NULL,
  `PlaceingId` int(3) DEFAULT NULL,
  `PositionId` int(4) DEFAULT NULL,
  `PageId` int(3) DEFAULT NULL,
  `Cols` int(3) DEFAULT NULL,
  `Inchs` int(3) DEFAULT NULL,
  `PageNo` int(3) DEFAULT NULL,
  `NewstypeId` int(11) DEFAULT NULL,
  `Image` varchar(50) COLLATE utf8_unicode_ci DEFAULT NULL,
  `Keyword` varchar(100) COLLATE utf8_unicode_ci DEFAULT NULL,
  `Remarks` text COLLATE utf8_unicode_ci,
  `EntryBy` int(3) DEFAULT NULL,
  `EntrydateTime` datetime DEFAULT NULL,
  `UpdateBy` int(3) DEFAULT NULL,
  `UpdateDateTime` datetime DEFAULT NULL,
  `DeleteBy` int(3) DEFAULT NULL,
  `DeleteDateTime` datetime DEFAULT NULL,
  `State` tinyint(3) DEFAULT '1'
) ENGINE=InnoDB DEFAULT CHARSET=utf8 COLLATE=utf8_unicode_ci;

--
-- Dumping data for table `adentrydetails`
--

INSERT INTO `adentrydetails` (`Id`, `AdentryId`, `ProductId`, `ProductCatId`, `CompanyId`, `AdinfoId`, `Caption`, `AdType`, `HueId`, `PlaceingId`, `PositionId`, `PageId`, `Cols`, `Inchs`, `PageNo`, `NewstypeId`, `Image`, `Keyword`, `Remarks`, `EntryBy`, `EntrydateTime`, `UpdateBy`, `UpdateDateTime`, `DeleteBy`, `DeleteDateTime`, `State`) VALUES
(1, 1, 338, NULL, 214, '1-2', 'Caption 2', '6', 1, 5, 12, 25, 1, 2, 1, NULL, 'adinfo_76152017-01-23_1485152617.png', '0', '0', 1, '2017-10-31 05:50:33', NULL, NULL, NULL, NULL, 1),
(2, 2, 337, NULL, 213, '1-1', 'Caption 1', '5', 1, 5, 12, 27, 1, 1, 17, NULL, 'adinfo_26932017-01-23_1485152024.png', '0', '0', 1, '2017-10-31 05:51:40', NULL, NULL, NULL, NULL, 1),
(3, 3, 339, NULL, 217, '2-1', 'Caption 3', '5', 1, 5, 12, 28, 1, 2, 15, NULL, 'adinfo_25902017-01-23_1485161406.jpg', '0', '0', 1, '2017-10-31 05:56:22', NULL, NULL, NULL, NULL, 1),
(4, 4, 338, NULL, 214, '1-2', 'Caption 2', '6', 2, 5, 13, 27, 1, 3, 3, NULL, 'adinfo_76152017-01-23_1485152617.png', '0', '0', 1, '2017-10-31 05:59:52', NULL, NULL, NULL, NULL, 1),
(5, 5, 339, NULL, 217, '2-1', 'Caption 3', '5', 2, 5, 15, 16, 0, 0, 74, NULL, 'adinfo_25902017-01-23_1485161406.jpg', '0', '0', 1, '2017-11-01 12:08:53', NULL, NULL, NULL, NULL, 1),
(6, 6, 338, NULL, 214, '1-2', 'Caption 2', '6', 2, 0, 13, 30, 0, 0, 1, NULL, 'adinfo_76152017-01-23_1485152617.png', '0', '0', 1, '2017-11-02 06:05:35', NULL, NULL, NULL, NULL, 1),
(7, 7, 338, NULL, 214, '1-2', 'Caption 2', '6', 1, 5, 14, 30, 1, 2, 1, NULL, 'adinfo_76152017-01-23_1485152617.png', '0', '0', 1, '2017-11-04 09:38:49', NULL, NULL, NULL, NULL, 1),
(8, 8, 338, NULL, 214, '1-2', 'Caption 2', '6', 1, 6, 13, 28, 1, 1, 1, NULL, 'adinfo_76152017-01-23_1485152617.png', '0', '0', 1, '2017-11-04 09:40:39', NULL, NULL, NULL, NULL, 1),
(9, 9, 338, NULL, 214, '1-2', 'Caption 2', '6', 2, 0, 15, 30, 1, 1, 17, NULL, 'adinfo_76152017-01-23_1485152617.png', '0', '0', 1, '2017-11-07 09:28:09', NULL, NULL, NULL, NULL, 1);

-- --------------------------------------------------------

--
-- Table structure for table `adentryreport`
--

CREATE TABLE `adentryreport` (
  `Id` int(11) NOT NULL,
  `AdentryId` int(11) DEFAULT NULL,
  `BatchId` varchar(30) COLLATE utf8_unicode_ci DEFAULT NULL,
  `MediaId` varchar(100) COLLATE utf8_unicode_ci DEFAULT NULL,
  `PublicationName` varchar(200) COLLATE utf8_unicode_ci DEFAULT NULL,
  `Date` date DEFAULT NULL,
  `ProductName` varchar(200) COLLATE utf8_unicode_ci DEFAULT NULL,
  `ProductCatName` varchar(200) COLLATE utf8_unicode_ci DEFAULT NULL,
  `BrandName` varchar(200) COLLATE utf8_unicode_ci DEFAULT NULL,
  `Caption` varchar(255) COLLATE utf8_unicode_ci DEFAULT NULL,
  `AdType` varchar(20) COLLATE utf8_unicode_ci DEFAULT NULL,
  `HueName` varchar(200) COLLATE utf8_unicode_ci DEFAULT NULL,
  `PlaceingName` varchar(200) COLLATE utf8_unicode_ci DEFAULT NULL,
  `PositionName` varchar(200) COLLATE utf8_unicode_ci DEFAULT NULL,
  `PageName` varchar(200) COLLATE utf8_unicode_ci DEFAULT NULL,
  `Cols` int(3) DEFAULT NULL,
  `Inchs` int(3) DEFAULT NULL,
  `Price` decimal(15,2) DEFAULT NULL,
  `PageNo` int(3) DEFAULT NULL,
  `NewstypeName` varchar(200) COLLATE utf8_unicode_ci DEFAULT NULL,
  `Image` varchar(50) COLLATE utf8_unicode_ci DEFAULT NULL,
  `Keyword` varchar(100) COLLATE utf8_unicode_ci DEFAULT NULL,
  `Brand` varchar(250) COLLATE utf8_unicode_ci DEFAULT NULL,
  `Subbrand` varchar(250) COLLATE utf8_unicode_ci DEFAULT NULL,
  `Company` varchar(250) COLLATE utf8_unicode_ci DEFAULT NULL,
  `Remarks` text COLLATE utf8_unicode_ci,
  `EntryBy` int(3) DEFAULT NULL,
  `EntrydateTime` datetime DEFAULT NULL,
  `UpdateBy` int(3) DEFAULT NULL,
  `UpdateDateTime` datetime DEFAULT NULL,
  `DeleteBy` int(3) DEFAULT NULL,
  `DeleteDateTime` datetime DEFAULT NULL,
  `State` tinyint(3) DEFAULT '1',
  `PublicationType` varchar(200) COLLATE utf8_unicode_ci NOT NULL,
  `PublicationPlace` varchar(100) COLLATE utf8_unicode_ci NOT NULL,
  `PublicationFreq` varchar(50) COLLATE utf8_unicode_ci NOT NULL,
  `PublicationLan` varchar(50) COLLATE utf8_unicode_ci NOT NULL,
  `Adtheme` varchar(200) COLLATE utf8_unicode_ci NOT NULL,
  `ColsInchs` varchar(100) COLLATE utf8_unicode_ci NOT NULL,
  `Cost` varchar(100) COLLATE utf8_unicode_ci NOT NULL
) ENGINE=InnoDB DEFAULT CHARSET=utf8 COLLATE=utf8_unicode_ci;

--
-- Dumping data for table `adentryreport`
--

INSERT INTO `adentryreport` (`Id`, `AdentryId`, `BatchId`, `MediaId`, `PublicationName`, `Date`, `ProductName`, `ProductCatName`, `BrandName`, `Caption`, `AdType`, `HueName`, `PlaceingName`, `PositionName`, `PageName`, `Cols`, `Inchs`, `Price`, `PageNo`, `NewstypeName`, `Image`, `Keyword`, `Brand`, `Subbrand`, `Company`, `Remarks`, `EntryBy`, `EntrydateTime`, `UpdateBy`, `UpdateDateTime`, `DeleteBy`, `DeleteDateTime`, `State`, `PublicationType`, `PublicationPlace`, `PublicationFreq`, `PublicationLan`, `Adtheme`, `ColsInchs`, `Cost`) VALUES
(1, 1, '1', 'Prothom Aloo', 'Rosh Alo', '2017-10-31', 'Product category 2', 'Product 2', NULL, 'Caption 2', 'Government', 'red', 'Horizontal', 'Upper Full', 'Trade & Market', 1, 2, '0.00', 1, NULL, NULL, NULL, 'Brand  2', 'Sub-Brand 2', 'Company 2', NULL, 1, '2017-10-31 05:50:33', NULL, NULL, NULL, NULL, 1, 'Supplementary', 'Dhaka', 'Weekly', 'Bangla', 'Theme', '', ''),
(2, 2, '2', 'Prothom Aloo', 'Rosh Alo', '2017-10-31', 'Product category 1', 'Product 1', NULL, 'Caption 1', 'Private', 'red', 'Horizontal', 'Upper Full', 'Back Inside Cover', 1, 1, '0.00', 17, NULL, NULL, NULL, 'Brand 1', 'Sub-Brand 1 ', 'Company 1', NULL, 1, '2017-10-31 05:51:40', NULL, NULL, NULL, NULL, 1, 'Supplementary', 'Dhaka', 'Weekly', 'Bangla', 'Theme', '', ''),
(3, 3, '3', 'Bangladesh Pratidin', 'General', '2017-10-31', 'Product category 3', 'Product 3', NULL, 'Caption 3', 'Private', 'red', 'Horizontal', 'Upper Full', 'Front Inside Cover', 1, 2, '0.00', 15, NULL, NULL, NULL, 'Brand 5', 'Sub-Brand 5', 'Company 5', NULL, 1, '2017-10-31 05:56:22', NULL, NULL, NULL, NULL, 1, 'Newspaper ', 'Dhaka', 'Daily', 'Bangla', 'theme', '', ''),
(4, 4, '4', 'Prothom Aloo', 'Rosh Alo', '2017-10-31', 'Product category 2', 'Product 2', NULL, 'Caption 2', 'Government', 'black', 'Horizontal', 'Upper Right ', 'Back Inside Cover', 1, 3, '0.00', 3, NULL, NULL, NULL, 'Brand  2', 'Sub-Brand 2', 'Company 2', NULL, 1, '2017-10-31 05:59:52', NULL, NULL, NULL, NULL, 1, 'Supplementary', 'Dhaka', 'Weekly', 'Bangla', 'Theme', '', ''),
(5, 5, '5', 'Jugantor', 'General', '2017-11-01', 'Product  3', 'Product category 3', NULL, 'Caption 3', 'Private', 'black', 'Horizontal', 'Middle Full', 'Back Page', 0, 0, '0.00', 74, NULL, NULL, NULL, 'Brand 5', 'Sub-Brand 5', 'Company 5', NULL, 1, '2017-11-01 12:08:53', NULL, NULL, NULL, NULL, 1, 'Newspaper ', 'Dhaka', 'Daily', 'Bangla', 'theme', '', ''),
(6, 6, '6', 'Samakal', 'Kaler Kheya', '2017-11-02', 'Product  2', 'Product category 2', NULL, 'Caption 2', 'Government', 'black', '1', 'Upper Right ', 'Folding Page', 0, 0, '0.00', 1, NULL, NULL, NULL, 'Brand  2', 'Sub-Brand 2', 'Company 2', NULL, 1, '2017-11-02 06:05:35', NULL, NULL, NULL, NULL, 1, 'Supplementary', 'Dhaka', 'Weekly', 'Bangla', 'Theme', '', ''),
(7, 7, '7', 'Prothom Aloo', 'Rosh Alo', '2017-11-04', 'Product  2', 'Product category 2', NULL, 'Caption 2', 'Government', 'red', 'Horizontal', 'Upper Left ', 'Folding Page', 1, 2, '0.00', 1, NULL, NULL, NULL, 'Brand  2', 'Sub-Brand 2', 'Company 2', NULL, 1, '2017-11-04 09:38:49', NULL, NULL, NULL, NULL, 1, 'Supplementary', 'Dhaka', 'Weekly', 'Bangla', 'Theme', '', ''),
(8, 8, '8', 'Ittefaq', 'Korcha', '2017-11-04', 'Product  2', 'Product category 2', NULL, 'Caption 2', 'Government', 'red', 'Vertica', 'Upper Right ', 'Front Inside Cover', 1, 1, '0.00', 1, NULL, NULL, NULL, 'Brand  2', 'Sub-Brand 2', 'Company 2', NULL, 1, '2017-11-04 09:40:39', NULL, NULL, NULL, NULL, 1, 'Supplementary', 'Dhaka', 'Weekly', 'Bangla', 'Theme', '', ''),
(9, 9, '9', 'Prothom Aloo', 'Rosh Alo', '2017-11-07', 'Product category 2', NULL, NULL, 'Caption 2', 'Government', 'black', '1', 'Middle Full', 'Folding Page', 1, 1, '0.00', 17, NULL, NULL, NULL, 'Brand  2', 'Sub-Brand 2', 'Company 2', NULL, 1, '2017-11-07 09:28:09', NULL, NULL, NULL, NULL, 1, 'Supplementary', 'Dhaka', 'Weekly', 'Bangla', 'Theme', '', '');

-- --------------------------------------------------------

--
-- Table structure for table `adinfo`
--

CREATE TABLE `adinfo` (
  `Id` int(11) NOT NULL,
  `AD_ID` varchar(50) COLLATE utf8_unicode_ci DEFAULT NULL,
  `Title` varchar(250) COLLATE utf8_unicode_ci DEFAULT NULL,
  `BrandId` int(11) DEFAULT NULL,
  `SubBrandId` int(11) DEFAULT NULL,
  `CompanyId` int(11) DEFAULT NULL,
  `Notes` text COLLATE utf8_unicode_ci,
  `Image` varchar(200) COLLATE utf8_unicode_ci DEFAULT NULL,
  `ProductId` int(11) DEFAULT NULL,
  `AtypeId` varchar(200) COLLATE utf8_unicode_ci DEFAULT NULL,
  `AdTheme` varchar(200) COLLATE utf8_unicode_ci DEFAULT NULL,
  `EntryBy` int(11) DEFAULT NULL,
  `EntryDateTime` datetime DEFAULT NULL,
  `UpdateBy` int(11) DEFAULT NULL,
  `UpdateTime` datetime DEFAULT NULL,
  `DeleteBy` int(11) DEFAULT NULL,
  `DeleteDateTime` datetime DEFAULT NULL,
  `State` tinyint(3) DEFAULT '1'
) ENGINE=InnoDB DEFAULT CHARSET=utf8 COLLATE=utf8_unicode_ci;

--
-- Dumping data for table `adinfo`
--

INSERT INTO `adinfo` (`Id`, `AD_ID`, `Title`, `BrandId`, `SubBrandId`, `CompanyId`, `Notes`, `Image`, `ProductId`, `AtypeId`, `AdTheme`, `EntryBy`, `EntryDateTime`, `UpdateBy`, `UpdateTime`, `DeleteBy`, `DeleteDateTime`, `State`) VALUES
(321, '1-1', 'Caption 1', 323, 440, 213, 'Note 1', 'adinfo_26932017-01-23_1485152024.png', 337, '5', 'Theme', 1, '2017-01-23 07:13:49', NULL, NULL, NULL, NULL, 1),
(322, '1-2', 'Caption 2', 324, 441, 214, 'Note 2', 'adinfo_76152017-01-23_1485152617.png', 338, '6', 'Theme', 1, '2017-01-23 07:23:42', NULL, NULL, NULL, NULL, 1),
(323, '2-1', 'Caption 3', 327, 444, 217, 'Note 5', 'adinfo_25902017-01-23_1485161406.jpg', 339, '5', 'theme', 1, '2017-01-23 09:50:11', NULL, NULL, NULL, NULL, 1),
(324, '3-1', 'Caption 10', 327, 444, 217, 'Note a', 'adinfo_37362017-01-23_1485161503.jpg', 340, '5', 'theme z', 1, '2017-01-23 09:51:48', NULL, NULL, NULL, NULL, 1);

-- --------------------------------------------------------

--
-- Table structure for table `brand`
--

CREATE TABLE `brand` (
  `Id` int(11) NOT NULL,
  `Name` varchar(50) COLLATE utf8_unicode_ci DEFAULT NULL,
  `CompanyId` int(11) DEFAULT NULL,
  `Description` text COLLATE utf8_unicode_ci,
  `SubBrandId` int(11) DEFAULT NULL,
  `EntryBy` int(11) DEFAULT NULL,
  `EntryDateTime` datetime DEFAULT NULL,
  `UpdateBy` int(11) DEFAULT NULL,
  `UpdateTime` datetime DEFAULT NULL,
  `DeleteBy` int(11) DEFAULT NULL,
  `DeleteDateTime` datetime DEFAULT NULL,
  `State` tinyint(3) DEFAULT '1'
) ENGINE=InnoDB DEFAULT CHARSET=utf8 COLLATE=utf8_unicode_ci;

--
-- Dumping data for table `brand`
--

INSERT INTO `brand` (`Id`, `Name`, `CompanyId`, `Description`, `SubBrandId`, `EntryBy`, `EntryDateTime`, `UpdateBy`, `UpdateTime`, `DeleteBy`, `DeleteDateTime`, `State`) VALUES
(307, 'Bkash', 201, '', NULL, 1, '2017-04-10 10:11:23', NULL, NULL, NULL, NULL, 1),
(308, 'LG', 202, '', NULL, 1, '2017-04-10 10:37:28', NULL, NULL, NULL, NULL, 1),
(309, 'Airtel', 204, '', NULL, 1, '2017-04-10 14:18:11', NULL, NULL, NULL, NULL, 1),
(310, 'AIUB', 205, '', NULL, 1, '2017-04-10 14:25:43', NULL, NULL, NULL, NULL, 1),
(311, 'Tourino', 206, '', NULL, 1, '2017-04-10 14:38:18', NULL, NULL, NULL, NULL, 1),
(312, 'Asset Developments', 583, '', NULL, 1, '2017-04-10 15:13:24', 1, '2017-08-05 11:27:29', NULL, NULL, 1),
(313, 'Altech', 208, '', NULL, 1, '2017-04-10 15:29:44', NULL, NULL, NULL, NULL, 1),
(314, 'FedEx Express', 209, '', NULL, 1, '2017-04-10 15:35:08', NULL, NULL, NULL, NULL, 1),
(315, 'DFBL', 339, '', NULL, 1, '2017-04-10 15:41:00', 1, '2017-05-15 09:05:38', NULL, NULL, 1),
(316, 'Bank Asia', 211, '', NULL, 1, '2017-04-10 15:46:37', NULL, NULL, NULL, NULL, 1),
(317, 'Brac University', 212, '', NULL, 1, '2017-04-10 15:59:11', NULL, NULL, NULL, NULL, 1),
(318, 'Dekko', 214, '', NULL, 1, '2017-04-10 16:06:34', NULL, NULL, NULL, NULL, 1),
(319, 'Desh Tank', 215, '', NULL, 1, '2017-04-10 16:11:12', NULL, NULL, NULL, NULL, 1),
(320, 'NRB Global Bank', 216, '', NULL, 1, '2017-04-11 07:36:04', NULL, NULL, NULL, NULL, 1),
(321, 'Muskan', 158, '', NULL, 1, '2017-04-11 08:38:59', 1, '2017-08-26 12:30:42', NULL, NULL, 1),
(322, 'Pubali Bank', 219, '', NULL, 1, '2017-04-11 08:51:33', NULL, NULL, NULL, NULL, 1),
(323, 'Ghani', 220, '', NULL, 1, '2017-04-11 09:10:56', NULL, NULL, NULL, NULL, 1),
(324, 'Nova', 221, '', NULL, 1, '2017-04-11 10:26:27', NULL, NULL, NULL, NULL, 1),
(326, 'Mustafa', 223, '', NULL, 1, '2017-04-11 10:51:31', NULL, NULL, NULL, NULL, 1),
(327, 'CCTV Solution', 224, '', NULL, 1, '2017-04-11 11:12:03', NULL, NULL, NULL, NULL, 1),
(328, 'Pocha', 225, '', NULL, 1, '2017-04-11 11:33:20', NULL, NULL, NULL, NULL, 1),
(329, 'Jamuna Bank', 226, '', NULL, 1, '2017-04-11 11:42:40', NULL, NULL, NULL, NULL, 1),
(330, 'Amrita', 227, '', NULL, 1, '2017-04-12 07:11:16', NULL, NULL, NULL, NULL, 1),
(331, 'Amber', 228, '', NULL, 1, '2017-04-12 07:22:32', NULL, NULL, NULL, NULL, 1),
(332, 'Legato', 229, '', NULL, 1, '2017-04-12 07:29:36', NULL, NULL, NULL, NULL, 1),
(333, 'Bti', 230, '', NULL, 1, '2017-04-12 07:52:21', NULL, NULL, NULL, NULL, 1),
(334, 'Shah Cement', 231, '', NULL, 1, '2017-04-12 08:10:33', NULL, NULL, NULL, NULL, 1),
(335, 'Fast Wash', 232, '', NULL, 1, '2017-04-12 08:34:56', NULL, NULL, NULL, NULL, 1),
(336, 'Eastland Insurance', 234, '', NULL, 1, '2017-04-12 09:16:57', NULL, NULL, NULL, NULL, 1),
(337, 'United Finance', 235, '', NULL, 1, '2017-04-12 09:22:31', NULL, NULL, NULL, NULL, 1),
(339, 'GSP Finance', 237, '', NULL, 1, '2017-04-12 09:43:07', NULL, NULL, NULL, NULL, 1),
(340, 'Meridian Finance', 238, '', NULL, 1, '2017-04-12 10:21:09', NULL, NULL, NULL, NULL, 1),
(341, 'BD Finance', 239, '', NULL, 1, '2017-04-12 10:28:33', NULL, NULL, NULL, NULL, 1),
(342, 'BRAC EPL', 240, '', NULL, 1, '2017-04-12 10:37:29', NULL, NULL, NULL, NULL, 1),
(343, 'First Finance', 241, '', NULL, 1, '2017-04-12 10:50:29', NULL, NULL, NULL, NULL, 1),
(344, 'Prime Bank Investment', 242, '', NULL, 1, '2017-04-12 11:17:11', NULL, NULL, NULL, NULL, 1),
(345, 'Runner', 243, '', NULL, 1, '2017-04-12 11:49:39', 1, '2017-08-14 07:46:49', NULL, NULL, 1),
(346, 'Bangla Cat', 244, '', NULL, 1, '2017-04-12 11:54:05', NULL, NULL, NULL, NULL, 1),
(347, 'Eastern Bank', 245, '', NULL, 1, '2017-04-12 12:00:08', NULL, NULL, NULL, NULL, 1),
(348, 'Hatil', 246, '', NULL, 1, '2017-04-12 12:21:49', NULL, NULL, NULL, NULL, 1),
(350, 'Gondhraj', 132, '', NULL, 1, '2017-04-13 08:06:36', NULL, NULL, NULL, NULL, 1),
(351, 'United International University', 247, '', NULL, 1, '2017-04-13 11:15:08', NULL, NULL, NULL, NULL, 1),
(353, 'Rangs', 248, '', NULL, 1, '2017-04-15 08:19:51', NULL, NULL, NULL, NULL, 1),
(354, 'Puriva', 249, '', NULL, 1, '2017-04-15 08:33:24', NULL, NULL, NULL, NULL, 1),
(355, 'Rakeen', 250, '', NULL, 1, '2017-04-15 09:07:12', NULL, NULL, NULL, NULL, 1),
(357, 'Fantasy Kingdom', 181, '', NULL, 1, '2017-04-15 09:29:53', NULL, NULL, NULL, NULL, 1),
(359, 'Assure ', 253, '', NULL, 1, '2017-04-15 10:05:33', NULL, NULL, NULL, NULL, 1),
(360, 'ABC Real Estate', 256, '', NULL, 1, '2017-04-15 10:27:35', NULL, NULL, NULL, NULL, 1),
(361, 'Genetic', 257, '', NULL, 1, '2017-04-15 10:33:35', NULL, NULL, NULL, NULL, 1),
(362, 'Lankabangla', 258, '', NULL, 1, '2017-04-15 10:47:14', NULL, NULL, NULL, NULL, 1),
(363, 'Navana Real Estate', 259, '', NULL, 1, '2017-04-15 11:10:30', 1, '2017-04-20 06:35:11', NULL, NULL, 1),
(365, 'SEL', 255, '', NULL, 1, '2017-04-16 08:27:26', NULL, NULL, NULL, NULL, 1),
(366, 'North South University', 261, '', NULL, 1, '2017-04-16 08:38:49', NULL, NULL, NULL, NULL, 1),
(367, 'Hamdard University', 262, '', NULL, 1, '2017-04-16 09:17:30', NULL, NULL, NULL, NULL, 1),
(368, 'Primeasia University', 263, '', NULL, 1, '2017-04-16 09:23:54', NULL, NULL, NULL, NULL, 1),
(369, 'Pizza Hut', 200, '', NULL, 1, '2017-04-16 09:38:25', NULL, NULL, NULL, NULL, 1),
(370, 'Cairnhill', 260, '', NULL, 1, '2017-04-16 10:10:04', NULL, NULL, NULL, NULL, 1),
(371, 'UITS', 264, '', NULL, 1, '2017-04-16 11:31:15', NULL, NULL, NULL, NULL, 1),
(372, 'EBAUB', 265, '', NULL, 1, '2017-04-16 11:39:59', NULL, NULL, NULL, NULL, 1),
(373, 'Marcel', 56, '', NULL, 1, '2017-04-17 09:52:09', NULL, NULL, NULL, NULL, 1),
(374, 'IFIC Bank', 266, '', NULL, 1, '2017-04-17 10:56:30', NULL, NULL, NULL, NULL, 1),
(375, 'Prime Bank', 267, '', NULL, 1, '2017-04-17 11:58:29', NULL, NULL, NULL, NULL, 1),
(376, 'Coral Reef', 268, '', NULL, 1, '2017-04-18 07:30:33', NULL, NULL, NULL, NULL, 1),
(377, 'BDBL', 269, '', NULL, 1, '2017-04-18 08:14:22', NULL, NULL, NULL, NULL, 1),
(378, 'Rupali Bank', 270, '', NULL, 1, '2017-04-18 08:29:20', NULL, NULL, NULL, NULL, 1),
(379, 'Bangladesh Somobay Bank', 271, '', NULL, 1, '2017-04-18 08:34:12', NULL, NULL, NULL, NULL, 1),
(380, 'Khadim\'s', 272, '', NULL, 1, '2017-04-18 09:35:51', NULL, NULL, NULL, NULL, 1),
(381, 'Landtech Properties', 273, '', NULL, 1, '2017-04-18 09:41:57', NULL, NULL, NULL, NULL, 1),
(382, 'Anwar', 75, '', NULL, 1, '2017-04-18 09:54:04', NULL, NULL, NULL, NULL, 1),
(383, 'Green Land', 274, 'Green Land Town Development Ltd.', NULL, 1, '2017-04-18 10:21:19', 1, '2017-10-08 06:49:20', NULL, NULL, 1),
(384, 'AKS', 121, '', NULL, 1, '2017-04-18 10:54:49', NULL, NULL, NULL, NULL, 1),
(385, 'Sonali Bank', 275, '', NULL, 1, '2017-04-18 10:59:40', NULL, NULL, NULL, NULL, 1),
(386, 'Nikki', 276, '', NULL, 1, '2017-04-18 11:14:52', NULL, NULL, NULL, NULL, 1),
(387, 'Vios', 372, '', NULL, 1, '2017-04-19 10:26:28', 1, '2017-05-25 10:45:29', NULL, NULL, 1),
(389, 'New Dhaka Alliance', 278, '', NULL, 1, '2017-04-19 11:06:30', NULL, NULL, NULL, NULL, 1),
(390, 'Revera Park City', 279, '', NULL, 1, '2017-04-19 11:20:08', NULL, NULL, NULL, NULL, 1),
(391, 'Apollo Hospital', 280, '', NULL, 1, '2017-04-19 11:41:46', NULL, NULL, NULL, NULL, 1),
(392, 'Rupayan', 281, '', NULL, 1, '2017-04-20 06:51:15', NULL, NULL, NULL, NULL, 1),
(393, 'Biman Bangladesh Airlines', 282, '', NULL, 1, '2017-04-20 07:52:01', NULL, NULL, NULL, NULL, 1),
(394, 'Uttara Bank', 283, '', NULL, 1, '2017-04-20 08:15:27', NULL, NULL, NULL, NULL, 1),
(395, 'Bizli', 8, '', NULL, 1, '2017-04-20 08:19:49', NULL, NULL, NULL, NULL, 1),
(396, 'Shopnodhora', 284, '', NULL, 1, '2017-04-20 08:29:15', NULL, NULL, NULL, NULL, 1),
(397, 'Ispahani', 285, '', NULL, 1, '2017-04-20 08:38:07', NULL, NULL, NULL, NULL, 1),
(398, 'Bangladesh University', 286, '', NULL, 1, '2017-04-20 08:41:25', NULL, NULL, NULL, NULL, 1),
(399, 'DIU', 287, '', NULL, 1, '2017-04-20 09:05:56', NULL, NULL, NULL, NULL, 1),
(400, 'European University', 288, '', NULL, 1, '2017-04-20 09:11:17', NULL, NULL, NULL, NULL, 1),
(401, 'SARE', 289, '', NULL, 1, '2017-04-20 09:49:25', NULL, NULL, NULL, NULL, 1),
(402, 'Brac Bank', 201, '', NULL, 1, '2017-04-20 10:06:54', NULL, NULL, NULL, NULL, 1),
(403, 'Bangladesh Krishi Bank', 290, '', NULL, 1, '2017-04-20 11:03:24', NULL, NULL, NULL, NULL, 1),
(404, 'Islami Bank', 291, '', NULL, 1, '2017-04-20 11:49:39', NULL, NULL, NULL, NULL, 1),
(405, 'National Bank', 292, '', NULL, 1, '2017-04-20 12:13:56', NULL, NULL, NULL, NULL, 1),
(406, 'Agrani Bank', 293, '', NULL, 1, '2017-04-23 08:42:13', 1, '2017-05-08 10:55:37', NULL, NULL, 1),
(407, 'Revive', 12, '', NULL, 1, '2017-04-23 08:52:30', NULL, NULL, NULL, NULL, 1),
(409, 'Orion', 295, 'Orion Group', NULL, 1, '2017-04-23 09:36:00', 1, '2017-11-09 08:41:52', NULL, NULL, 1),
(410, 'Lotto', 296, '', NULL, 1, '2017-04-23 10:25:47', NULL, NULL, NULL, NULL, 1),
(412, 'ICB Islamic Bank', 297, '', NULL, 1, '2017-04-23 11:21:29', NULL, NULL, NULL, NULL, 1),
(415, 'Hitachi', 113, '', NULL, 1, '2017-05-07 12:16:58', NULL, NULL, NULL, NULL, 1),
(417, 'S. A. Housing Estate', 299, '', NULL, 1, '2017-05-08 08:22:05', NULL, NULL, NULL, NULL, 1),
(419, 'Vaxphoid', 300, '', NULL, 1, '2017-05-08 09:06:49', NULL, NULL, NULL, NULL, 1),
(422, 'Teletalk', 303, '', NULL, 1, '2017-05-08 09:38:29', NULL, NULL, NULL, NULL, 1),
(423, 'ASAUB', 304, '', NULL, 1, '2017-05-08 10:14:38', NULL, NULL, NULL, NULL, 1),
(424, 'AZUBA', 305, '', NULL, 1, '2017-05-08 10:27:36', NULL, NULL, NULL, NULL, 1),
(427, 'Mirpur Ceramics', 306, '', NULL, 1, '2017-05-08 11:58:41', NULL, NULL, NULL, NULL, 1),
(428, 'TVS', 307, '', NULL, 1, '2017-05-08 12:01:55', NULL, NULL, NULL, NULL, 1),
(429, 'Nirala', 132, '', NULL, 1, '2017-05-09 06:48:38', NULL, NULL, NULL, NULL, 1),
(430, 'Zelta', 337, '', NULL, 1, '2017-05-09 08:37:00', 1, '2017-08-29 07:14:15', NULL, NULL, 1),
(431, 'Goodride', 8, '', NULL, 1, '2017-05-09 08:42:27', NULL, NULL, NULL, NULL, 1),
(433, 'Dan Cake', 309, '', NULL, 1, '2017-05-09 08:58:20', NULL, NULL, NULL, NULL, 1),
(434, 'Maxpro', 310, '', NULL, 1, '2017-05-09 09:05:52', NULL, NULL, NULL, NULL, 1),
(435, 'DMCB', 311, '', NULL, 1, '2017-05-09 09:25:56', NULL, NULL, NULL, NULL, 1),
(436, 'Standard Chartered Bank', 312, '', NULL, 1, '2017-05-09 09:57:25', NULL, NULL, NULL, NULL, 1),
(437, 'Unisaline', 313, '', NULL, 1, '2017-05-09 10:26:20', NULL, NULL, NULL, NULL, 1),
(438, 'Hash marka', 132, '', NULL, 1, '2017-05-09 10:33:08', NULL, NULL, NULL, NULL, 1),
(439, 'BRB', 314, '', NULL, 1, '2017-05-09 11:03:28', NULL, NULL, NULL, NULL, 1),
(440, 'Metrocem', 315, '', NULL, 1, '2017-05-09 11:12:42', 1, '2017-05-09 11:13:44', NULL, NULL, 1),
(441, 'Hamdard', 316, '', NULL, 1, '2017-05-09 12:02:13', NULL, NULL, NULL, NULL, 1),
(442, 'HP', 159, 'Flora Ltd.', NULL, 1, '2017-05-09 12:06:27', 1, '2017-10-02 07:28:54', NULL, NULL, 1),
(443, 'Bashudha', 317, '', NULL, 1, '2017-05-09 12:13:40', NULL, NULL, NULL, NULL, 1),
(444, 'Kai Aluminium', 318, '', NULL, 1, '2017-05-10 07:57:45', NULL, NULL, NULL, NULL, 1),
(445, 'Steeltech', 319, '', NULL, 1, '2017-05-10 08:04:17', NULL, NULL, NULL, NULL, 1),
(446, 'ACI', 128, '', NULL, 1, '2017-05-10 08:23:38', NULL, NULL, NULL, NULL, 1),
(447, 'SBAC Bank', 320, '', NULL, 1, '2017-05-10 08:49:38', NULL, NULL, NULL, NULL, 1),
(449, 'Aftab', 321, '', NULL, 1, '2017-05-10 09:22:03', NULL, NULL, NULL, NULL, 1),
(450, '7 UP', 66, '', NULL, 1, '2017-05-10 09:52:09', NULL, NULL, NULL, NULL, 1),
(451, 'Montrex', 260, '', NULL, 1, '2017-05-10 10:04:16', NULL, NULL, NULL, NULL, 1),
(453, 'Coca-Cola', 322, '', NULL, 1, '2017-05-10 11:08:22', NULL, NULL, NULL, NULL, 1),
(455, 'Millat', 324, '', NULL, 1, '2017-05-10 11:51:28', NULL, NULL, NULL, NULL, 1),
(457, 'Pusti', 327, '', NULL, 1, '2017-05-11 08:38:03', NULL, NULL, NULL, NULL, 1),
(458, 'Raymond Shop', 328, '', NULL, 1, '2017-05-11 09:08:53', NULL, NULL, NULL, NULL, 1),
(459, 'Deshi Bazar', 165, '', NULL, 1, '2017-05-11 09:13:55', NULL, NULL, NULL, NULL, 1),
(461, 'Otobi', 329, '', NULL, 1, '2017-05-11 10:22:53', NULL, NULL, NULL, NULL, 1),
(462, 'SSRM', 330, '', NULL, 1, '2017-05-11 10:28:13', NULL, NULL, NULL, NULL, 1),
(463, 'SESA', 331, '', NULL, 1, '2017-05-11 10:51:13', NULL, NULL, NULL, NULL, 1),
(464, 'Living Plus', 332, '', NULL, 1, '2017-05-13 11:33:35', NULL, NULL, NULL, NULL, 1),
(465, 'Mahindra', 333, '', NULL, 1, '2017-05-14 10:06:34', NULL, NULL, NULL, NULL, 1),
(466, 'Emcon', 310, '', NULL, 1, '2017-05-14 10:11:06', NULL, NULL, NULL, NULL, 1),
(467, 'Bangladesh Bank', 334, '', NULL, 1, '2017-05-14 10:11:58', NULL, NULL, NULL, NULL, 1),
(469, 'Ashok Leyland', 336, '', NULL, 1, '2017-05-14 10:37:26', NULL, NULL, NULL, NULL, 1),
(470, 'Fresh', 380, 'Meghna Group Of Industries', NULL, 1, '2017-05-14 11:05:21', 1, '2017-10-10 08:03:27', NULL, NULL, 1),
(472, 'AB Bank', 338, '', NULL, 1, '2017-05-14 12:10:49', NULL, NULL, NULL, NULL, 1),
(473, 'Today', 340, '', NULL, 1, '2017-05-15 09:45:29', NULL, NULL, NULL, NULL, 1),
(474, 'Hi-Tech', 341, '', NULL, 1, '2017-05-15 09:51:38', NULL, NULL, NULL, NULL, 1),
(475, 'Basic Bank', 342, '', NULL, 1, '2017-05-15 10:23:04', NULL, NULL, NULL, NULL, 1),
(476, 'Standard Bank', 343, '', NULL, 1, '2017-05-15 10:35:54', NULL, NULL, NULL, NULL, 1),
(477, 'Mercantile Bank', 344, '', NULL, 1, '2017-05-15 10:44:28', NULL, NULL, NULL, NULL, 1),
(479, 'Norpill', 11, '', NULL, 1, '2017-05-15 11:13:31', NULL, NULL, NULL, NULL, 1),
(480, 'NPL', 346, '', NULL, 1, '2017-05-15 11:51:41', NULL, NULL, NULL, NULL, 1),
(481, 'Property', 8, '', NULL, 1, '2017-05-15 12:19:20', NULL, NULL, NULL, NULL, 1),
(482, 'Meghna Bank', 347, '', NULL, 1, '2017-05-16 07:21:39', NULL, NULL, NULL, NULL, 1),
(484, 'BSRM', 210, '', NULL, 1, '2017-05-16 07:29:37', NULL, NULL, NULL, NULL, 1),
(486, 'Zero Calorie', 12, '', NULL, 1, '2017-05-16 07:58:19', NULL, NULL, NULL, NULL, 1),
(488, 'Rubavax-M', 300, '', NULL, 1, '2017-05-16 08:15:27', NULL, NULL, NULL, NULL, 1),
(489, 'Prime University', 349, '', NULL, 1, '2017-05-16 09:04:27', NULL, NULL, NULL, NULL, 1),
(490, 'Lenovo', 159, '', NULL, 1, '2017-05-16 10:00:31', 1, '2017-07-25 09:30:34', NULL, NULL, 1),
(491, 'Sony', 248, '', NULL, 1, '2017-05-16 10:17:47', NULL, NULL, NULL, NULL, 1),
(492, 'State University ', 350, '', NULL, 1, '2017-05-16 10:22:31', NULL, NULL, NULL, NULL, 1),
(493, 'Whirlpool', 351, '', NULL, 1, '2017-05-16 11:05:44', NULL, NULL, NULL, NULL, 1),
(495, 'Mercedes-Benz', 91, '', NULL, 1, '2017-05-16 11:35:53', NULL, NULL, NULL, NULL, 1),
(498, 'Shahjalal Islami Bank', 353, '', NULL, 1, '2017-05-17 08:12:50', NULL, NULL, NULL, NULL, 1),
(500, 'Sinrose', 313, '', NULL, 1, '2017-05-17 08:35:57', NULL, NULL, NULL, NULL, 1),
(501, 'ATASHII', 354, '', NULL, 1, '2017-05-17 10:00:12', NULL, NULL, NULL, NULL, 1),
(502, 'Midland Bank', 355, '', NULL, 1, '2017-05-17 10:06:51', NULL, NULL, NULL, NULL, 1),
(503, 'Nachura', 356, '', NULL, 1, '2017-05-17 10:25:58', NULL, NULL, NULL, NULL, 1),
(504, 'Atlas Zongshen', 357, '', NULL, 1, '2017-05-17 12:07:31', NULL, NULL, NULL, NULL, 1),
(505, 'Epson', 159, '', NULL, 1, '2017-05-17 12:26:18', NULL, NULL, NULL, NULL, 1),
(507, 'HKG', 358, 'HKG Steel Mils Ltd.', NULL, 1, '2017-05-18 08:15:06', 1, '2017-10-09 11:33:56', NULL, NULL, 1),
(510, 'Comprehensive holdings', 360, '', NULL, 1, '2017-05-18 08:56:54', NULL, NULL, NULL, NULL, 1),
(511, 'Renata', 310, '', NULL, 1, '2017-05-18 10:05:40', NULL, NULL, NULL, NULL, 1),
(512, 'Seven Rings Cement', 362, '', NULL, 1, '2017-05-18 11:04:19', 1, '2017-05-31 06:30:59', NULL, NULL, 1),
(513, 'Supermom', 12, '', NULL, 1, '2017-05-18 11:31:25', NULL, NULL, NULL, NULL, 1),
(514, 'NCC Bank', 363, '', NULL, 1, '2017-05-18 11:49:10', NULL, NULL, NULL, NULL, 1),
(515, 'Woori Bank', 364, '', NULL, 1, '2017-05-20 10:08:00', NULL, NULL, NULL, NULL, 1),
(516, 'GPL', 365, '', NULL, 1, '2017-05-20 10:11:55', NULL, NULL, NULL, NULL, 1),
(517, 'MoneyGram', 366, '', NULL, 1, '2017-05-20 10:32:54', 1, '2017-06-17 11:28:00', NULL, NULL, 1),
(518, 'Emami', 101, '', NULL, 1, '2017-05-20 10:52:40', NULL, NULL, NULL, NULL, 1),
(521, 'Mama Noodles', 367, '', NULL, 1, '2017-05-20 11:44:27', NULL, NULL, NULL, NULL, 1),
(523, 'DBL Ceramics', 368, '', NULL, 1, '2017-05-21 07:52:25', NULL, NULL, NULL, NULL, 1),
(524, 'Pertex Builders', 369, '', NULL, 1, '2017-05-21 07:54:46', NULL, NULL, NULL, NULL, 1),
(528, 'Toyota', 372, '', NULL, 1, '2017-05-21 10:23:12', NULL, NULL, NULL, NULL, 1),
(529, 'Comfy', 8, '', NULL, 1, '2017-05-21 10:53:46', NULL, NULL, NULL, NULL, 1),
(531, 'Sensodyne', 373, '', NULL, 1, '2017-05-21 12:00:52', NULL, NULL, NULL, NULL, 1),
(532, 'Unitech', 378, '', NULL, 1, '2017-05-22 05:55:51', NULL, NULL, NULL, NULL, 1),
(533, 'Maountain Dew', 379, '', NULL, 1, '2017-05-22 06:12:32', NULL, NULL, NULL, NULL, 1),
(534, 'Heli', 44, '', NULL, 1, '2017-05-22 06:34:05', NULL, NULL, NULL, NULL, 1),
(536, 'Foton', 8, '', NULL, 1, '2017-05-22 07:04:49', NULL, NULL, NULL, NULL, 1),
(539, 'Verbatim', 159, '', NULL, 1, '2017-05-22 08:21:50', NULL, NULL, NULL, NULL, 1),
(540, 'Xiaomi', 586, '', NULL, 1, '2017-05-22 08:22:46', 1, '2017-08-09 07:27:51', NULL, NULL, 1),
(541, 'Tango', 8, '', NULL, 1, '2017-05-22 09:12:17', NULL, NULL, NULL, NULL, 1),
(542, 'Assurance', 382, '', NULL, 1, '2017-05-22 11:28:55', NULL, NULL, NULL, NULL, 1),
(543, 'Fresco', 8, '', NULL, 1, '2017-05-22 11:40:08', NULL, NULL, NULL, NULL, 1),
(544, 'Safemet', 8, '', NULL, 1, '2017-05-22 11:45:19', NULL, NULL, NULL, NULL, 1),
(545, 'Aman Cem', 383, '', NULL, 1, '2017-05-22 11:55:20', NULL, NULL, NULL, NULL, 1),
(546, 'Nutri-C', 384, '', NULL, 1, '2017-05-23 07:06:07', NULL, NULL, NULL, NULL, 1),
(547, 'Modhumoti Bank', 385, '', NULL, 1, '2017-05-23 07:25:51', NULL, NULL, NULL, NULL, 1),
(548, 'Bactrol', 232, '', NULL, 1, '2017-05-23 07:48:54', NULL, NULL, NULL, NULL, 1),
(549, 'KSRM', 386, '', NULL, 1, '2017-05-23 08:24:30', NULL, NULL, NULL, NULL, 1),
(551, 'DBH', 387, '', NULL, 1, '2017-05-23 09:17:11', NULL, NULL, NULL, NULL, 1),
(554, 'Infinity', 389, '', NULL, 1, '2017-05-24 06:41:19', NULL, NULL, NULL, NULL, 1),
(555, 'IDLC', 390, '', NULL, 1, '2017-05-24 07:06:51', NULL, NULL, NULL, NULL, 1),
(556, 'Tiger', 8, '', NULL, 1, '2017-05-24 07:54:43', NULL, NULL, NULL, NULL, 1),
(557, 'White Sand', 391, '', NULL, 1, '2017-05-24 08:04:29', NULL, NULL, NULL, NULL, 1),
(558, 'Union consumer', 392, '', NULL, 1, '2017-05-24 08:31:43', NULL, NULL, NULL, NULL, 1),
(559, 'Flowguard Plus', 8, '', NULL, 1, '2017-05-24 08:53:00', NULL, NULL, NULL, NULL, 1),
(560, 'Maxxis', 393, '', NULL, 1, '2017-05-24 08:58:04', NULL, NULL, NULL, NULL, 1),
(561, 'Olitalia', 394, '', NULL, 1, '2017-05-24 09:14:39', NULL, NULL, NULL, NULL, 1),
(563, 'BDG', 596, '', NULL, 1, '2017-05-24 09:16:50', 1, '2017-08-16 09:27:29', NULL, NULL, 1),
(564, 'Winner ', 8, '', NULL, 1, '2017-05-24 09:27:13', 1, '2017-05-24 09:30:18', NULL, NULL, 1),
(565, 'Crescent', 396, '', NULL, 1, '2017-05-24 09:59:56', 1, '2017-05-24 10:00:20', NULL, NULL, 1),
(566, 'Black Horse', 397, '', NULL, 1, '2017-05-24 10:35:55', NULL, NULL, NULL, NULL, 1),
(567, 'Roohafza', 316, '', NULL, 1, '2017-05-24 11:03:34', NULL, NULL, NULL, NULL, 1),
(568, 'JCB', 44, '', NULL, 1, '2017-05-24 11:07:57', NULL, NULL, NULL, NULL, 1),
(569, 'NRB Bank', 398, '', NULL, 1, '2017-05-25 09:27:25', NULL, NULL, NULL, NULL, 1),
(570, 'Apex', 399, '', NULL, 1, '2017-05-25 09:52:20', NULL, NULL, NULL, NULL, 1),
(571, 'Green Delta Insurance', 400, '', NULL, 1, '2017-05-25 09:56:09', NULL, NULL, NULL, NULL, 1),
(572, 'EHL', 401, '', NULL, 1, '2017-05-25 10:37:41', NULL, NULL, NULL, NULL, 1),
(573, 'Prince Bazar', 402, '', NULL, 1, '2017-05-28 10:41:32', NULL, NULL, NULL, NULL, 1),
(575, 'Akhtar Furnishers', 403, '', NULL, 1, '2017-05-28 10:54:34', NULL, NULL, NULL, NULL, 1),
(576, 'Laugfs gas', 404, '', NULL, 1, '2017-05-28 10:59:03', NULL, NULL, NULL, NULL, 1),
(577, 'Malaysia pulm oil', 405, '', NULL, 1, '2017-05-29 08:35:10', NULL, NULL, NULL, NULL, 1),
(578, 'Honda', 406, '', NULL, 1, '2017-05-29 10:24:52', NULL, NULL, NULL, NULL, 1),
(579, 'Aquafina', 379, '', NULL, 1, '2017-05-29 11:21:22', NULL, NULL, NULL, NULL, 1),
(580, 'Meena Bazar', 407, '', NULL, 1, '2017-05-29 11:26:50', 1, '2017-10-01 06:41:51', NULL, NULL, 1),
(582, 'Trendy', 8, '', NULL, 1, '2017-05-30 08:05:38', NULL, NULL, NULL, NULL, 1),
(583, 'Roadmaster', 409, '', NULL, 1, '2017-05-30 09:10:17', NULL, NULL, NULL, NULL, 1),
(584, 'KK', 410, '', NULL, 1, '2017-05-30 09:12:23', 1, '2017-10-07 09:10:58', NULL, NULL, 1),
(585, 'Brothers Furniture', 411, '', NULL, 1, '2017-05-30 09:26:07', NULL, NULL, NULL, NULL, 1),
(586, 'Yaris', 372, '', NULL, 1, '2017-05-30 10:45:47', NULL, NULL, NULL, NULL, 1),
(587, 'Ranks', 412, '', NULL, 1, '2017-05-30 11:13:52', NULL, NULL, NULL, NULL, 1),
(588, 'Center Fresh', 413, '', NULL, 1, '2017-05-31 07:24:19', NULL, NULL, NULL, NULL, 1),
(589, 'Konka', 345, '', NULL, 1, '2017-05-31 08:00:20', NULL, NULL, NULL, NULL, 1),
(590, 'Golden', 414, 'Golden Ispat Ltd.', NULL, 1, '2017-05-31 08:22:00', 1, '2017-10-09 11:20:15', NULL, NULL, 1),
(591, 'Toshin', 371, '', NULL, 1, '2017-05-31 08:26:49', NULL, NULL, NULL, NULL, 1),
(592, 'Poly Cables', 415, '', NULL, 1, '2017-05-31 08:39:32', NULL, NULL, NULL, NULL, 1),
(593, 'Havells', 416, '', NULL, 1, '2017-05-31 08:45:46', NULL, NULL, NULL, NULL, 1),
(594, 'Lexus', 417, '', NULL, 1, '2017-05-31 08:55:12', 1, '2017-08-23 09:12:16', NULL, NULL, 1),
(596, 'Keya', 418, 'Keya Cosmetics Ltd.', NULL, 1, '2017-05-31 09:09:47', 1, '2017-10-12 10:03:32', NULL, NULL, 1),
(597, 'FBL', 419, '', NULL, 1, '2017-05-31 09:17:11', NULL, NULL, NULL, NULL, 1),
(598, 'Dettol', 463, '', NULL, 1, '2017-05-31 09:41:24', 1, '2017-07-20 07:56:46', NULL, NULL, 1),
(599, 'Bata', 421, '', NULL, 1, '2017-06-01 06:14:09', NULL, NULL, NULL, NULL, 1),
(600, 'Milk Vita', 422, '', NULL, 1, '2017-06-01 08:31:37', NULL, NULL, NULL, NULL, 1),
(601, 'Keeway', 423, '', NULL, 1, '2017-06-01 10:15:21', NULL, NULL, NULL, NULL, 1),
(602, 'Babar', 424, '', NULL, 1, '2017-06-01 10:38:53', NULL, NULL, NULL, NULL, 1),
(603, 'First Choice', 425, '', NULL, 1, '2017-06-03 10:20:09', NULL, NULL, NULL, NULL, 1),
(604, 'B.Tech Expert', 426, '', NULL, 1, '2017-06-03 10:27:05', NULL, NULL, NULL, NULL, 1),
(605, 'Jasmin', 427, '', NULL, 1, '2017-06-03 10:34:30', NULL, NULL, NULL, NULL, 1),
(606, 'ACME', 428, '', NULL, 1, '2017-06-03 10:48:30', NULL, NULL, NULL, NULL, 1),
(607, 'Freedom', 128, '', NULL, 1, '2017-06-03 10:52:39', 1, '2017-06-07 11:35:09', NULL, NULL, 1),
(609, 'Uro ', 429, '', NULL, 1, '2017-06-04 09:39:00', NULL, NULL, NULL, NULL, 1),
(610, 'Brush Up', 430, '', NULL, 1, '2017-06-04 09:46:17', NULL, NULL, NULL, NULL, 1),
(611, 'BEST\'S', 431, '', NULL, 1, '2017-06-04 09:51:49', NULL, NULL, NULL, NULL, 1),
(612, 'Haval', 432, '', NULL, 1, '2017-06-04 10:07:43', NULL, NULL, NULL, NULL, 1),
(613, 'Shanta', 433, '', NULL, 1, '2017-06-04 10:13:21', NULL, NULL, NULL, NULL, 1),
(615, 'Neocare', 300, '', NULL, 1, '2017-06-04 10:40:48', NULL, NULL, NULL, NULL, 1),
(616, 'Danish', 435, '', NULL, 1, '2017-06-04 10:47:00', NULL, NULL, NULL, NULL, 1),
(617, 'Grow Up', 436, '', NULL, 1, '2017-06-04 10:50:50', NULL, NULL, NULL, NULL, 1),
(618, 'Trust Bank', 437, '', NULL, 1, '2017-06-04 10:54:54', NULL, NULL, NULL, NULL, 1),
(619, 'Kishwan', 438, '', NULL, 1, '2017-06-04 11:02:25', NULL, NULL, NULL, NULL, 1),
(620, 'Seylon', 439, '', NULL, 1, '2017-06-04 11:21:47', NULL, NULL, NULL, NULL, 1),
(621, 'Eggy', 440, '', NULL, 1, '2017-06-05 06:12:07', NULL, NULL, NULL, NULL, 1),
(623, 'UNV', 442, '', NULL, 1, '2017-06-05 06:48:46', NULL, NULL, NULL, NULL, 1),
(624, 'Transcend', 443, '', NULL, 1, '2017-06-05 07:02:58', NULL, NULL, NULL, NULL, 1),
(625, 'Profom', 444, '', NULL, 1, '2017-06-05 07:06:44', NULL, NULL, NULL, NULL, 1),
(626, 'RAPOO', 551, '', NULL, 1, '2017-06-05 07:27:36', 1, '2017-08-03 08:37:50', NULL, NULL, 1),
(627, 'Toto Link', 551, '', NULL, 1, '2017-06-05 07:31:11', 1, '2017-08-03 08:39:42', NULL, NULL, 1),
(628, 'Avira', 446, '', NULL, 1, '2017-06-05 07:36:28', NULL, NULL, NULL, NULL, 1),
(629, 'Aorus', 446, '', NULL, 1, '2017-06-05 07:45:33', NULL, NULL, NULL, NULL, 1),
(630, 'Radiant', 447, '', NULL, 1, '2017-06-05 07:47:47', NULL, NULL, NULL, NULL, 1),
(632, 'Msi', 448, '', NULL, 1, '2017-06-05 07:59:48', NULL, NULL, NULL, NULL, 1),
(635, 'Incepta', 300, '', NULL, 1, '2017-06-05 08:39:29', NULL, NULL, NULL, NULL, 1),
(636, 'Siraj tire ', 450, '', NULL, 1, '2017-06-05 09:25:05', NULL, NULL, NULL, NULL, 1),
(637, 'Bay', 451, '', NULL, 1, '2017-06-05 09:25:26', NULL, NULL, NULL, NULL, 1),
(641, 'Bengal', 452, '', NULL, 1, '2017-06-05 10:52:59', NULL, NULL, NULL, NULL, 1),
(644, 'Shezan', 167, '', NULL, 1, '2017-06-08 09:28:48', NULL, NULL, NULL, NULL, 1),
(645, 'Transtec', 66, '', NULL, 1, '2017-06-08 09:54:05', NULL, NULL, NULL, NULL, 1),
(646, 'Nadia ', 453, '', NULL, 1, '2017-06-08 10:01:46', NULL, NULL, NULL, NULL, 1),
(648, 'East West Media', 34, '', NULL, 1, '2017-06-10 07:41:56', NULL, NULL, NULL, NULL, 1),
(653, 'Bisleri', 454, '', NULL, 1, '2017-06-10 11:17:28', NULL, NULL, NULL, NULL, 1),
(654, 'Kumarika', 455, '', NULL, 1, '2017-06-11 07:03:09', NULL, NULL, NULL, NULL, 1),
(655, 'ANZ', 456, '', NULL, 1, '2017-06-11 07:11:35', NULL, NULL, NULL, NULL, 1),
(656, 'Habib', 457, '', NULL, 1, '2017-06-11 07:23:02', 1, '2017-10-01 08:42:00', NULL, NULL, 1),
(657, 'Labaid', 458, '', NULL, 1, '2017-06-11 07:34:39', NULL, NULL, NULL, NULL, 1),
(658, 'Nolen Gur Ice-cream', 459, '', NULL, 1, '2017-06-11 08:22:05', NULL, NULL, NULL, NULL, 1),
(659, 'Mostafa-Hakim', 460, '', NULL, 1, '2017-06-11 08:29:52', 1, '2017-07-29 09:47:02', NULL, NULL, 1),
(660, 'Diploma', 127, '', NULL, 1, '2017-06-11 08:55:54', NULL, NULL, NULL, NULL, 1),
(661, 'Navana Power', 461, '', NULL, 1, '2017-06-11 08:57:08', NULL, NULL, NULL, NULL, 1),
(662, 'Dabur', 462, '', NULL, 1, '2017-06-11 09:32:32', NULL, NULL, NULL, NULL, 1),
(663, 'Harpic', 463, '', NULL, 1, '2017-06-11 11:07:22', NULL, NULL, NULL, NULL, 1),
(664, 'Islamic Finance And Investment', 464, '', NULL, 1, '2017-06-11 11:44:52', NULL, NULL, NULL, NULL, 1),
(665, 'Banoful', 465, '', NULL, 1, '2017-06-12 08:26:59', 1, '2017-07-12 08:28:58', NULL, NULL, 1),
(667, 'Peoria', 466, '', NULL, 1, '2017-06-12 08:32:30', NULL, NULL, NULL, NULL, 1),
(669, 'Borak', 467, '', NULL, 1, '2017-06-12 09:40:59', NULL, NULL, NULL, NULL, 1),
(670, 'LAVA', 468, '', NULL, 1, '2017-06-12 09:53:31', NULL, NULL, NULL, NULL, 1),
(672, 'Deshi Meat', 469, '', NULL, 1, '2017-06-13 06:33:30', NULL, NULL, NULL, NULL, 1),
(675, 'Jahl Muri', 472, '', NULL, 1, '2017-06-13 07:34:19', NULL, NULL, NULL, NULL, 1),
(676, 'Paradise', 473, '', NULL, 1, '2017-06-14 11:35:32', NULL, NULL, NULL, NULL, 1),
(677, 'Winmax', 474, '', NULL, 1, '2017-06-15 08:29:59', NULL, NULL, NULL, NULL, 1),
(678, 'Alloy', 475, '', NULL, 1, '2017-06-19 07:02:21', NULL, NULL, NULL, NULL, 1),
(679, 'Star Paradise', 476, '', NULL, 1, '2017-06-19 08:16:08', NULL, NULL, NULL, NULL, 1),
(680, 'Mastercard', 477, '', NULL, 1, '2017-06-19 08:33:47', NULL, NULL, NULL, NULL, 1),
(683, 'Royal', 8, '', NULL, 1, '2017-06-19 09:36:17', NULL, NULL, NULL, NULL, 1),
(684, 'Cinthol ', 479, '', NULL, 1, '2017-06-19 10:03:12', NULL, NULL, NULL, NULL, 1),
(685, 'Visa Card', 480, '', NULL, 1, '2017-06-19 10:31:53', NULL, NULL, NULL, NULL, 1),
(686, 'Holcim', 481, '', NULL, 1, '2017-06-19 10:44:16', NULL, NULL, NULL, NULL, 1),
(687, 'Venus Pet', 8, '', NULL, 1, '2017-06-19 10:54:27', NULL, NULL, NULL, NULL, 1),
(688, 'Suvastu', 482, '', NULL, 1, '2017-06-19 11:15:35', NULL, NULL, NULL, NULL, 1),
(689, 'Expart', 479, '', NULL, 1, '2017-06-19 11:44:39', 1, '2017-06-19 11:45:53', NULL, NULL, 1),
(690, 'Pacific', 483, '', NULL, 1, '2017-06-20 06:08:37', NULL, NULL, NULL, NULL, 1),
(691, 'Premium', 484, '', NULL, 1, '2017-06-20 07:02:45', NULL, NULL, NULL, NULL, 1),
(692, 'Asus', 551, '', NULL, 1, '2017-06-20 08:15:01', 1, '2017-08-03 08:41:24', NULL, NULL, 1),
(693, 'Transpa', 8, '', NULL, 1, '2017-06-20 08:30:56', NULL, NULL, NULL, NULL, 1),
(694, 'Perfume World', 485, '', NULL, 1, '2017-06-20 08:35:12', 1, '2017-06-20 08:37:21', NULL, NULL, 1),
(696, 'Classic', 8, '', NULL, 1, '2017-06-20 10:16:03', NULL, NULL, NULL, NULL, 1),
(697, 'Gems World', 486, '', NULL, 1, '2017-06-20 10:23:21', NULL, NULL, NULL, NULL, 1),
(698, 'RAK Ceramics', 487, '', NULL, 1, '2017-06-20 11:14:31', NULL, NULL, NULL, NULL, 1),
(699, 'NRBC Bank', 488, '', NULL, 1, '2017-06-21 07:36:29', NULL, NULL, NULL, NULL, 1),
(700, 'Sunnyday', 489, '', NULL, 1, '2017-06-21 09:04:36', NULL, NULL, NULL, NULL, 1),
(701, 'Good Knight', 479, '', NULL, 1, '2017-06-21 09:39:47', NULL, NULL, NULL, NULL, 1),
(703, 'Nihar', 50, '', NULL, 1, '2017-06-21 10:15:08', NULL, NULL, NULL, NULL, 1),
(704, 'IPDC', 490, '', NULL, 1, '2017-06-22 06:16:35', NULL, NULL, NULL, NULL, 1),
(705, 'Rich Man', 491, '', NULL, 1, '2017-06-22 06:55:52', NULL, NULL, NULL, NULL, 1),
(706, 'Bishworong', 492, '', NULL, 1, '2017-06-22 07:06:54', NULL, NULL, NULL, NULL, 1),
(707, 'Uttara Finance', 493, '', NULL, 1, '2017-06-22 07:30:36', NULL, NULL, NULL, NULL, 1),
(709, 'Metro', 494, '', NULL, 1, '2017-06-22 10:02:15', NULL, NULL, NULL, NULL, 1),
(710, 'Omega', 495, '', NULL, 1, '2017-06-22 10:39:08', NULL, NULL, NULL, NULL, 1),
(711, 'Tanishq', 496, '', NULL, 1, '2017-06-22 11:25:46', NULL, NULL, NULL, NULL, 1),
(712, 'Swan', 497, '', NULL, 1, '2017-07-01 09:01:46', NULL, NULL, NULL, NULL, 1),
(713, 'Baba Rafi', 498, '', NULL, 1, '2017-07-01 10:06:29', NULL, NULL, NULL, NULL, 1),
(714, 'Commercial Bank', 499, '', NULL, 1, '2017-07-01 10:58:03', NULL, NULL, NULL, NULL, 1),
(715, 'Diamond Galaxy', 500, '', NULL, 1, '2017-07-01 11:27:36', NULL, NULL, NULL, NULL, 1),
(716, 'Sanji Stainless Steel', 501, '', NULL, 1, '2017-07-01 12:05:15', NULL, NULL, NULL, NULL, 1),
(717, 'Platinum Lachcha Semai', 502, '', NULL, 1, '2017-07-01 12:35:22', NULL, NULL, NULL, NULL, 1),
(718, 'Qatar', 503, '', NULL, 1, '2017-07-02 08:11:30', NULL, NULL, NULL, NULL, 1),
(719, 'Transcom', 351, '', NULL, 1, '2017-07-02 08:26:00', NULL, NULL, NULL, NULL, 1),
(722, 'Euroasia', 504, '', NULL, 1, '2017-07-02 10:11:20', NULL, NULL, NULL, NULL, 1),
(723, 'Fareast Finance', 505, '', NULL, 1, '2017-07-02 10:49:08', 1, '2017-07-02 10:50:00', NULL, NULL, 1),
(724, 'Diamond World', 506, '', NULL, 1, '2017-07-02 11:05:18', NULL, NULL, NULL, NULL, 1),
(725, 'Pragati Insurance', 507, '', NULL, 1, '2017-07-02 11:42:34', NULL, NULL, NULL, NULL, 1),
(726, 'Pragati Life Insurance', 508, '', NULL, 1, '2017-07-02 11:47:01', NULL, NULL, NULL, NULL, 1),
(727, 'Fulkoli', 509, '', NULL, 1, '2017-07-02 11:55:41', NULL, NULL, NULL, NULL, 1),
(729, 'Lakme', 510, '', NULL, 1, '2017-07-03 09:23:56', NULL, NULL, NULL, NULL, 1),
(730, 'Ofiso ', 8, '', NULL, 1, '2017-07-03 09:38:21', NULL, NULL, NULL, NULL, 1),
(731, 'ZEiL\'S', 511, '', NULL, 1, '2017-07-04 07:43:38', NULL, NULL, NULL, NULL, 1),
(732, 'Bangladesh Commerce Bank', 74, '', NULL, 1, '2017-07-04 07:48:11', NULL, NULL, NULL, NULL, 1),
(734, 'Aafi', 21, '', NULL, 1, '2017-07-04 11:15:37', NULL, NULL, NULL, NULL, 1),
(736, 'RC', 512, '', NULL, 1, '2017-07-05 09:31:04', NULL, NULL, NULL, NULL, 1),
(737, 'Mumtaz', 513, '', NULL, 1, '2017-07-05 09:43:36', NULL, NULL, NULL, NULL, 1),
(738, 'Amin Jewellers', 514, '', NULL, 1, '2017-07-05 10:30:38', NULL, NULL, NULL, NULL, 1),
(741, 'Veet', 420, '', NULL, 1, '2017-07-08 12:12:34', NULL, NULL, NULL, NULL, 1),
(742, '5x Emergency', 310, '', NULL, 1, '2017-07-09 07:33:05', NULL, NULL, NULL, NULL, 1),
(745, 'Sharif ', 516, '', NULL, 1, '2017-07-09 10:44:30', 1, '2017-09-10 11:31:27', NULL, NULL, 1),
(746, 'Sharif Smart Fan', 516, '', NULL, 1, '2017-07-09 11:28:10', NULL, NULL, NULL, NULL, 1),
(749, 'Zebex', 551, '', NULL, 1, '2017-07-10 07:24:38', 1, '2017-08-03 08:44:48', NULL, NULL, 1),
(750, 'Sewoo', 551, '', NULL, 1, '2017-07-10 07:31:35', 1, '2017-08-03 08:48:04', NULL, NULL, 1),
(751, 'Enerson', 517, '', NULL, 1, '2017-07-10 07:40:33', NULL, NULL, NULL, NULL, 1),
(752, 'D-Link', 518, '', NULL, 1, '2017-07-10 08:08:29', NULL, NULL, NULL, NULL, 1),
(754, 'Patriot', 520, '', NULL, 1, '2017-07-10 08:40:05', NULL, NULL, NULL, NULL, 1),
(755, 'Hik Vision', 521, '', NULL, 1, '2017-07-10 08:50:29', NULL, NULL, NULL, NULL, 1),
(757, 'Acer', 446, '', NULL, 1, '2017-07-10 09:04:26', NULL, NULL, NULL, NULL, 1),
(759, 'Cisco', 523, '', NULL, 1, '2017-07-10 09:34:03', NULL, NULL, NULL, NULL, 1),
(760, 'Zillion', 524, '', NULL, 1, '2017-07-10 09:46:40', NULL, NULL, NULL, NULL, 1),
(761, 'Logitech', 525, '', NULL, 1, '2017-07-10 09:54:22', NULL, NULL, NULL, NULL, 1),
(762, 'Delux', 446, '', NULL, 1, '2017-07-10 09:59:16', NULL, NULL, NULL, NULL, 1),
(763, 'Xerox', 526, '', NULL, 1, '2017-07-10 10:03:45', NULL, NULL, NULL, NULL, 1),
(764, 'Cellox', 260, '', NULL, 1, '2017-07-11 11:06:51', NULL, NULL, NULL, NULL, 1),
(767, 'HIT', 479, '', NULL, 1, '2017-07-12 10:18:54', NULL, NULL, NULL, NULL, 1),
(768, 'Credence', 260, 'Credence Watch', NULL, 1, '2017-07-13 11:02:05', NULL, NULL, NULL, NULL, 1),
(770, 'Aarong', 388, '', NULL, 1, '2017-07-15 10:34:12', NULL, NULL, NULL, NULL, 1),
(771, 'Apex', 162, '', NULL, 1, '2017-07-15 11:16:25', 1, '2017-08-07 09:00:59', NULL, NULL, 1),
(773, 'Rancon', 529, '', NULL, 1, '2017-07-15 11:19:33', NULL, NULL, NULL, NULL, 1),
(774, 'Eicher', 98, '', NULL, 1, '2017-07-15 11:28:49', NULL, NULL, NULL, NULL, 1),
(775, 'Rangs', 333, '', NULL, 1, '2017-07-15 11:45:42', NULL, NULL, NULL, NULL, 1),
(776, 'Suzuki', 180, '', NULL, 1, '2017-07-16 07:57:03', NULL, NULL, NULL, NULL, 1),
(777, 'BNO', 530, '', NULL, 1, '2017-07-16 08:37:45', NULL, NULL, NULL, NULL, 1),
(778, 'Eicher', 528, '', NULL, 1, '2017-07-16 08:43:33', NULL, NULL, NULL, NULL, 1),
(779, 'EURO', 531, '', NULL, 1, '2017-07-16 09:03:08', NULL, NULL, NULL, NULL, 1),
(780, 'TM City', 532, '', NULL, 1, '2017-07-16 09:09:33', NULL, NULL, NULL, NULL, 1),
(781, 'TAFE', 528, '', NULL, 1, '2017-07-16 11:29:20', NULL, NULL, NULL, NULL, 1),
(782, 'Commercial Bank', 533, '', NULL, 1, '2017-07-16 12:12:32', NULL, NULL, NULL, NULL, 1),
(783, 'G Gas', 534, '', NULL, 1, '2017-07-17 06:55:08', NULL, NULL, NULL, NULL, 1),
(784, 'AVANZA', 372, '', NULL, 1, '2017-07-17 07:08:26', NULL, NULL, NULL, NULL, 1),
(785, 'Prime Asset', 535, '', NULL, 1, '2017-07-17 07:31:56', NULL, NULL, NULL, NULL, 1),
(786, 'Partex ', 337, '', NULL, 1, '2017-07-17 07:35:16', NULL, NULL, NULL, NULL, 1),
(787, 'Max', 536, '', NULL, 1, '2017-07-17 07:51:06', NULL, NULL, NULL, NULL, 1),
(788, 'Totalgaz', 537, '', NULL, 1, '2017-07-17 07:57:36', NULL, NULL, NULL, NULL, 1),
(789, 'Daily Shopping', 538, '', NULL, 1, '2017-07-17 10:04:10', NULL, NULL, NULL, NULL, 1),
(790, 'Metrocem', 236, '', NULL, 1, '2017-07-18 07:19:42', 1, '2017-08-07 09:45:58', NULL, NULL, 1),
(791, 'Bashundhara', 34, '', NULL, 1, '2017-07-18 09:08:05', NULL, NULL, NULL, NULL, 1),
(792, 'Drinkit', 8, '', NULL, 1, '2017-07-18 10:44:51', NULL, NULL, NULL, NULL, 1),
(793, 'Metal Seed', 528, '', NULL, 1, '2017-07-19 06:35:45', NULL, NULL, NULL, NULL, 1),
(794, 'Akter', 539, '', NULL, 1, '2017-07-19 06:59:37', 1, '2017-07-30 09:43:37', NULL, NULL, 1),
(795, 'Tecno', 540, '', NULL, 1, '2017-07-19 07:21:26', NULL, NULL, NULL, NULL, 1),
(796, 'Influvax', 300, '', NULL, 1, '2017-07-19 07:34:01', NULL, NULL, NULL, NULL, 1),
(797, 'Akij Motors', 88, '', NULL, 1, '2017-07-19 07:40:34', NULL, NULL, NULL, NULL, 1),
(798, 'Asian Town', 542, '', NULL, 1, '2017-07-19 08:26:00', NULL, NULL, NULL, NULL, 1),
(799, 'Shimanto Bank', 543, '', NULL, 1, '2017-07-19 09:27:59', NULL, NULL, NULL, NULL, 1),
(800, 'Habib Bank', 544, '', NULL, 1, '2017-07-19 09:37:43', NULL, NULL, NULL, NULL, 1),
(801, 'Sunon', 545, '', NULL, 1, '2017-07-19 10:31:08', 1, '2017-08-07 09:22:53', NULL, NULL, 1),
(802, 'Tibet', 232, '', NULL, 1, '2017-07-19 11:36:09', 1, '2017-07-24 10:36:30', NULL, NULL, 1),
(803, 'TATA', 527, '', NULL, 1, '2017-07-20 09:27:09', NULL, NULL, NULL, NULL, 1),
(804, 'HSBC ', 546, '', NULL, 1, '2017-07-20 11:03:18', NULL, NULL, NULL, NULL, 1),
(805, 'Samsung', 359, '', NULL, 1, '2017-07-22 09:22:39', NULL, NULL, NULL, NULL, 1),
(806, 'Samsung', 446, '', NULL, 1, '2017-07-22 09:31:00', NULL, NULL, NULL, NULL, 1),
(807, 'Tehcron', 547, '', NULL, 1, '2017-07-22 09:38:34', NULL, NULL, NULL, NULL, 1),
(808, 'Mohammadi Developers', 548, '', NULL, 1, '2017-07-22 10:10:17', NULL, NULL, NULL, NULL, 1),
(809, 'Bridge', 549, '', NULL, 1, '2017-07-22 10:34:43', NULL, NULL, NULL, NULL, 1),
(810, 'ACME', 550, '', NULL, 1, '2017-07-22 10:40:48', NULL, NULL, NULL, NULL, 1),
(811, 'Boss', 354, '', NULL, 1, '2017-07-22 11:49:52', NULL, NULL, NULL, NULL, 1),
(812, 'Good Time ', 431, '', NULL, 1, '2017-07-23 07:17:15', NULL, NULL, NULL, NULL, 1),
(813, 'Bashundhara', 28, '', NULL, 1, '2017-07-23 07:42:25', NULL, NULL, NULL, NULL, 1),
(814, 'Canon', 522, '', NULL, 1, '2017-07-23 09:29:46', NULL, NULL, NULL, NULL, 1),
(815, 'Sharp', 551, 'Global Brand', NULL, 1, '2017-07-24 07:34:21', 1, '2017-10-04 09:33:16', NULL, NULL, 1),
(816, 'Platinum City', 552, '', NULL, 1, '2017-07-24 09:40:18', NULL, NULL, NULL, NULL, 1),
(818, 'Nikon ', 159, '', NULL, 1, '2017-07-24 10:23:24', NULL, NULL, NULL, NULL, 1),
(819, 'Orbi', 442, '', NULL, 1, '2017-07-24 10:48:09', NULL, NULL, NULL, NULL, 1),
(820, 'Hitachi', 448, '', NULL, 1, '2017-07-24 11:13:19', NULL, NULL, NULL, NULL, 1),
(821, 'A+ Plus', 448, '', NULL, 1, '2017-07-24 11:22:21', NULL, NULL, NULL, NULL, 1),
(822, 'Tenda', 523, '', NULL, 1, '2017-07-24 11:32:24', NULL, NULL, NULL, NULL, 1),
(823, 'Rosenberger', 523, '', NULL, 1, '2017-07-24 11:37:38', NULL, NULL, NULL, NULL, 1),
(824, 'IVOOMI', 553, '', NULL, 1, '2017-07-24 12:04:50', NULL, NULL, NULL, NULL, 1),
(825, 'Toten', 524, '', NULL, 1, '2017-07-24 12:12:54', NULL, NULL, NULL, NULL, 1),
(826, 'Supersony', 554, '', NULL, 1, '2017-07-25 08:01:03', NULL, NULL, NULL, NULL, 1),
(827, 'Longse', 524, '', NULL, 1, '2017-07-25 08:13:10', NULL, NULL, NULL, NULL, 1),
(828, 'Honeywell', 524, '', NULL, 1, '2017-07-25 08:20:22', NULL, NULL, NULL, NULL, 1),
(829, 'Pushi', 555, '', NULL, 1, '2017-07-25 08:37:58', NULL, NULL, NULL, NULL, 1),
(830, 'Altai', 555, '', NULL, 1, '2017-07-25 08:45:58', NULL, NULL, NULL, NULL, 1),
(831, 'Rosenberger', 556, '', NULL, 1, '2017-07-25 09:08:36', NULL, NULL, NULL, NULL, 1),
(832, 'Mr.White', 557, '', NULL, 1, '2017-07-25 09:11:22', 1, '2017-08-07 08:33:18', NULL, NULL, 1),
(833, 'Hitachi', 441, '', NULL, 1, '2017-07-25 09:19:39', NULL, NULL, NULL, NULL, 1),
(834, 'HP', 558, 'Original Store Ltd.', NULL, 1, '2017-07-25 09:21:39', 1, '2017-10-02 07:28:33', NULL, NULL, 1),
(835, 'Lenovo', 446, '', NULL, 1, '2017-07-25 09:31:51', NULL, NULL, NULL, NULL, 1),
(836, 'Toshiba', 559, 'Business Machines & Equipment', NULL, 1, '2017-07-25 09:39:07', 1, '2017-10-17 11:43:17', NULL, NULL, 1),
(837, 'D-Net', 523, '', NULL, 1, '2017-07-25 10:12:13', NULL, NULL, NULL, NULL, 1),
(838, 'Micronet', 551, '', NULL, 1, '2017-07-25 10:20:14', NULL, NULL, NULL, NULL, 1),
(839, 'Keeway', 560, '', NULL, 1, '2017-07-25 10:52:12', NULL, NULL, NULL, NULL, 1),
(840, 'Ma', 561, '', NULL, 1, '2017-07-25 11:04:41', NULL, NULL, NULL, NULL, 1),
(841, 'Delica', 333, '', NULL, 1, '2017-07-25 11:18:48', NULL, NULL, NULL, NULL, 1),
(842, 'Sokti', 562, '', NULL, 1, '2017-07-26 10:36:05', NULL, NULL, NULL, NULL, 1),
(843, 'King\'s', 563, '', NULL, 1, '2017-07-26 10:51:23', NULL, NULL, NULL, NULL, 1),
(844, 'Panasonic', 519, '', NULL, 1, '2017-07-27 08:00:11', NULL, NULL, NULL, NULL, 1),
(845, 'Bashundhara', 29, '', NULL, 1, '2017-07-27 08:06:20', NULL, NULL, NULL, NULL, 1),
(846, 'Toshiba', 333, 'Rangs Group', NULL, 1, '2017-07-27 10:14:22', 1, '2017-10-17 11:42:24', NULL, NULL, 1),
(847, 'Yue Jin', 564, '', NULL, 1, '2017-07-29 09:28:54', NULL, NULL, NULL, NULL, 1),
(848, 'TATA', 19, '', NULL, 1, '2017-07-29 10:47:34', NULL, NULL, NULL, NULL, 1),
(849, 'Kiam', 565, '', NULL, 1, '2017-07-29 11:43:07', NULL, NULL, NULL, NULL, 1),
(850, 'Dell', 566, '', NULL, 1, '2017-07-30 09:23:36', NULL, NULL, NULL, NULL, 1),
(851, 'Nassa Holdings', 567, '', NULL, 1, '2017-07-30 09:32:46', NULL, NULL, NULL, NULL, 1),
(852, 'Assure', 434, '', NULL, 1, '2017-07-30 09:56:56', NULL, NULL, NULL, NULL, 1),
(853, 'Creative', 159, '', NULL, 1, '2017-07-30 10:03:47', NULL, NULL, NULL, NULL, 1),
(854, 'Building For Future', 568, '', NULL, 1, '2017-07-30 10:13:10', 1, '2017-07-30 10:13:33', NULL, NULL, 1),
(855, 'Microsoft', 159, '', NULL, 1, '2017-07-30 10:37:27', NULL, NULL, NULL, NULL, 1),
(856, 'Jet', 367, '', NULL, 1, '2017-07-30 10:52:31', NULL, NULL, NULL, NULL, 1),
(857, 'Hitachi', 351, '', NULL, 1, '2017-07-30 11:51:51', NULL, NULL, NULL, NULL, 1),
(858, 'Gazi', 569, '', NULL, 1, '2017-08-01 08:46:11', NULL, NULL, NULL, NULL, 1),
(859, 'Oroclean', 570, '', NULL, 1, '2017-08-02 06:43:50', NULL, NULL, NULL, NULL, 1),
(860, 'Rupali Insurance', 571, '', NULL, 1, '2017-08-02 06:53:55', NULL, NULL, NULL, NULL, 1),
(861, 'Prime Finance', 572, '', NULL, 1, '2017-08-02 07:08:22', NULL, NULL, NULL, NULL, 1),
(862, 'Alif Assets', 573, '', NULL, 1, '2017-08-02 07:17:00', NULL, NULL, NULL, NULL, 1),
(863, 'VIPB Accelerated', 574, '', NULL, 1, '2017-08-02 07:22:21', NULL, NULL, NULL, NULL, 1),
(864, 'MTB Unit Fund', 575, '', NULL, 1, '2017-08-02 07:27:05', NULL, NULL, NULL, NULL, 1),
(865, 'Hajj Finance', 576, '', NULL, 1, '2017-08-02 08:33:19', NULL, NULL, NULL, NULL, 1),
(866, 'Bank Alfalah', 577, '', NULL, 1, '2017-08-02 12:05:57', NULL, NULL, NULL, NULL, 1),
(867, 'Sharp', 113, 'Best Electronics', NULL, 1, '2017-08-03 09:29:47', 1, '2017-10-04 09:34:06', NULL, NULL, 1),
(868, 'Aftab', 580, '', NULL, 1, '2017-08-03 11:36:06', NULL, NULL, NULL, NULL, 1),
(869, 'Mahindra', 580, '', NULL, 1, '2017-08-03 11:39:03', NULL, NULL, NULL, NULL, 1),
(870, 'Asset Developments', 581, '', NULL, 1, '2017-08-03 11:48:03', NULL, NULL, NULL, NULL, 1),
(872, 'Bengal', 582, '', NULL, 1, '2017-08-05 11:19:45', NULL, NULL, NULL, NULL, 1),
(873, 'Navana', 372, '', NULL, 1, '2017-08-05 11:34:51', NULL, NULL, NULL, NULL, 1),
(874, 'Manarat International University', 584, '', NULL, 1, '2017-08-06 07:24:55', NULL, NULL, NULL, NULL, 1),
(875, 'RRM', 585, '', NULL, 1, '2017-08-06 08:06:21', NULL, NULL, NULL, NULL, 1),
(876, 'Lifebuoy', 110, '', NULL, 1, '2017-08-06 08:48:33', NULL, NULL, NULL, NULL, 1),
(877, 'RADDO', 260, '', NULL, 1, '2017-08-06 12:25:42', NULL, NULL, NULL, NULL, 1),
(878, 'Hitachi', 66, '', NULL, 1, '2017-08-07 08:41:09', NULL, NULL, NULL, NULL, 1),
(879, 'Eagal', 557, '', NULL, 1, '2017-08-07 09:56:59', NULL, NULL, NULL, NULL, 1),
(880, 'ZTE', 164, '', NULL, 1, '2017-08-09 07:09:04', NULL, NULL, NULL, NULL, 1),
(881, 'SMC', 104, '', NULL, 1, '2017-08-09 07:59:01', NULL, NULL, NULL, NULL, 1),
(882, 'Athena\'s', 75, '', NULL, 1, '2017-08-09 08:56:25', NULL, NULL, NULL, NULL, 1),
(884, 'Samsung', 170, '', NULL, 1, '2017-08-09 09:49:33', NULL, NULL, NULL, NULL, 1),
(885, 'NT Blu-Ray', 588, '', NULL, 1, '2017-08-09 11:39:06', NULL, NULL, NULL, NULL, 1),
(887, 'Taiyoba', 589, '', NULL, 1, '2017-08-10 10:05:41', NULL, NULL, NULL, NULL, 1),
(888, 'MSI', 159, '', NULL, 1, '2017-08-10 10:39:15', NULL, NULL, NULL, NULL, 1),
(889, 'Hotwav', 591, '', NULL, 1, '2017-08-13 07:02:52', NULL, NULL, NULL, NULL, 1),
(891, 'AWR', 592, '', NULL, 1, '2017-08-13 10:16:06', NULL, NULL, NULL, NULL, 1),
(892, 'Genetic', 593, '', NULL, 1, '2017-08-13 10:33:21', NULL, NULL, NULL, NULL, 1),
(893, 'TATA', 470, '', NULL, 1, '2017-08-13 11:19:29', NULL, NULL, NULL, NULL, 1),
(894, 'Bashundhara', 26, '', NULL, 1, '2017-08-13 11:48:17', NULL, NULL, NULL, NULL, 1),
(895, 'South Breeze Housing', 594, '', NULL, 1, '2017-08-14 07:26:44', NULL, NULL, NULL, NULL, 1),
(896, 'Guardian Life Insurance', 595, '', NULL, 1, '2017-08-14 10:33:58', NULL, NULL, NULL, NULL, 1),
(897, 'Prime Exchange', 597, '', NULL, 1, '2017-08-16 10:09:43', NULL, NULL, NULL, NULL, 1),
(898, 'ECO', 202, '', NULL, 1, '2017-08-17 10:40:48', NULL, NULL, NULL, NULL, 1),
(899, 'Diamond', 598, '', NULL, 1, '2017-08-19 10:07:03', NULL, NULL, NULL, NULL, 1),
(900, 'Hero', 599, '', NULL, 1, '2017-08-19 10:22:10', NULL, NULL, NULL, NULL, 1),
(901, 'Eicher', 333, '', NULL, 1, '2017-08-19 11:50:17', NULL, NULL, NULL, NULL, 1),
(902, 'Suzuki', 91, '', NULL, 1, '2017-08-19 12:07:57', NULL, NULL, NULL, NULL, 1),
(903, 'Hamid', 600, '', NULL, 1, '2017-08-20 09:46:48', NULL, NULL, NULL, NULL, 1),
(904, 'Assort', 601, '', NULL, 1, '2017-08-20 10:34:26', NULL, NULL, NULL, NULL, 1),
(905, 'Manama Devlopment', 602, '', NULL, 1, '2017-08-20 10:51:24', NULL, NULL, NULL, NULL, 1),
(906, 'Ena Properties', 603, '', NULL, 1, '2017-08-20 10:59:53', NULL, NULL, NULL, NULL, 1),
(907, 'RFL', 8, '', NULL, 1, '2017-08-20 11:44:20', NULL, NULL, NULL, NULL, 1),
(908, 'Glitter', 8, '', NULL, 1, '2017-08-21 10:48:03', NULL, NULL, NULL, NULL, 1),
(909, 'Bright', 8, '', NULL, 1, '2017-08-22 11:33:42', NULL, NULL, NULL, NULL, 1),
(910, 'MRS', 604, '', NULL, 1, '2017-08-23 09:03:47', NULL, NULL, NULL, NULL, 1),
(911, 'Transtec', 351, '', NULL, 1, '2017-08-23 09:37:06', NULL, NULL, NULL, NULL, 1),
(912, 'GT Radial', 606, '', NULL, 1, '2017-08-23 10:25:29', NULL, NULL, NULL, NULL, 1),
(913, 'EP Tyres', 607, '', NULL, 1, '2017-08-23 11:34:42', NULL, NULL, NULL, NULL, 1),
(914, 'Bashundhara', 608, '', NULL, 1, '2017-08-26 09:33:16', NULL, NULL, NULL, NULL, 1),
(915, 'Haiko', 345, '', NULL, 1, '2017-08-26 11:22:56', NULL, NULL, NULL, NULL, 1),
(916, 'Daraz', 609, '', NULL, 1, '2017-08-27 06:13:54', NULL, NULL, NULL, NULL, 1),
(917, 'Energy Plus', 99, '', NULL, 1, '2017-08-27 07:36:42', NULL, NULL, NULL, NULL, 1),
(918, 'Hari Bhanga', 610, '', NULL, 1, '2017-08-27 08:10:34', NULL, NULL, NULL, NULL, 1),
(919, 'Ajina', 8, '', NULL, 1, '2017-08-27 08:27:06', NULL, NULL, NULL, NULL, 1),
(920, 'Neem', 128, '', NULL, 1, '2017-08-27 09:16:55', NULL, NULL, NULL, NULL, 1),
(921, 'Mercantile Insurance', 611, '', NULL, 1, '2017-08-27 10:30:47', NULL, NULL, NULL, NULL, 1),
(922, 'Asus', 41, '', NULL, 1, '2017-08-27 11:50:37', NULL, NULL, NULL, NULL, 1),
(923, 'Drinkit', 8, '', NULL, 1, '2017-08-28 07:09:39', NULL, NULL, NULL, NULL, 1),
(924, 'Fair And Handsome', 101, '', NULL, 1, '2017-08-28 10:36:18', NULL, NULL, NULL, NULL, 1),
(925, 'Boro Plus', 110, '', NULL, 1, '2017-08-28 10:56:17', NULL, NULL, NULL, NULL, 1),
(926, 'Akij Ceramics', 88, '', NULL, 1, '2017-08-28 11:14:40', NULL, NULL, NULL, NULL, 1),
(927, 'Leo Diamond', 612, '', NULL, 1, '2017-08-29 08:10:03', NULL, NULL, NULL, NULL, 1),
(928, 'Shoeniverse', 613, '', NULL, 1, '2017-08-29 09:33:48', NULL, NULL, NULL, NULL, 1),
(929, 'One Stop', 167, '', NULL, 1, '2017-08-29 09:55:57', NULL, NULL, NULL, NULL, 1),
(930, 'Bombay Sweets', 472, '', NULL, 1, '2017-08-29 10:35:39', 1, '2017-09-12 11:08:44', NULL, NULL, 1),
(931, 'Samsung', 159, '', NULL, 1, '2017-08-29 11:10:48', NULL, NULL, NULL, NULL, 1),
(932, 'Kum Kum', 614, '', NULL, 1, '2017-08-29 12:01:21', NULL, NULL, NULL, NULL, 1),
(933, 'Taaza', 110, '', NULL, 1, '2017-08-30 06:26:08', NULL, NULL, NULL, NULL, 1),
(934, 'Taste Me', 104, '', NULL, 1, '2017-08-30 07:31:47', NULL, NULL, NULL, NULL, 1),
(935, 'Vitacare', 615, '', NULL, 1, '2017-08-30 08:29:19', NULL, NULL, NULL, NULL, 1),
(936, 'Cute', 616, '', NULL, 1, '2017-08-30 10:15:23', NULL, NULL, NULL, NULL, 1),
(938, 'Sunrise', 617, '', NULL, 1, '2017-08-30 11:44:27', NULL, NULL, NULL, NULL, 1),
(939, 'Toka Ink', 618, '', NULL, 1, '2017-09-06 11:04:21', NULL, NULL, NULL, NULL, 1),
(940, 'Lenovo', 551, '', NULL, 1, '2017-09-06 11:30:39', NULL, NULL, NULL, NULL, 1),
(941, 'Panduit', 517, '', NULL, 1, '2017-09-06 11:40:03', NULL, NULL, NULL, NULL, 1),
(942, 'Toten', 517, '', NULL, 1, '2017-09-06 11:45:49', NULL, NULL, NULL, NULL, 1),
(943, 'Deep Cool', 520, '', NULL, 1, '2017-09-06 12:04:41', NULL, NULL, NULL, NULL, 1),
(944, 'Flora', 159, '', NULL, 1, '2017-09-07 06:12:42', NULL, NULL, NULL, NULL, 1),
(945, 'HP', 619, 'Multilink International Co. Ltd.', NULL, 1, '2017-09-07 06:20:01', 1, '2017-10-02 07:28:05', NULL, NULL, 1),
(946, 'Home Makers', 21, '', NULL, 1, '2017-09-07 06:26:47', NULL, NULL, NULL, NULL, 1),
(947, 'MTECH', 619, '', NULL, 1, '2017-09-07 06:36:16', NULL, NULL, NULL, NULL, 1),
(948, 'Nyam Nyam', 431, '', NULL, 1, '2017-09-07 06:58:43', NULL, NULL, NULL, NULL, 1),
(949, 'PNY', 446, '', NULL, 1, '2017-09-07 07:15:50', NULL, NULL, NULL, NULL, 1),
(950, 'HP', 446, 'Smart Technologies (BD) Ltd.', NULL, 1, '2017-09-07 07:22:19', 1, '2017-10-02 07:27:20', NULL, NULL, 1),
(951, 'Tiger', 429, '', NULL, 1, '2017-09-07 07:34:58', NULL, NULL, NULL, NULL, 1),
(952, 'Waue', 620, '', NULL, 1, '2017-09-07 08:03:08', NULL, NULL, NULL, NULL, 1),
(953, 'Masala ', 621, '', NULL, 1, '2017-09-07 09:56:21', NULL, NULL, NULL, NULL, 1),
(954, 'Ahmed', 622, '', NULL, 1, '2017-09-07 10:32:49', NULL, NULL, NULL, NULL, 1),
(955, 'Kwality ', 459, '', NULL, 1, '2017-09-09 14:08:09', NULL, NULL, NULL, NULL, 1),
(956, 'Titan', 260, '', NULL, 1, '2017-09-10 09:11:48', NULL, NULL, NULL, NULL, 1),
(957, 'Eicher', 243, '', NULL, 1, '2017-09-10 11:22:58', NULL, NULL, NULL, NULL, 1),
(959, 'Xpert', 232, '', NULL, 1, '2017-09-11 07:56:37', NULL, NULL, NULL, NULL, 1),
(960, 'Evana ', 222, '', NULL, 1, '2017-09-11 08:02:32', NULL, NULL, NULL, NULL, 1),
(961, 'First Choice', 99, '', NULL, 1, '2017-09-11 08:10:19', NULL, NULL, NULL, NULL, 1),
(962, 'Impulse Hospital', 623, '', NULL, 1, '2017-09-14 06:40:35', NULL, NULL, NULL, NULL, 1),
(963, 'Reveta Park City', 624, '', NULL, 1, '2017-09-14 06:48:23', NULL, NULL, NULL, NULL, 1),
(964, 'Rainbow', 8, '', NULL, 1, '2017-09-16 09:00:28', NULL, NULL, NULL, NULL, 1),
(965, 'Aspire', 626, '', NULL, 1, '2017-09-16 11:09:08', NULL, NULL, NULL, NULL, 1),
(966, 'Bhalogari', 627, '', NULL, 1, '2017-09-16 11:21:11', NULL, NULL, NULL, NULL, 1),
(967, 'Hitachi', 628, '', NULL, 1, '2017-09-18 08:23:59', NULL, NULL, NULL, NULL, 1),
(968, 'ICCB', 629, '', NULL, 1, '2017-09-18 09:11:22', NULL, NULL, NULL, NULL, 1),
(969, 'Edifice', 631, '', NULL, 1, '2017-09-21 10:59:46', 1, '2017-09-24 09:58:49', NULL, NULL, 1),
(970, 'Baizid', 630, '', NULL, 1, '2017-09-21 11:09:45', NULL, NULL, NULL, NULL, 1),
(971, 'CST', 393, '', NULL, 1, '2017-09-21 11:32:28', NULL, NULL, NULL, NULL, 1),
(972, 'Oriental', 277, '', NULL, 1, '2017-09-24 07:56:06', NULL, NULL, NULL, NULL, 1),
(973, 'Vaseline', 110, '', NULL, 1, '2017-09-24 08:22:33', NULL, NULL, NULL, NULL, 1),
(974, 'RSM', 632, '', NULL, 1, '2017-09-25 08:27:54', NULL, NULL, NULL, NULL, 1),
(975, 'Great Wall', 633, '', NULL, 1, '2017-09-25 08:35:26', NULL, NULL, NULL, NULL, 1),
(976, 'Blaze', 8, '', NULL, 1, '2017-09-26 09:42:44', NULL, NULL, NULL, NULL, 1),
(977, 'Staysafe', 8, '', NULL, 1, '2017-09-27 07:06:32', NULL, NULL, NULL, NULL, 1),
(978, 'Pepsi', 379, '', NULL, 1, '2017-09-27 07:14:33', NULL, NULL, NULL, NULL, 1),
(979, 'Koncept ', 634, '', NULL, 1, '2017-09-27 07:16:03', NULL, NULL, NULL, NULL, 1),
(980, 'Edifice', 631, '', NULL, 1, '2017-09-28 09:53:17', NULL, NULL, NULL, NULL, 1),
(981, 'Wings', 167, '', NULL, 1, '2017-10-01 06:54:10', NULL, NULL, NULL, NULL, 1),
(982, 'Ifad Autos', 336, '', NULL, 1, '2017-10-01 06:58:11', NULL, NULL, NULL, NULL, 1);
INSERT INTO `brand` (`Id`, `Name`, `CompanyId`, `Description`, `SubBrandId`, `EntryBy`, `EntryDateTime`, `UpdateBy`, `UpdateTime`, `DeleteBy`, `DeleteDateTime`, `State`) VALUES
(983, 'Mostafa', 635, '', NULL, 1, '2017-10-01 07:59:44', NULL, NULL, NULL, NULL, 1),
(984, 'G-Shock', 631, '', NULL, 1, '2017-10-01 09:48:00', 1, '2017-10-01 09:49:44', NULL, NULL, 1),
(985, 'Gree', 345, 'Electro Mart Ltd.', NULL, 1, '2017-10-01 11:09:22', 1, '2017-10-02 08:23:34', NULL, NULL, 1),
(986, 'Lovello', 636, '', NULL, 1, '2017-10-02 03:48:10', NULL, NULL, NULL, NULL, 1),
(987, 'Corsair', 446, '', NULL, 1, '2017-10-02 05:08:01', NULL, NULL, NULL, NULL, 1),
(988, 'ACI', 18, '', NULL, 1, '2017-10-02 05:22:12', NULL, NULL, NULL, NULL, 1),
(989, 'Ricoh', 446, '', NULL, 1, '2017-10-02 05:30:11', NULL, NULL, NULL, NULL, 1),
(990, 'Bashundhara', 32, '', NULL, 1, '2017-10-02 06:41:33', NULL, NULL, NULL, NULL, 1),
(991, 'Solitine', 523, '', NULL, 1, '2017-10-02 07:20:38', NULL, NULL, NULL, NULL, 1),
(992, 'HP', 449, 'HP Bangladesh', NULL, 1, '2017-10-02 07:30:37', NULL, NULL, NULL, NULL, 1),
(993, 'Whitening', 637, 'Union Bd Consumer Ltd.', NULL, 1, '2017-10-02 08:10:11', NULL, NULL, NULL, NULL, 1),
(994, 'Khusboo', 638, 'Khusboo Bd.', NULL, 1, '2017-10-02 08:26:04', NULL, NULL, NULL, NULL, 1),
(995, 'Bengal', 639, 'Bengal Digital', NULL, 1, '2017-10-02 09:11:31', NULL, NULL, NULL, NULL, 1),
(996, 'Netgear', 442, 'Computer City Technologies Ltd.', NULL, 1, '2017-10-03 05:51:22', NULL, NULL, NULL, NULL, 1),
(997, 'Pearls Paradise', 640, '', NULL, 1, '2017-10-03 06:16:09', 1, '2017-10-03 06:17:49', NULL, NULL, 1),
(998, 'Rak', 641, 'Rak Paint Bangladesh Ltd.', NULL, 1, '2017-10-03 07:59:18', NULL, NULL, NULL, NULL, 1),
(999, 'Metal', 63, 'The Metal (Pvt.) Ltd.', NULL, 1, '2017-10-03 10:20:36', NULL, NULL, NULL, NULL, 1),
(1000, 'Esquire ', 100, 'Esquire Electronics Ltd.', NULL, 1, '2017-10-08 08:14:59', NULL, NULL, NULL, NULL, 1),
(1001, 'UCB', 352, '', NULL, 1, '2017-10-08 11:12:02', NULL, NULL, NULL, NULL, 1),
(1002, 'Black Fighter', 128, 'ACI Ltd.', NULL, 1, '2017-10-11 07:01:09', NULL, NULL, NULL, NULL, 1),
(1003, 'DOM-INNO', 642, 'DOM-INNO', NULL, 1, '2017-10-11 07:13:54', NULL, NULL, NULL, NULL, 1),
(1004, 'Horlicks', 373, 'Glaxo Smith Kline', NULL, 1, '2017-10-11 07:58:49', NULL, NULL, NULL, NULL, 1),
(1005, 'Western', 643, 'Western Electronics Industries.', NULL, 1, '2017-10-12 07:27:16', NULL, NULL, NULL, NULL, 1),
(1006, 'General', 100, 'Esquire Electronics Ltd.', NULL, 1, '2017-10-12 09:03:39', NULL, NULL, NULL, NULL, 1),
(1007, 'Dong Dong', 644, 'Azam Food Ltd.', NULL, 1, '2017-10-15 10:29:47', NULL, NULL, NULL, NULL, 1),
(1008, 'Runner', 323, 'Runner Automobiles Ltd.', NULL, 1, '2017-10-16 09:58:30', NULL, NULL, NULL, NULL, 1),
(1009, 'Matador', 645, 'Matador Group', NULL, 1, '2017-10-16 10:14:44', NULL, NULL, NULL, NULL, 1),
(1010, 'Caltex', 547, 'Navana Petroleum Ltd.', NULL, 1, '2017-10-17 09:07:35', NULL, NULL, NULL, NULL, 1),
(1011, 'Fully Furnished', 646, 'Fully Furnished Ltd.', NULL, 1, '2017-10-17 09:17:28', NULL, NULL, NULL, NULL, 1),
(1012, 'ISUZU', 118, 'Uttara Motors', NULL, 1, '2017-10-17 10:49:30', NULL, NULL, NULL, NULL, 1),
(1013, 'Omera', 647, 'Omera Petroleum Ltd.', NULL, 1, '2017-10-19 09:24:20', NULL, NULL, NULL, NULL, 1),
(1014, 'Sea World', 181, 'Concord Group', NULL, 1, '2017-10-22 06:39:36', NULL, NULL, NULL, NULL, 1),
(1015, 'Gourmet Bazar', 648, 'Gourmet Bazar Ltd.', NULL, 1, '2017-10-22 07:14:03', NULL, NULL, NULL, NULL, 1),
(1016, 'Santoor', 649, 'Wipro Consumer Care & Lighting', NULL, 1, '2017-10-22 08:26:18', NULL, NULL, NULL, NULL, 1),
(1017, 'RAGA', 631, 'Kallol Enterprise Ltd.', NULL, 1, '2017-10-23 10:38:18', 1, '2017-10-23 10:39:35', NULL, NULL, 1),
(1018, 'Tapei', 650, 'Taipei Bangla Fabrics Ltd.', NULL, 1, '2017-10-24 08:10:03', NULL, NULL, NULL, NULL, 1),
(1019, 'Bengal', 651, 'Bengal Meat', NULL, 1, '2017-10-25 11:33:35', NULL, NULL, NULL, NULL, 1),
(1020, 'Star', 652, 'Star Ceramics', NULL, 1, '2017-10-26 10:12:44', NULL, NULL, NULL, NULL, 1),
(1021, 'Jafflong', 653, 'Orion Tea Company Ltd.', NULL, 1, '2017-10-26 10:50:45', NULL, NULL, NULL, NULL, 1),
(1022, 'Spray Way', 654, 'Emerald Trading Ltd.', NULL, 1, '2017-10-26 11:02:25', NULL, NULL, NULL, NULL, 1),
(1023, 'Harpic', 420, 'Reckitt Benckiser Ltd.', NULL, 1, '2017-10-26 11:30:32', NULL, NULL, NULL, NULL, 1),
(1024, 'Saad Musa', 655, 'Saad Musa Group', NULL, 1, '2017-10-29 07:31:16', NULL, NULL, NULL, NULL, 1),
(1025, 'Swadesh', 656, 'Swadesh Properties Ltd.', NULL, 1, '2017-10-29 07:51:44', NULL, NULL, NULL, NULL, 1),
(1026, 'Igloo', 657, 'Igloo', NULL, 1, '2017-10-29 09:18:16', NULL, NULL, NULL, NULL, 1),
(1027, 'Mangolee', 429, 'Globe Soft Drinks Ltd.', NULL, 1, '2017-10-29 10:28:00', NULL, NULL, NULL, NULL, 1),
(1028, 'T+Tissort', 631, 'Kallol Enterprise Ltd.', NULL, 1, '2017-10-30 08:04:26', NULL, NULL, NULL, NULL, 1),
(1029, 'Kelvinator', 248, 'SONY RANGS', NULL, 1, '2017-10-30 08:46:58', NULL, NULL, NULL, NULL, 1),
(1030, 'Omron', 658, 'Omron Healthcare Bangladesh Ltd.', NULL, 1, '2017-10-30 09:12:24', NULL, NULL, NULL, NULL, 1),
(1031, 'Microtrade Food', 659, '', NULL, 1, '2017-10-30 09:35:58', NULL, NULL, NULL, NULL, 1),
(1032, 'Za\'n Zee', 660, 'Zanzee bd', NULL, 1, '2017-10-30 09:46:04', NULL, NULL, NULL, NULL, 1),
(1033, 'SACO', 661, '', NULL, 1, '2017-10-30 10:02:01', NULL, NULL, NULL, NULL, 1),
(1034, 'Mr.Cookie', 662, 'HAQUE', NULL, 1, '2017-10-30 10:08:10', NULL, NULL, NULL, NULL, 1),
(1036, 'Olive City', 663, 'Olive Homes Ltd.', NULL, 1, '2017-11-01 09:05:48', NULL, NULL, NULL, NULL, 1),
(1037, 'Ranks', 664, '', NULL, 1, '2017-11-02 08:35:57', NULL, NULL, NULL, NULL, 1),
(1038, 'Kleeno', 418, '', NULL, 1, '2017-11-02 09:50:10', NULL, NULL, NULL, NULL, 1),
(1039, 'Intel', 665, 'Binary Logic', NULL, 1, '2017-11-02 10:21:55', NULL, NULL, NULL, NULL, 1),
(1040, 'Value-Top', 442, 'Computer City Technologies Ltd.', NULL, 1, '2017-11-04 09:46:32', NULL, NULL, NULL, NULL, 1),
(1041, 'G.Skill', 665, 'Binary Logic', NULL, 1, '2017-11-04 10:01:49', NULL, NULL, NULL, NULL, 1),
(1042, 'Coolser', 524, 'Computer Solutions Inc.', NULL, 1, '2017-11-04 10:23:46', NULL, NULL, NULL, NULL, 1),
(1043, 'Chamak', 12, 'Square Toiletries Ltd.', NULL, 1, '2017-11-05 09:06:05', NULL, NULL, NULL, NULL, 1),
(1044, 'General Mobile', 609, 'Daraz.com.BD', NULL, 1, '2017-11-07 05:52:54', NULL, NULL, NULL, NULL, 1),
(1045, 'Scan Cement', 666, 'Heidelberge Cement Group', NULL, 1, '2017-11-07 06:19:25', NULL, NULL, NULL, NULL, 1),
(1046, 'Vixol', 667, 'I.P.Manufacturing Ltd.', NULL, 1, '2017-11-07 07:35:21', NULL, NULL, NULL, NULL, 1),
(1047, 'Edison Properties', 668, 'Edison Properties', NULL, 1, '2017-11-07 08:43:41', NULL, NULL, NULL, NULL, 1),
(1048, 'Beautina', 232, '', NULL, 1, '2017-11-07 08:52:47', NULL, NULL, NULL, NULL, 1),
(1049, 'Credence', 186, '', NULL, 1, '2017-11-07 09:49:27', NULL, NULL, NULL, NULL, 1),
(1050, 'Kurkure', 669, 'Transcom Consumer Products Ltd.', NULL, 1, '2017-11-07 10:17:33', NULL, NULL, NULL, NULL, 1),
(1051, 'World', 528, 'Metal Group', NULL, 1, '2017-11-08 09:29:28', NULL, NULL, NULL, NULL, 1),
(1052, 'Nahee SS Pipe', 670, 'Nahee SS Pipe', NULL, 1, '2017-11-08 09:31:34', NULL, NULL, NULL, NULL, 1);

-- --------------------------------------------------------

--
-- Table structure for table `company`
--

CREATE TABLE `company` (
  `Id` int(11) NOT NULL,
  `Name` varchar(50) COLLATE utf8_unicode_ci DEFAULT NULL,
  `Description` text COLLATE utf8_unicode_ci,
  `EntryBy` int(11) DEFAULT NULL,
  `EntryDateTime` datetime DEFAULT NULL,
  `UpdateBy` int(11) DEFAULT NULL,
  `UpdateTime` datetime DEFAULT NULL,
  `DeleteBy` int(11) DEFAULT NULL,
  `DeleteDateTime` datetime DEFAULT NULL,
  `State` tinyint(3) DEFAULT '1'
) ENGINE=InnoDB DEFAULT CHARSET=utf8 COLLATE=utf8_unicode_ci;

--
-- Dumping data for table `company`
--

INSERT INTO `company` (`Id`, `Name`, `Description`, `EntryBy`, `EntryDateTime`, `UpdateBy`, `UpdateTime`, `DeleteBy`, `DeleteDateTime`, `State`) VALUES
(8, 'Pran RFL Group', '', 1, '2016-11-17 10:38:55', 1, '2017-05-11 11:58:21', NULL, NULL, 1),
(10, 'Square Food & Beverage Ltd.', '', 1, '2016-11-17 10:48:08', 1, '2017-07-15 08:51:07', NULL, NULL, 1),
(11, 'Square Pharmaceuticals Ltd.', '', 1, '2016-11-19 10:21:12', 1, '2017-07-17 07:16:40', NULL, NULL, 1),
(12, 'Square Toiletries Ltd.', '', 1, '2016-11-19 10:22:15', 1, '2017-07-15 08:51:56', NULL, NULL, 1),
(13, 'Massranga Communications Ltd.', '', 1, '2016-11-19 10:23:00', 1, '2017-07-17 07:16:47', NULL, NULL, 1),
(18, 'ACI Motors Ltd.', '', 1, '2016-11-19 10:28:23', 1, '2017-07-13 10:32:32', NULL, NULL, 1),
(19, 'Tetley ACI (Bangladesh) Ltd.', '', 1, '2016-11-19 10:29:02', 1, '2017-07-17 07:14:54', NULL, NULL, 1),
(20, 'Akij Match Factory Ltd.', '', 1, '2016-11-19 10:35:26', 1, '2017-07-17 07:16:56', NULL, NULL, 1),
(21, 'Akij Food & Beverage Ltd.', '', 1, '2016-11-19 10:35:44', 1, '2017-07-17 07:17:03', NULL, NULL, 1),
(22, 'Akij Cement Company Ltd.', '', 1, '2016-11-19 10:36:10', 1, '2017-07-17 07:17:09', NULL, NULL, 1),
(23, 'Dhaka Tobacco Industries', '', 1, '2016-11-19 10:36:33', 1, '2017-07-17 07:17:19', NULL, NULL, 1),
(24, 'Akij Particle Board Mills Ltd', '', 1, '2016-11-19 10:36:56', 1, '2017-07-17 07:17:29', NULL, NULL, 1),
(26, 'East West Property Development (Pvt) Ltd', '', 1, '2016-11-19 10:39:53', 1, '2017-07-17 07:15:25', NULL, NULL, 1),
(27, 'Meghna Cement Mills Ltd', '', 1, '2016-11-19 10:40:16', 1, '2017-07-17 07:15:50', NULL, NULL, 1),
(28, 'Bashundhara Paper Mill Ltd.', '', 1, '2016-11-19 10:40:33', 1, '2017-07-23 07:00:33', NULL, NULL, 1),
(29, 'Bashundhara L.P. Gas Ltd.', '', 1, '2016-11-19 10:41:01', 1, '2017-08-19 11:26:12', NULL, NULL, 1),
(30, 'Bashundhara  City Development Ltd.', '', 1, '2016-11-19 10:41:43', 1, '2017-07-23 07:05:41', NULL, NULL, 1),
(31, 'Bashundhara  Convention Center', '', 1, '2016-11-19 10:42:12', 1, '2017-07-23 07:05:53', NULL, NULL, 1),
(32, 'Bashundhara Food and Beverage industries Ltd', '', 1, '2016-11-19 10:42:39', 1, '2017-07-23 07:06:04', NULL, NULL, 1),
(33, 'Bashundhara  Cement Industries Ltd.', '', 1, '2016-11-19 10:43:04', 1, '2017-07-23 07:06:21', NULL, NULL, 1),
(34, 'Bashundhara Group', '', 1, '2016-11-20 08:44:01', 1, '2017-07-17 07:19:24', NULL, NULL, 1),
(35, 'Aamra Technologies Ltd', '', 1, '2016-11-21 07:05:48', 1, '2017-08-03 11:18:27', NULL, NULL, 1),
(37, 'Brac', '', 1, '2016-11-21 07:16:29', 1, '2017-07-17 07:19:51', NULL, NULL, 1),
(38, 'Nestle Bangladesh Ltd.', '', 1, '2016-11-21 07:34:45', 1, '2017-07-17 07:20:03', NULL, NULL, 1),
(39, 'Social Islami Bank Ltd.', '', 1, '2016-11-21 07:42:50', 1, '2017-07-15 08:46:21', NULL, NULL, 1),
(40, 'M. I. Cement Factory Ltd.', '', 1, '2016-11-21 07:53:53', 1, '2017-07-17 07:20:14', NULL, NULL, 1),
(41, 'Global Brand Pvt. Ltd.', '', 1, '2016-11-21 08:05:59', 1, '2017-07-17 07:20:52', NULL, NULL, 1),
(42, 'Nazrul Group of Industries', '', 1, '2016-11-21 08:11:36', 1, '2017-07-17 07:20:56', NULL, NULL, 1),
(43, 'Zaman Group', '', 1, '2016-11-21 08:22:14', 1, '2017-07-17 07:21:00', NULL, NULL, 1),
(44, 'Energypac Electronics Ltd.', '', 1, '2016-11-21 08:40:51', 1, '2017-04-19 10:50:21', NULL, NULL, 1),
(45, 'Export Import Bank of Bangladesh Ltd.', '', 1, '2016-11-21 08:52:16', 1, '2017-07-13 11:41:52', NULL, NULL, 1),
(46, 'Grameenphone Ltd.', '', 1, '2016-11-21 09:07:50', 1, '2017-07-17 07:20:25', NULL, NULL, 1),
(48, 'ROHTO-Mentholatum (Bangladesh) Ltd', '', 1, '2016-11-21 09:18:50', 1, '2017-08-03 11:17:33', NULL, NULL, 1),
(49, 'Mousumi Enterprises Ltd.', '', 1, '2016-11-21 09:23:29', 1, '2017-07-17 07:21:35', NULL, NULL, 1),
(50, 'Marico Bangladesh Ltd.', '', 1, '2016-11-21 09:45:53', 1, '2017-07-20 09:32:52', NULL, NULL, 1),
(52, 'Mohammadi Electric Wires and Multi Products Ltd.', '', 1, '2016-11-21 10:10:29', 1, '2017-07-17 07:22:32', NULL, NULL, 1),
(53, 'Lafarge Holcim Bangladesh Ltd.', '', 1, '2016-11-21 10:19:51', 1, '2017-10-02 05:00:55', NULL, NULL, 1),
(54, 'Amin Mohammad Group', '', 1, '2016-11-21 10:23:05', 1, '2017-07-17 07:22:06', NULL, NULL, 1),
(55, 'Singer Bangladesh Ltd.', '', 1, '2016-11-21 10:36:44', 1, '2017-07-15 08:44:34', NULL, NULL, 1),
(56, 'RB Group', '', 1, '2016-11-21 10:40:16', 1, '2017-04-03 11:28:55', NULL, NULL, 1),
(57, 'Rahimafrooz', '', 1, '2016-11-21 10:46:33', 1, '2017-04-20 07:02:08', NULL, NULL, 1),
(58, 'Green University of Bangladesh', '', 1, '2016-11-22 05:58:27', 1, '2017-05-15 09:22:34', NULL, NULL, 1),
(59, 'Nitol Motors Ltd.', '', 1, '2016-11-22 06:10:09', 1, '2017-07-17 07:39:54', NULL, NULL, 1),
(60, 'The Emirates Group', '', 1, '2016-11-22 06:25:08', 1, '2017-07-17 07:40:03', NULL, NULL, 1),
(61, 'Northern University Bangladesh', '', 1, '2016-11-22 06:36:54', 1, '2017-07-17 07:40:12', NULL, NULL, 1),
(62, 'Oriental Group', '', 1, '2016-11-22 06:41:15', 1, '2017-08-03 10:03:33', NULL, NULL, 1),
(63, 'The Metal (Pvt.) Ltd.', '', 1, '2016-11-22 06:44:10', 1, '2017-07-20 08:01:12', NULL, NULL, 1),
(65, 'Air Asia Berhad', '', 1, '2016-11-22 08:20:40', 1, '2017-08-30 09:47:48', NULL, NULL, 1),
(66, 'Transcom Group', '', 1, '2016-11-22 08:26:27', 1, '2017-07-17 07:40:31', NULL, NULL, 1),
(70, 'A1', '', 1, '2016-11-22 08:56:56', 1, '2017-07-20 08:22:17', NULL, NULL, 1),
(71, 'AG Automobiles Ltd.', '', 1, '2016-11-22 08:57:30', 1, '2017-07-17 07:41:29', NULL, NULL, 1),
(73, 'The City Bank Ltd.', '', 1, '2016-11-22 08:59:02', 1, '2017-07-17 07:41:34', NULL, NULL, 1),
(74, 'Bangladesh Commerce Bank Ltd.', '', 1, '2016-11-22 08:59:49', 1, '2017-07-17 07:41:40', NULL, NULL, 1),
(75, 'Anwar Group', '', 1, '2016-11-22 09:00:32', 1, '2017-07-17 07:41:44', NULL, NULL, 1),
(77, 'BBS Cables Ltd.', '', 1, '2016-11-22 09:42:30', 1, '2017-07-17 07:41:48', NULL, NULL, 1),
(78, 'Asian Paints', '', 1, '2016-11-22 09:54:09', 1, '2017-11-05 09:31:11', NULL, NULL, 1),
(79, 'Huawei Technologies Co. Ltd.', '', 1, '2016-11-22 10:04:00', 1, '2017-08-03 09:50:47', NULL, NULL, 1),
(80, 'Berger Paints Bangladesh Ltd.', '', 1, '2016-11-22 10:38:41', 1, '2017-08-07 09:05:39', NULL, NULL, 1),
(82, 'Dutch-Bangla Bank Ltd.', '', 1, '2016-11-23 07:56:17', 1, '2017-07-13 11:20:22', NULL, NULL, 1),
(83, 'Salam Steel Concast Re-Rolling Mills Pvt. Ltd.', '', 1, '2016-11-23 08:06:05', 1, '2017-07-17 07:42:36', NULL, NULL, 1),
(84, 'Arla Foods Inc.', '', 1, '2016-11-23 08:29:48', 1, '2017-07-17 07:42:40', NULL, NULL, 1),
(85, 'Robi Axiata Ltd.', '', 1, '2016-11-23 09:15:32', 1, '2017-07-15 08:39:33', NULL, NULL, 1),
(86, 'Southeast Bank Ltd.', '', 1, '2016-11-23 09:21:40', 1, '2017-07-15 08:49:12', NULL, NULL, 1),
(87, 'Super Star Group', '', 1, '2016-11-23 09:36:48', 1, '2017-07-17 07:42:44', NULL, NULL, 1),
(88, 'Akij Group', '', 1, '2016-11-27 08:24:19', 1, '2017-07-17 07:42:48', NULL, NULL, 1),
(89, 'Oppo Bangladesh', '', 1, '2016-11-27 08:45:40', 1, '2017-07-17 07:42:53', NULL, NULL, 1),
(90, 'Rancon Automobiles Ltd.', '', 1, '2016-11-27 08:58:06', 1, '2017-07-13 12:31:23', NULL, NULL, 1),
(91, 'Rancon Motors Ltd.', '', 1, '2016-11-27 08:58:35', 1, '2017-10-16 08:27:43', NULL, NULL, 1),
(92, 'Rangs Properties Ltd.', '', 1, '2016-11-27 08:59:33', 1, '2017-07-20 08:01:53', NULL, NULL, 1),
(93, 'National Housing Finance & Investments Ltd.', '', 1, '2016-11-27 09:14:09', 1, '2017-07-13 12:20:00', NULL, NULL, 1),
(94, 'Fair Distribution Ltd.', '', 1, '2016-11-27 09:20:14', 1, '2017-07-17 07:36:48', NULL, NULL, 1),
(95, 'BSB Cambrian Education Group', '', 1, '2016-11-27 09:36:15', 1, '2017-07-17 07:36:56', NULL, NULL, 1),
(96, 'Edison Group', '', 1, '2016-11-27 10:07:27', 1, '2017-07-17 07:37:05', NULL, NULL, 1),
(97, 'Myone Electronics Industries Ltd.', '', 1, '2016-11-27 10:14:36', 1, '2017-07-17 07:37:14', NULL, NULL, 1),
(98, 'Rangs Motors Ltd', '', 1, '2016-11-27 10:48:42', 1, '2017-07-17 07:38:30', NULL, NULL, 1),
(99, 'Olympic Industries Ltd', '', 1, '2016-11-27 10:51:13', 1, '2017-07-17 07:38:44', NULL, NULL, 1),
(100, 'Esquire Electronics Ltd.', '', 1, '2016-11-28 09:30:48', 1, '2017-07-17 07:38:55', NULL, NULL, 1),
(101, 'Emami Ltd.', '', 1, '2016-11-28 09:49:01', 1, '2017-07-13 11:40:19', NULL, NULL, 1),
(102, 'Bangladesh Edible Oil Ltd.(BEOL)', '', 1, '2016-11-28 10:00:35', 1, '2017-07-20 08:00:24', NULL, NULL, 1),
(103, 'City Group', '', 1, '2016-11-28 10:10:07', 1, '2017-07-17 07:36:08', NULL, NULL, 1),
(104, 'Social Marketing Company', '', 1, '2016-11-28 10:34:29', 1, '2017-07-17 07:36:18', NULL, NULL, 1),
(105, 'East West Media Group Ltd.', '', 1, '2017-03-22 08:27:22', 1, '2017-07-17 07:36:27', NULL, NULL, 1),
(106, 'Radio Capital FM 94.8', '', 1, '2017-03-22 09:17:21', NULL, NULL, NULL, NULL, 1),
(108, 'United Commercial Bank Ltd.', '', 1, '2017-03-22 10:27:43', 1, '2017-05-18 07:04:09', NULL, NULL, 1),
(109, 'Premier Bank Ltd.', '', 1, '2017-03-22 10:40:43', 1, '2017-04-10 12:53:46', NULL, NULL, 1),
(110, 'Unilever Bangladesh Ltd.', '', 1, '2017-03-23 09:10:08', 1, '2017-04-10 12:56:56', NULL, NULL, 1),
(112, 'HITACHI', '', 1, '2017-03-25 09:57:41', NULL, NULL, NULL, NULL, 1),
(113, 'Best Electronics', '', 1, '2017-03-25 10:06:29', NULL, NULL, NULL, NULL, 1),
(118, 'Uttara Motors Ltd.', '', 1, '2017-04-03 10:46:26', 1, '2017-07-20 09:06:28', NULL, NULL, 1),
(119, 'World University', '', 1, '2017-04-04 07:34:37', NULL, NULL, NULL, NULL, 1),
(120, 'Uttara University', '', 1, '2017-04-04 07:34:46', NULL, NULL, NULL, NULL, 1),
(121, 'Abul Khair Group', '', 1, '2017-04-04 07:42:13', 1, '2017-07-17 07:35:28', NULL, NULL, 1),
(122, 'University of Liberal Arts Bangladesh', '', 1, '2017-04-04 07:58:48', 1, '2017-07-17 07:35:47', NULL, NULL, 1),
(123, 'SIBL Foundation Hospital', '', 1, '2017-04-04 08:18:13', NULL, NULL, NULL, NULL, 1),
(124, 'Janata Bank Ltd.', '', 1, '2017-04-04 08:43:07', 1, '2017-07-13 12:03:57', NULL, NULL, 1),
(125, 'East West Development (PVT.) Ltd.', '', 1, '2017-04-04 09:21:30', 1, '2017-07-23 06:48:56', NULL, NULL, 1),
(126, 'Universal Medical College & Hospital', '', 1, '2017-04-04 10:05:25', NULL, NULL, NULL, NULL, 1),
(127, 'New Zealand Dairy Ltd.', '', 1, '2017-04-04 10:12:11', NULL, NULL, NULL, NULL, 1),
(128, 'ACI Ltd.', '', 1, '2017-04-04 10:30:32', 1, '2017-05-17 07:24:33', NULL, NULL, 1),
(129, 'Stamford University', '', 1, '2017-04-04 10:46:15', NULL, NULL, NULL, NULL, 1),
(130, 'IUBAT', '', 1, '2017-04-04 10:52:50', NULL, NULL, NULL, NULL, 1),
(131, 'IDCOL Bangladesh', '', 1, '2017-04-04 10:57:53', 1, '2017-07-04 08:41:29', NULL, NULL, 1),
(132, 'Lalbagh Chemical & Perfumery Works Ltd.', '', 1, '2017-04-04 11:10:15', NULL, NULL, NULL, NULL, 1),
(134, 'Union Bank Ltd.', '', 1, '2017-04-04 11:58:20', NULL, NULL, NULL, NULL, 1),
(135, 'Jamuna Group', '', 1, '2017-04-04 12:11:41', NULL, NULL, NULL, NULL, 1),
(137, 'Ibn Sina Hospital', '', 1, '2017-04-05 07:50:45', NULL, NULL, NULL, NULL, 1),
(138, 'Asian University of Bangladesh', '', 1, '2017-04-05 08:04:04', NULL, NULL, NULL, NULL, 1),
(139, 'Blockbuster', '', 1, '2017-04-05 08:10:01', NULL, NULL, NULL, NULL, 1),
(140, 'Daffodil International University', '', 1, '2017-04-05 08:12:02', NULL, NULL, NULL, NULL, 1),
(141, 'Premier Cement Mills Ltd.', '', 1, '2017-04-05 08:22:14', 1, '2017-07-13 12:28:44', NULL, NULL, 1),
(142, 'Mega Electronics', '', 1, '2017-04-05 08:55:21', NULL, NULL, NULL, NULL, 1),
(143, 'Angelic Homes Ltd.', '', 1, '2017-04-05 09:06:22', 1, '2017-04-10 12:58:54', NULL, NULL, 1),
(145, 'Opso Saline Ltd', '', 1, '2017-04-05 09:15:29', NULL, NULL, NULL, NULL, 1),
(146, 'Rangs Motors Ltd.', '', 1, '2017-04-05 09:27:19', 1, '2017-04-10 13:00:15', NULL, NULL, 1),
(147, 'AnB Pump Ltd.', '', 1, '2017-04-05 09:42:11', 1, '2017-04-10 13:00:44', NULL, NULL, 1),
(148, 'Media Group', '', 1, '2017-04-05 09:51:12', NULL, NULL, NULL, NULL, 1),
(149, 'M/S Al Amain Enterprise', '', 1, '2017-04-05 09:53:42', NULL, NULL, NULL, NULL, 1),
(150, 'Ghazi Real Estate Ltd.', '', 1, '2017-04-05 10:00:30', 1, '2017-10-29 09:25:34', NULL, NULL, 1),
(151, 'Food Village', '', 1, '2017-04-05 10:10:30', NULL, NULL, NULL, NULL, 1),
(152, 'Ratanpur Steel Re-Rolling Mills Ltd.', '', 1, '2017-04-05 10:14:13', 1, '2017-07-17 07:34:57', NULL, NULL, 1),
(153, 'Dhaka Bakery', '', 1, '2017-04-05 10:15:35', NULL, NULL, NULL, NULL, 1),
(154, 'Rahul Group', '', 1, '2017-04-05 10:24:12', NULL, NULL, NULL, NULL, 1),
(155, 'Air Asia', '', 1, '2017-04-05 10:25:03', NULL, NULL, NULL, NULL, 1),
(156, 'GPH Ispat Ltd.', '', 1, '2017-04-05 10:40:35', NULL, NULL, NULL, NULL, 1),
(157, 'Kakur Kitchen', '', 1, '2017-04-05 10:47:47', NULL, NULL, NULL, NULL, 1),
(158, 'SA-Group', '', 1, '2017-04-05 10:51:40', 1, '2017-07-12 08:37:53', NULL, NULL, 1),
(159, 'Flora Ltd.', '', 1, '2017-04-05 10:57:10', 1, '2017-07-13 11:48:24', NULL, NULL, 1),
(160, 'First Security Islami Bank Ltd.', '', 1, '2017-04-05 11:02:32', 1, '2017-04-10 12:48:39', NULL, NULL, 1),
(161, 'S.Alam Group of Industries', '', 1, '2017-04-05 11:04:26', 1, '2017-07-12 08:26:27', NULL, NULL, 1),
(162, 'Apex Husain Ltd.', '', 1, '2017-04-05 11:20:12', 1, '2017-04-10 13:01:27', NULL, NULL, 1),
(163, 'UltraTech Cement Ltd.', '', 1, '2017-04-06 07:10:06', 1, '2017-04-10 13:01:49', NULL, NULL, 1),
(164, 'Khan Bahadur Group', '', 1, '2017-04-06 07:30:27', NULL, NULL, NULL, NULL, 1),
(165, 'Deshbandhu Group', '', 1, '2017-04-06 07:32:47', 1, '2017-07-20 10:12:05', NULL, NULL, 1),
(167, 'Sajeeb Group', '', 1, '2017-04-06 07:53:57', NULL, NULL, NULL, NULL, 1),
(168, 'Cambrian College', '', 1, '2017-04-06 08:00:40', NULL, NULL, NULL, NULL, 1),
(169, 'Jago Foundation', '', 1, '2017-04-06 08:19:12', 1, '2017-07-13 12:04:54', NULL, NULL, 1),
(170, 'Electra International', '', 1, '2017-04-06 08:36:36', NULL, NULL, NULL, NULL, 1),
(171, 'Bangladesh University of Business and Technology', '', 1, '2017-04-06 09:08:29', 1, '2017-05-17 10:44:28', NULL, NULL, 1),
(172, 'Bellissimo', '', 1, '2017-04-06 09:19:57', NULL, NULL, NULL, NULL, 1),
(173, 'One Bank Ltd.', '', 1, '2017-04-06 09:45:25', 1, '2017-07-13 12:26:27', NULL, NULL, 1),
(174, 'Eastern University', '', 1, '2017-04-06 10:06:47', NULL, NULL, NULL, NULL, 1),
(175, 'Mutual Trust Bank Ltd.', '', 1, '2017-04-06 10:23:48', 1, '2017-04-12 08:22:54', NULL, NULL, 1),
(176, 'Linnex Electronics BD Ltd.', '', 1, '2017-04-06 10:50:40', 1, '2017-06-21 10:51:36', NULL, NULL, 1),
(177, 'Symphony', '', 1, '2017-04-06 10:54:27', NULL, NULL, NULL, NULL, 1),
(178, 'Dhaka Bank Ltd.', '', 1, '2017-04-06 11:06:10', 1, '2017-07-13 11:19:32', NULL, NULL, 1),
(179, 'Banglalink Digital Communications', '', 1, '2017-04-06 11:14:43', 1, '2017-08-02 07:48:18', NULL, NULL, 1),
(181, 'Concord Group', '', 1, '2017-04-06 11:47:47', NULL, NULL, NULL, NULL, 1),
(182, 'Independent University, Bangladesh', '', 1, '2017-04-06 12:04:09', NULL, NULL, NULL, NULL, 1),
(183, 'Urban Design & Development Ltd.', '', 1, '2017-04-06 12:11:46', 1, '2017-04-10 13:02:38', NULL, NULL, 1),
(184, 'Reflections Holdings Ltd.', '', 1, '2017-04-06 12:18:32', 1, '2017-04-10 13:02:56', NULL, NULL, 1),
(185, 'SHELTECH', '', 1, '2017-04-09 07:46:18', NULL, NULL, NULL, NULL, 1),
(186, 'Credence Housing Ltd.', '', 1, '2017-04-09 08:16:02', 1, '2017-11-07 09:46:30', NULL, NULL, 1),
(187, 'Ridge Park', '', 1, '2017-04-09 08:22:49', NULL, NULL, NULL, NULL, 1),
(188, 'Grand Properties', '', 1, '2017-04-09 08:31:48', NULL, NULL, NULL, NULL, 1),
(189, 'BDDL Group', '', 1, '2017-04-09 08:42:50', 1, '2017-07-17 07:34:08', NULL, NULL, 1),
(190, 'Basic Builders Ltd.', '', 1, '2017-04-09 09:38:57', 1, '2017-04-10 13:03:16', NULL, NULL, 1),
(192, 'SouthEast University', '', 1, '2017-04-09 10:13:24', NULL, NULL, NULL, NULL, 1),
(193, 'British Council', '', 1, '2017-04-09 10:32:28', NULL, NULL, NULL, NULL, 1),
(195, 'GEMCON City Ltd.', '', 1, '2017-04-09 10:59:23', 1, '2017-07-13 11:49:45', NULL, NULL, 1),
(196, 'Al-Arafah Islami Bank Ltd.', '', 1, '2017-04-09 11:21:11', 1, '2017-04-10 13:03:40', NULL, NULL, 1),
(197, 'Partex Group', '', 1, '2017-04-09 11:34:28', NULL, NULL, NULL, NULL, 1),
(198, 'Elite Paints & Chemical Industries Ltd.', '', 1, '2017-04-10 08:25:26', 1, '2017-07-20 09:37:03', NULL, NULL, 1),
(199, 'Reedisha Food & Beverage Ltd.', '', 1, '2017-04-10 08:43:29', 1, '2017-04-10 13:05:08', NULL, NULL, 1),
(200, 'Transcom Foods Ltd.', '', 1, '2017-04-10 10:03:01', 1, '2017-04-10 12:39:30', NULL, NULL, 1),
(201, 'BRAC Bank Ltd.', '', 1, '2017-04-10 10:10:53', 1, '2017-04-10 12:41:50', NULL, NULL, 1),
(202, 'Butterfly Group', '', 1, '2017-04-10 10:37:06', 1, '2017-08-02 08:22:29', NULL, NULL, 1),
(203, 'ACI Logistics Ltd.', '', 1, '2017-04-10 14:08:13', 1, '2017-07-13 10:31:45', NULL, NULL, 1),
(204, 'Airtel Bangladesh Ltd.', '', 1, '2017-04-10 14:17:45', NULL, NULL, NULL, NULL, 1),
(205, 'American International University Bangladesh', '', 1, '2017-04-10 14:25:03', NULL, NULL, NULL, NULL, 1),
(206, 'Apex Polymer Corporation Ltd.', '', 1, '2017-04-10 14:36:33', NULL, NULL, NULL, NULL, 1),
(208, 'Atlech Aluminium Industries Ltd.', '', 1, '2017-04-10 15:29:15', NULL, NULL, NULL, NULL, 1),
(209, 'Bangladesh Express Co. Ltd.', '', 1, '2017-04-10 15:34:35', NULL, NULL, NULL, NULL, 1),
(210, 'BSRM Group of Companies', '', 1, '2017-04-10 15:40:11', NULL, NULL, NULL, NULL, 1),
(211, 'Bank Asia Ltd.', '', 1, '2017-04-10 15:46:03', 1, '2017-06-08 08:27:55', NULL, NULL, 1),
(212, 'Brac University', '', 1, '2017-04-10 15:58:54', NULL, NULL, NULL, NULL, 1),
(213, 'Confidence Cement Ltd.', '', 1, '2017-04-10 16:03:44', 1, '2017-07-13 11:04:53', NULL, NULL, 1),
(214, 'Dekko Foods Ltd.', '', 1, '2017-04-10 16:06:18', 1, '2017-07-13 11:12:03', NULL, NULL, 1),
(215, 'Desh Tanks Industries Ltd.', '', 1, '2017-04-10 16:10:31', 1, '2017-07-13 11:18:33', NULL, NULL, 1),
(216, 'NRB Global Bank Ltd.', '', 1, '2017-04-11 07:34:19', 1, '2017-07-17 07:32:57', NULL, NULL, 1),
(219, 'Pubali Bank Ltd.', '', 1, '2017-04-11 08:51:01', 1, '2017-05-08 11:33:49', NULL, NULL, 1),
(220, 'Ghani Oil Industry Ltd.', '', 1, '2017-04-11 09:10:27', 1, '2017-07-13 11:51:40', NULL, NULL, 1),
(221, 'Nova Electronics Co.Ltd.', '', 1, '2017-04-11 10:25:59', NULL, NULL, NULL, NULL, 1),
(222, 'Evana Cable Industries', '', 1, '2017-04-11 10:35:49', NULL, NULL, NULL, NULL, 1),
(223, 'Mustafa Metal Industries Ltd.', '', 1, '2017-04-11 10:51:00', 1, '2017-07-13 12:18:12', NULL, NULL, 1),
(224, 'Nreach-Net (Pvt.) Ltd.', '', 1, '2017-04-11 11:11:09', 1, '2017-07-27 07:37:21', NULL, NULL, 1),
(225, 'Alom Soap Factory Ltd.', '', 1, '2017-04-11 11:32:44', 1, '2017-07-12 08:32:21', NULL, NULL, 1),
(226, 'Jamuna Bank Ltd.', '', 1, '2017-04-11 11:42:17', 1, '2017-07-13 12:02:38', NULL, NULL, 1),
(227, 'Amrita Consumer Food Products Ltd.', '', 1, '2017-04-12 07:10:50', 1, '2017-07-18 11:33:27', NULL, NULL, 1),
(228, 'Amber Group', '', 1, '2017-04-12 07:21:33', NULL, NULL, NULL, NULL, 1),
(229, 'Legato Services Ltd.', '', 1, '2017-04-12 07:29:04', NULL, NULL, NULL, NULL, 1),
(230, 'Building Technology & Ideas Ltd.', '', 1, '2017-04-12 07:51:42', NULL, NULL, NULL, NULL, 1),
(231, 'Shah Cement Industries Ltd.', '', 1, '2017-04-12 08:10:10', NULL, NULL, NULL, NULL, 1),
(232, 'Kohinoor Chemical ', '', 1, '2017-04-12 08:34:33', 1, '2017-05-17 08:26:20', NULL, NULL, 1),
(233, 'TRESemme', '', 1, '2017-04-12 09:00:44', NULL, NULL, NULL, NULL, 1),
(234, 'Eastland Insurance Company Ltd.', '', 1, '2017-04-12 09:16:29', 1, '2017-08-07 09:16:54', NULL, NULL, 1),
(235, 'United Finance Ltd.', '', 1, '2017-04-12 09:22:08', 1, '2017-07-20 08:02:08', NULL, NULL, 1),
(236, 'Metrocem Group', '', 1, '2017-04-12 09:37:43', 1, '2017-07-20 11:57:20', NULL, NULL, 1),
(237, 'GSP Finance Company (Bangladesh) Ltd.', '', 1, '2017-04-12 09:42:33', 1, '2017-07-13 11:55:02', NULL, NULL, 1),
(238, 'Meridian Finance & Investment Ltd.', '', 1, '2017-04-12 10:19:57', 1, '2017-08-17 11:17:13', NULL, NULL, 1),
(239, 'Bangladesh Finance And Investment Company Ltd.', '', 1, '2017-04-12 10:28:04', 1, '2017-07-13 10:47:16', NULL, NULL, 1),
(240, 'Stock Brokerage Ltd.', '', 1, '2017-04-12 10:36:59', 1, '2017-07-17 07:32:27', NULL, NULL, 1),
(241, 'First Finance Ltd.', '', 1, '2017-04-12 10:49:53', 1, '2017-07-13 11:47:57', NULL, NULL, 1),
(242, 'Prime Bank Investment Ltd.', '', 1, '2017-04-12 11:16:31', NULL, NULL, NULL, NULL, 1),
(243, 'Runner Motors Ltd.', '', 1, '2017-04-12 11:49:14', NULL, NULL, NULL, NULL, 1),
(244, 'Bangla Cat', '', 1, '2017-04-12 11:53:47', NULL, NULL, NULL, NULL, 1),
(245, 'Eastern Bank Ltd.', '', 1, '2017-04-12 11:59:48', NULL, NULL, NULL, NULL, 1),
(246, 'Hatil Complex Ltd.', '', 1, '2017-04-12 12:21:23', NULL, NULL, NULL, NULL, 1),
(247, 'United International University', '', 1, '2017-04-13 11:14:49', NULL, NULL, NULL, NULL, 1),
(248, 'Rangs Electronices Ltd.', '', 1, '2017-04-15 08:19:21', 1, '2017-11-05 07:01:00', NULL, NULL, 1),
(249, 'Agrotech International Ltd.', '', 1, '2017-04-15 08:32:55', NULL, NULL, NULL, NULL, 1),
(250, 'Rakeen Development Company (BD) Ltd.', '', 1, '2017-04-15 09:05:30', 1, '2017-04-15 09:06:42', NULL, NULL, 1),
(251, 'Haier Group', '', 1, '2017-04-15 09:16:08', NULL, NULL, NULL, NULL, 1),
(252, 'Amin Mohammad foundation', '', 1, '2017-04-15 09:50:59', NULL, NULL, NULL, NULL, 1),
(253, 'Assure Builders Ltd.', '', 1, '2017-04-15 10:03:41', 1, '2017-04-15 10:22:28', NULL, NULL, 1),
(255, 'The Structural Engineers Ltd.', '', 1, '2017-04-15 10:23:03', NULL, NULL, NULL, NULL, 1),
(256, 'ABC Real Estate Ltd.', '', 1, '2017-04-15 10:27:19', 1, '2017-07-13 10:31:16', NULL, NULL, 1),
(257, 'Genetic Ltd.', '', 1, '2017-04-15 10:33:01', 1, '2017-07-13 11:50:16', NULL, NULL, 1),
(258, 'Lankabangla Finance', '', 1, '2017-04-15 10:47:02', 1, '2017-05-09 09:51:12', NULL, NULL, 1),
(259, 'Navana Real Estate Ltd.', '', 1, '2017-04-15 11:09:48', 1, '2017-04-20 06:40:35', NULL, NULL, 1),
(260, 'Time Zone', '', 1, '2017-04-15 11:41:12', NULL, NULL, NULL, NULL, 1),
(261, 'North South University', '', 1, '2017-04-16 08:38:34', NULL, NULL, NULL, NULL, 1),
(262, 'Hamdard University Bangladesh', '', 1, '2017-04-16 09:17:07', NULL, NULL, NULL, NULL, 1),
(263, 'Primeasia University', '', 1, '2017-04-16 09:23:40', NULL, NULL, NULL, NULL, 1),
(264, 'University Of Information Technology & Sciences', '', 1, '2017-04-16 11:30:53', NULL, NULL, NULL, NULL, 1),
(265, 'Exim Bank Agricultural University Bangladesh', '', 1, '2017-04-16 11:38:15', 1, '2017-04-16 11:39:35', NULL, NULL, 1),
(266, 'IFIC Bank Ltd.', '', 1, '2017-04-17 10:56:16', 1, '2017-07-13 12:01:07', NULL, NULL, 1),
(267, 'Prime Bank Ltd.', '', 1, '2017-04-17 11:58:18', 1, '2017-07-13 12:29:32', NULL, NULL, 1),
(268, 'Coral Reef Properties Ltd.', '', 1, '2017-04-18 07:30:07', NULL, NULL, NULL, NULL, 1),
(269, 'Bangladesh Development Bank Ltd.', '', 1, '2017-04-18 08:13:54', NULL, NULL, NULL, NULL, 1),
(270, 'Rupali Bank Ltd.', '', 1, '2017-04-18 08:29:02', 1, '2017-07-15 08:41:41', NULL, NULL, 1),
(271, 'Bangladesh Somobay Bank Ltd.', '', 1, '2017-04-18 08:33:44', NULL, NULL, NULL, NULL, 1),
(272, 'Khadim Ceramics', '', 1, '2017-04-18 09:35:33', NULL, NULL, NULL, NULL, 1),
(273, 'Landtech Properties Ltd.', '', 1, '2017-04-18 09:41:39', 1, '2017-07-13 12:08:53', NULL, NULL, 1),
(274, 'Green Land Town Development Ltd.', '', 1, '2017-04-18 10:20:58', NULL, NULL, NULL, NULL, 1),
(275, 'Sonali Bank Ltd.', '', 1, '2017-04-18 10:59:21', 1, '2017-07-15 08:47:00', NULL, NULL, 1),
(276, 'Nikki Thai Aluminium & Stainless Steel Pipe', '', 1, '2017-04-18 11:14:24', NULL, NULL, NULL, NULL, 1),
(277, 'Oriental Real Estate Ltd.', '', 1, '2017-04-19 10:34:26', 1, '2017-07-13 12:27:08', NULL, NULL, 1),
(278, 'New Dhaka Alliance Ltd.', '', 1, '2017-04-19 11:03:38', 1, '2017-07-13 12:21:03', NULL, NULL, 1),
(279, 'Revera Park City', '', 1, '2017-04-19 11:19:54', NULL, NULL, NULL, NULL, 1),
(280, 'Apollo Hospital Dhaka', '', 1, '2017-04-19 11:41:28', NULL, NULL, NULL, NULL, 1),
(281, 'Rupayan Housing Estate Ltd.', '', 1, '2017-04-20 06:50:36', NULL, NULL, NULL, NULL, 1),
(282, 'Biman Bangladesh Airlines', '', 1, '2017-04-20 07:51:47', NULL, NULL, NULL, NULL, 1),
(283, 'Uttara Bank Ltd.', '', 1, '2017-04-20 08:15:16', 1, '2017-07-16 12:30:54', NULL, NULL, 1),
(284, 'Shopnodhora Assets Development Ltd.', '', 1, '2017-04-20 08:28:51', NULL, NULL, NULL, NULL, 1),
(285, 'Ispahani Group', '', 1, '2017-04-20 08:37:48', NULL, NULL, NULL, NULL, 1),
(286, 'Bangladesh University', '', 1, '2017-04-20 08:41:14', NULL, NULL, NULL, NULL, 1),
(287, 'Dhaka International University', '', 1, '2017-04-20 09:05:10', NULL, NULL, NULL, NULL, 1),
(288, 'European University Of Bangladesh', '', 1, '2017-04-20 09:10:59', NULL, NULL, NULL, NULL, 1),
(289, 'Shamsul Alamin Real estate Ltd.', '', 1, '2017-04-20 09:48:58', NULL, NULL, NULL, NULL, 1),
(290, 'Bangladesh Krishi Bank', '', 1, '2017-04-20 11:03:11', NULL, NULL, NULL, NULL, 1),
(291, 'Islami Bank Bangladesh Ltd.', '', 1, '2017-04-20 11:49:21', 1, '2017-05-08 11:44:56', NULL, NULL, 1),
(292, 'National Bank Ltd.', '', 1, '2017-04-20 12:13:34', 1, '2017-07-13 12:19:23', NULL, NULL, 1),
(293, 'Agrani Bank Ltd.', '', 1, '2017-04-23 08:41:53', 1, '2017-07-13 10:34:24', NULL, NULL, 1),
(295, 'Orion Group', '', 1, '2017-04-23 09:35:41', NULL, NULL, NULL, NULL, 1),
(296, 'Lotto Italian Brand', '', 1, '2017-04-23 10:25:18', NULL, NULL, NULL, NULL, 1),
(297, 'ICB Islamic Bank Ltd.', '', 1, '2017-04-23 11:21:09', 1, '2017-07-13 11:59:02', NULL, NULL, 1),
(298, 'TATA Group', '', 1, '2017-05-07 11:50:14', NULL, NULL, NULL, NULL, 1),
(299, 'S. A. Housing Estate Ltd.', '', 1, '2017-05-08 08:21:25', 1, '2017-07-15 08:42:18', NULL, NULL, 1),
(300, 'Incepta Vaccine Ltd.', '', 1, '2017-05-08 09:05:09', NULL, NULL, NULL, NULL, 1),
(302, 'Everest Cable Industries Ltd.', '', 1, '2017-05-08 09:19:01', NULL, NULL, NULL, NULL, 1),
(303, 'Teletalk Bangladesh Ltd.', '', 1, '2017-05-08 09:37:43', NULL, NULL, NULL, NULL, 1),
(304, 'ASA University Bangladesh', '', 1, '2017-05-08 10:14:06', NULL, NULL, NULL, NULL, 1),
(305, 'AZUBA Electronics Ltd.', '', 1, '2017-05-08 10:27:15', NULL, NULL, NULL, NULL, 1),
(306, 'Mirpur Ceramic Works Ltd', '', 1, '2017-05-08 11:58:11', NULL, NULL, NULL, NULL, 1),
(307, 'TVS Auto Bangladesh', '', 1, '2017-05-08 12:01:38', NULL, NULL, NULL, NULL, 1),
(309, 'DAN Foods Ltd.', '', 1, '2017-05-09 08:57:50', 1, '2017-07-13 11:11:00', NULL, NULL, 1),
(310, 'Renata Ltd.', '', 1, '2017-05-09 09:05:33', 1, '2017-07-15 08:38:56', NULL, NULL, 1),
(311, 'The Dhaka Mercantile Co-operative Bank Ltd.', '', 1, '2017-05-09 09:25:28', NULL, NULL, NULL, NULL, 1),
(312, 'Standard Chartered Bank', '', 1, '2017-05-09 09:57:06', NULL, NULL, NULL, NULL, 1),
(313, 'The IBN Sina Pharmaceutical Industry Ltd.   ', '', 1, '2017-05-09 10:25:50', NULL, NULL, NULL, NULL, 1),
(314, 'BRB Cable Industries Ltd.', '', 1, '2017-05-09 11:02:27', NULL, NULL, NULL, NULL, 1),
(315, 'M.Ispat Ltd.', '', 1, '2017-05-09 11:12:21', 1, '2017-07-20 11:57:38', NULL, NULL, 1),
(316, 'Hamdard Laboratories (Waqf) Bangladesh', '', 1, '2017-05-09 12:01:49', NULL, NULL, NULL, NULL, 1),
(317, 'Bashudha Bilders Ltd.', '', 1, '2017-05-09 12:12:29', NULL, NULL, NULL, NULL, 1),
(318, 'Kai Aluminium', '', 1, '2017-05-10 07:57:01', NULL, NULL, NULL, NULL, 1),
(319, 'Steeltech Industries Ltd.', '', 1, '2017-05-10 08:03:59', NULL, NULL, NULL, NULL, 1),
(320, 'SBAC Bank Ltd.', '', 1, '2017-05-10 08:49:22', 1, '2017-07-15 08:43:21', NULL, NULL, 1),
(322, 'Coca-Cola company.', '', 1, '2017-05-10 11:08:04', NULL, NULL, NULL, NULL, 1),
(323, 'Runner Automobiles Ltd.', '', 1, '2017-05-10 11:42:55', NULL, NULL, NULL, NULL, 1),
(324, 'Millat Chemical Co.Ltd.', '', 1, '2017-05-10 11:51:09', NULL, NULL, NULL, NULL, 1),
(327, 'T.K.Group Of Industries', '', 1, '2017-05-11 08:36:59', NULL, NULL, NULL, NULL, 1),
(328, 'The Raymond Shop', '', 1, '2017-05-11 09:08:38', NULL, NULL, NULL, NULL, 1),
(329, 'Otobi Ltd.', '', 1, '2017-05-11 10:22:36', 1, '2017-05-14 09:22:30', NULL, NULL, 1),
(330, 'Shahriar steel mills Ltd.', '', 1, '2017-05-11 10:27:27', NULL, NULL, NULL, NULL, 1),
(331, 'Banlab consumer care', '', 1, '2017-05-11 10:50:49', NULL, NULL, NULL, NULL, 1),
(332, 'Living Plus Ltd.', '', 1, '2017-05-13 11:33:07', 1, '2017-07-13 12:11:28', NULL, NULL, 1),
(333, 'Rangs Group', '', 1, '2017-05-14 10:06:18', NULL, NULL, NULL, NULL, 1),
(334, 'Bangladesh Bank', '', 1, '2017-05-14 10:11:42', NULL, NULL, NULL, NULL, 1),
(336, 'IFAD AUTOS LTD.', '', 1, '2017-05-14 10:37:05', 1, '2017-06-11 10:48:04', NULL, NULL, 1),
(337, 'Partex Star Group', '', 1, '2017-05-14 12:00:33', NULL, NULL, NULL, NULL, 1),
(338, 'AB Bank Ltd.', '', 1, '2017-05-14 12:10:35', NULL, NULL, NULL, NULL, 1),
(339, 'D.food & Beverage Ltd.', '', 1, '2017-05-15 09:05:02', 1, '2017-07-20 10:11:46', NULL, NULL, 1),
(340, 'NH Group', '', 1, '2017-05-15 09:45:00', NULL, NULL, NULL, NULL, 1),
(341, 'HI-tech Furniture Ltd.', '', 1, '2017-05-15 09:51:22', 1, '2017-07-13 11:57:17', NULL, NULL, 1),
(342, 'Basic Bank Ltd.', '', 1, '2017-05-15 10:22:41', 1, '2017-06-08 08:26:31', NULL, NULL, 1),
(343, 'Standard Bank Ltd.', '', 1, '2017-05-15 10:35:36', 1, '2017-07-15 08:52:45', NULL, NULL, 1),
(344, 'Mercantile Bank Ltd.', '', 1, '2017-05-15 10:44:12', 1, '2017-07-13 12:15:06', NULL, NULL, 1),
(345, 'Electro Mart Ltd.', '', 1, '2017-05-15 11:05:40', 1, '2017-08-26 11:06:04', NULL, NULL, 1),
(346, 'Nawar Properties Ltd.', '', 1, '2017-05-15 11:51:22', NULL, NULL, NULL, NULL, 1),
(347, 'Meghna Bank Ltd.', '', 1, '2017-05-16 07:21:15', 1, '2017-07-13 12:12:38', NULL, NULL, 1),
(349, 'Prime University', '', 1, '2017-05-16 09:04:05', NULL, NULL, NULL, NULL, 1),
(350, 'State University of Bangladesh', '', 1, '2017-05-16 10:22:13', NULL, NULL, NULL, NULL, 1),
(351, 'Transcom Digital', '', 1, '2017-05-16 11:05:02', NULL, NULL, NULL, NULL, 1),
(352, 'Ucb capital Management ltd.', '', 1, '2017-05-17 07:59:49', NULL, NULL, NULL, NULL, 1),
(353, 'Shahjalal Islami Bank Ltd.', '', 1, '2017-05-17 08:12:34', NULL, NULL, NULL, NULL, 1),
(354, 'Nitol Electronics', '', 1, '2017-05-17 09:59:49', NULL, NULL, NULL, NULL, 1),
(355, 'Midland Bank Ltd.', '', 1, '2017-05-17 10:06:24', NULL, NULL, NULL, NULL, 1),
(356, 'Jamuna Industrial Agro Group Ltd.', '', 1, '2017-05-17 10:25:16', 1, '2017-07-20 10:59:11', NULL, NULL, 1),
(357, 'Atlas Bangladesh Ltd.', '', 1, '2017-05-17 12:06:55', NULL, NULL, NULL, NULL, 1),
(358, 'HKG Steel Mils Ltd.', '', 1, '2017-05-18 08:14:50', NULL, NULL, NULL, NULL, 1),
(359, 'Samsung Electronics Ltd.', '', 1, '2017-05-18 08:35:44', 1, '2017-05-21 08:26:06', NULL, NULL, 1),
(360, 'Comprehensive Holdings Ltd.', '', 1, '2017-05-18 08:55:14', NULL, NULL, NULL, NULL, 1),
(362, 'Shun Sing Group', '', 1, '2017-05-18 11:04:04', NULL, NULL, NULL, NULL, 1),
(363, 'National Credit And Commerce Bank Ltd.', '', 1, '2017-05-18 11:48:55', NULL, NULL, NULL, NULL, 1),
(364, 'Woori Bank Bangladesh', '', 1, '2017-05-20 10:07:42', NULL, NULL, NULL, NULL, 1),
(365, 'Green Planet Lands Ltd.', '', 1, '2017-05-20 10:11:39', NULL, NULL, NULL, NULL, 1),
(366, 'MoneyGram', '', 1, '2017-05-20 10:32:37', 1, '2017-06-17 11:28:45', NULL, NULL, 1),
(367, 'Kallol Group of Companies', '', 1, '2017-05-20 11:44:10', 1, '2017-07-20 11:01:15', NULL, NULL, 1),
(368, 'DBL Group.', '', 1, '2017-05-21 07:52:06', 1, '2017-05-24 07:23:39', NULL, NULL, 1),
(369, 'Pertex Builders Ltd.', '', 1, '2017-05-21 07:54:24', NULL, NULL, NULL, NULL, 1),
(372, 'Navana Group', '', 1, '2017-05-21 10:22:59', NULL, NULL, NULL, NULL, 1),
(373, 'Glaxo Smith Kline', '', 1, '2017-05-21 12:00:03', NULL, NULL, NULL, NULL, 1),
(378, 'Unitech Group', '', 1, '2017-05-22 05:55:30', NULL, NULL, NULL, NULL, 1),
(379, 'PepsiCo', '', 1, '2017-05-22 06:12:17', 1, '2017-09-27 07:11:50', NULL, NULL, 1),
(380, 'Meghna Group Of Industries', '', 1, '2017-05-22 07:29:06', NULL, NULL, NULL, NULL, 1),
(382, 'Assurance Development Company', '', 1, '2017-05-22 11:28:42', 1, '2017-07-13 10:40:33', NULL, NULL, 1),
(383, 'Aman Group', '', 1, '2017-05-22 11:54:22', NULL, NULL, NULL, NULL, 1),
(384, 'Kallol Distributions Ltd.', '', 1, '2017-05-23 07:05:44', NULL, NULL, NULL, NULL, 1),
(385, 'Modhumoti Bank Ltd.', '', 1, '2017-05-23 07:25:32', 1, '2017-07-13 12:16:34', NULL, NULL, 1),
(386, 'KSRM Steel Plant Ltd.', '', 1, '2017-05-23 08:24:15', NULL, NULL, NULL, NULL, 1),
(387, 'Delta Brac Housing Finance Corp. Ltd.', '', 1, '2017-05-23 09:16:57', 1, '2017-08-26 10:07:26', NULL, NULL, 1),
(388, 'BRAC Dairy & Food Project', '', 1, '2017-05-23 10:22:13', NULL, NULL, NULL, NULL, 1),
(389, 'Infinity', '', 1, '2017-05-24 06:41:03', NULL, NULL, NULL, NULL, 1),
(390, 'IDLC Finance Ltd.', '', 1, '2017-05-24 07:06:26', NULL, NULL, NULL, NULL, 1),
(391, 'SOHANA GROUP', '', 1, '2017-05-24 08:04:09', NULL, NULL, NULL, NULL, 1),
(392, 'Union Consumer Ltd.', '', 1, '2017-05-24 08:31:27', NULL, NULL, NULL, NULL, 1),
(393, 'Swan International', '', 1, '2017-05-24 08:57:40', NULL, NULL, NULL, NULL, 1),
(394, 'Fair Food & Lifestyle', '', 1, '2017-05-24 09:13:44', 1, '2017-05-24 09:14:24', NULL, NULL, 1),
(396, 'Crescent Group', '', 1, '2017-05-24 09:59:42', NULL, NULL, NULL, NULL, 1),
(397, 'Black Horse Ltd.', '', 1, '2017-05-24 10:34:57', NULL, NULL, NULL, NULL, 1),
(398, 'NRB Bank Ltd.', '', 1, '2017-05-25 09:27:01', 1, '2017-07-13 12:22:10', NULL, NULL, 1),
(399, 'Apex Footwear Ltd.', '', 1, '2017-05-25 09:42:38', 1, '2017-07-13 10:39:28', NULL, NULL, 1),
(400, 'Green Delta Insurance', '', 1, '2017-05-25 09:55:56', NULL, NULL, NULL, NULL, 1),
(401, 'Eastern Housing Ltd.', '', 1, '2017-05-25 10:37:08', 1, '2017-07-13 11:23:57', NULL, NULL, 1),
(402, 'Prince Group', '', 1, '2017-05-28 10:41:13', NULL, NULL, NULL, NULL, 1),
(403, 'Akhtar Group', '', 1, '2017-05-28 10:54:18', 1, '2017-07-20 08:24:18', NULL, NULL, 1),
(404, 'LAUGFS Gas (Bangladesh) Ltd.', '', 1, '2017-05-28 10:58:51', 1, '2017-06-19 09:01:22', NULL, NULL, 1),
(405, 'Malaysian Pulm Oil Council', '', 1, '2017-05-29 08:34:56', NULL, NULL, NULL, NULL, 1),
(406, 'Bangladesh Honda Pvt. Ltd.', '', 1, '2017-05-29 10:24:24', NULL, NULL, NULL, NULL, 1),
(407, 'Meena Bazar.bd', '', 1, '2017-05-29 11:26:35', 1, '2017-10-01 06:41:17', NULL, NULL, 1),
(409, 'Roadmaster', '', 1, '2017-05-30 09:10:01', NULL, NULL, NULL, NULL, 1),
(410, 'KK Tea.BD', 'KK Tea.BD', 1, '2017-05-30 09:12:09', 1, '2017-10-07 09:15:27', NULL, NULL, 1),
(411, 'Brothers Furniture', '', 1, '2017-05-30 09:25:29', NULL, NULL, NULL, NULL, 1),
(412, 'Ranks Real Estate Ltd.', '', 1, '2017-05-30 11:13:38', NULL, NULL, NULL, NULL, 1),
(413, 'Perfetti Van Melle Bangladesh Pvt. Ltd', '', 1, '2017-05-31 07:24:02', NULL, NULL, NULL, NULL, 1),
(414, 'Golden Ispat Ltd.', '', 1, '2017-05-31 08:20:31', 1, '2017-07-13 11:53:42', NULL, NULL, 1),
(415, 'Poly Cable Ind.Ltd.', '', 1, '2017-05-31 08:39:19', NULL, NULL, NULL, NULL, 1),
(416, 'Havells India Ltd.', '', 1, '2017-05-31 08:45:32', NULL, NULL, NULL, NULL, 1),
(417, 'Romania Food', '', 1, '2017-05-31 08:54:49', NULL, NULL, NULL, NULL, 1),
(418, 'Keya Cosmetics Ltd.', '', 1, '2017-05-31 09:09:24', NULL, NULL, NULL, NULL, 1),
(419, 'The Farmers Bank Ltd.', '', 1, '2017-05-31 09:16:01', NULL, NULL, NULL, NULL, 1),
(420, 'Reckitt benckiser Ltd.', '', 1, '2017-05-31 09:40:58', NULL, NULL, NULL, NULL, 1),
(421, 'Bata', '', 1, '2017-06-01 06:13:56', NULL, NULL, NULL, NULL, 1),
(422, 'Co-Operative Union Ltd.', '', 1, '2017-06-01 08:31:03', NULL, NULL, NULL, NULL, 1),
(423, 'Speed OZ Ltd.', '', 1, '2017-06-01 10:15:04', 1, '2017-07-15 08:49:51', NULL, NULL, 1),
(424, 'Babar', '', 1, '2017-06-01 10:38:36', NULL, NULL, NULL, NULL, 1),
(426, 'Brother\'s Technologies Inc.', '', 1, '2017-06-03 10:26:51', NULL, NULL, NULL, NULL, 1),
(427, 'J & J Accentual Porducts Ltd.', '', 1, '2017-06-03 10:34:17', NULL, NULL, NULL, NULL, 1),
(428, 'The ACME Agrovate & Beverage Ltd.', '', 1, '2017-06-03 10:48:17', NULL, NULL, NULL, NULL, 1),
(429, 'Globe Soft Drinks Ltd.', '', 1, '2017-06-04 09:38:46', NULL, NULL, NULL, NULL, 1),
(430, 'Brush Up', '', 1, '2017-06-04 09:45:46', NULL, NULL, NULL, NULL, 1),
(431, 'Shaheen Food Suppliers', '', 1, '2017-06-04 09:51:34', NULL, NULL, NULL, NULL, 1),
(432, 'Haval-Bangladesh', '', 1, '2017-06-04 10:07:20', NULL, NULL, NULL, NULL, 1),
(433, 'Shanta Holdings', '', 1, '2017-06-04 10:13:00', NULL, NULL, NULL, NULL, 1),
(434, 'Assure Group', '', 1, '2017-06-04 10:37:40', NULL, NULL, NULL, NULL, 1),
(435, 'Danish Foods Ltd.', '', 1, '2017-06-04 10:46:44', NULL, NULL, NULL, NULL, 1),
(436, 'Grow Up', '', 1, '2017-06-04 10:50:34', NULL, NULL, NULL, NULL, 1),
(437, 'Trust Bank Ltd.', '', 1, '2017-06-04 10:54:39', NULL, NULL, NULL, NULL, 1),
(438, 'Kishwan Group', '', 1, '2017-06-04 11:02:08', NULL, NULL, NULL, NULL, 1),
(439, 'Seylon Tea', '', 1, '2017-06-04 11:21:33', NULL, NULL, NULL, NULL, 1),
(440, 'Ifad Multy Products Ltd.', '', 1, '2017-06-05 06:11:51', NULL, NULL, NULL, NULL, 1),
(441, 'Oriental Services Av [BD.] Ltd.', '', 1, '2017-06-05 06:36:31', NULL, NULL, NULL, NULL, 1),
(442, 'Computer City Technologies Ltd.', '', 1, '2017-06-05 06:48:22', NULL, NULL, NULL, NULL, 1),
(443, 'Transcend', '', 1, '2017-06-05 07:02:46', NULL, NULL, NULL, NULL, 1),
(444, 'Profom', '', 1, '2017-06-05 07:06:27', NULL, NULL, NULL, NULL, 1),
(446, 'Smart Technologies (BD) Ltd.', '', 1, '2017-06-05 07:36:08', NULL, NULL, NULL, NULL, 1),
(447, 'Radiant Pharmaceuticals', '', 1, '2017-06-05 07:47:33', NULL, NULL, NULL, NULL, 1),
(448, 'Unique Business Systems Ltd.', '', 1, '2017-06-05 07:53:30', 1, '2017-07-17 07:29:56', NULL, NULL, 1),
(449, 'HP Bangladesh', '', 1, '2017-06-05 08:05:34', NULL, NULL, NULL, NULL, 1),
(450, 'Siraj Cycle Industries Ltd.', '', 1, '2017-06-05 09:24:52', NULL, NULL, NULL, NULL, 1),
(451, 'Bayemporium', '', 1, '2017-06-05 09:25:11', NULL, NULL, NULL, NULL, 1),
(453, 'Nadia Furniture Ltd.', '', 1, '2017-06-08 10:01:32', 1, '2017-06-10 11:45:25', NULL, NULL, 1),
(454, 'Conquest Beverage Ltd.', '', 1, '2017-06-10 11:16:52', 1, '2017-07-13 11:09:23', NULL, NULL, 1),
(455, 'Kumarika', '', 1, '2017-06-11 07:02:56', NULL, NULL, NULL, NULL, 1),
(456, 'ANZ Properties Ltd.', '', 1, '2017-06-11 07:11:20', NULL, NULL, NULL, NULL, 1),
(457, 'Habib Group', '', 1, '2017-06-11 07:22:19', NULL, NULL, NULL, NULL, 1),
(458, 'Labaid Group', '', 1, '2017-06-11 07:34:23', NULL, NULL, NULL, NULL, 1),
(459, 'Kwality', '', 1, '2017-06-11 08:21:51', NULL, NULL, NULL, NULL, 1),
(460, 'Mostafa Hakim Cement Indus. Ltd.', '', 1, '2017-06-11 08:29:38', NULL, NULL, NULL, NULL, 1),
(461, 'Navana Power Generation Ltd.', '', 1, '2017-06-11 08:56:46', NULL, NULL, NULL, NULL, 1),
(462, 'Dabur Bangladesh', '', 1, '2017-06-11 09:32:09', NULL, NULL, NULL, NULL, 1),
(463, 'Reckitt Benckiser Bangladesh Ltd.', '', 1, '2017-06-11 11:06:59', NULL, NULL, NULL, NULL, 1),
(464, 'Islamic Finance And Investment Ltd.', '', 1, '2017-06-11 11:44:25', NULL, NULL, NULL, NULL, 1),
(465, 'Banoful & Co.', '', 1, '2017-06-12 08:26:25', 1, '2017-07-12 08:30:11', NULL, NULL, 1),
(466, 'Peoria Food Products Ltd.', '', 1, '2017-06-12 08:30:02', NULL, NULL, NULL, NULL, 1),
(467, 'MA Enterprise', '', 1, '2017-06-12 09:40:44', NULL, NULL, NULL, NULL, 1),
(468, 'LAVA Bangladesh', '', 1, '2017-06-12 09:53:15', NULL, NULL, NULL, NULL, 1),
(469, 'Northern Hatcheries Ltd.', '', 1, '2017-06-13 06:32:54', NULL, NULL, NULL, NULL, 1),
(470, 'TATA Motors', '', 1, '2017-06-13 06:36:37', NULL, NULL, NULL, NULL, 1),
(472, 'Bombay Sweets & Co.,Ltd.', '', 1, '2017-06-13 07:33:50', 1, '2017-10-01 08:13:29', NULL, NULL, 1),
(473, 'Paradise Cables Ltd.', '', 1, '2017-06-14 11:34:51', NULL, NULL, NULL, NULL, 1),
(474, 'MH Technology Ltd.', '', 1, '2017-06-15 08:29:21', NULL, NULL, NULL, NULL, 1),
(475, 'Alloy Group', '', 1, '2017-06-19 07:02:06', NULL, NULL, NULL, NULL, 1),
(476, 'Star Paradise Ltd.', '', 1, '2017-06-19 08:15:54', NULL, NULL, NULL, NULL, 1),
(477, 'Mastercard', '', 1, '2017-06-19 08:33:24', NULL, NULL, NULL, NULL, 1),
(478, 'Ac', '', 1, '2017-06-19 08:58:25', 1, '2017-07-20 08:25:48', NULL, NULL, 1),
(479, 'Godrej', '', 1, '2017-06-19 10:02:57', NULL, NULL, NULL, NULL, 1),
(480, 'Visa Card', '', 1, '2017-06-19 10:31:41', NULL, NULL, NULL, NULL, 1),
(481, 'Holcim Cement Bangladesh Ltd.', '', 1, '2017-06-19 10:44:01', 1, '2017-08-02 10:57:56', NULL, NULL, 1),
(482, 'Suvastu Development Ltd.', '', 1, '2017-06-19 11:15:04', 1, '2017-07-30 10:02:43', NULL, NULL, 1),
(483, 'Pacific Pharmaceuticals Ltd. ', '', 1, '2017-06-20 06:08:17', NULL, NULL, NULL, NULL, 1),
(484, 'Premium Beverage & Food Ltd.', '', 1, '2017-06-20 07:02:31', NULL, NULL, NULL, NULL, 1),
(485, 'Perfume World', '', 1, '2017-06-20 08:35:00', 1, '2017-06-20 08:37:07', NULL, NULL, 1),
(486, 'GEMS WORLD', '', 1, '2017-06-20 10:23:07', NULL, NULL, NULL, NULL, 1),
(487, 'RAK Ceramics', '', 1, '2017-06-20 11:14:16', NULL, NULL, NULL, NULL, 1),
(488, 'NRB Commercial Bank Ltd.', '', 1, '2017-06-21 07:36:04', 1, '2017-07-24 09:20:49', NULL, NULL, 1),
(489, 'Alibaba Group', '', 1, '2017-06-21 09:04:11', NULL, NULL, NULL, NULL, 1),
(490, 'IPDC Finance Ltd.', '', 1, '2017-06-22 06:16:16', 1, '2017-06-22 06:56:51', NULL, NULL, 1),
(491, 'Rich Man', '', 1, '2017-06-22 06:55:43', NULL, NULL, NULL, NULL, 1),
(492, 'Bishworong', '', 1, '2017-06-22 07:06:39', NULL, NULL, NULL, NULL, 1),
(493, 'Uttara Finance & Investment Ltd.', '', 1, '2017-06-22 07:30:20', NULL, NULL, NULL, NULL, 1),
(494, 'Metro Group', '', 1, '2017-06-22 09:54:29', NULL, NULL, NULL, NULL, 1),
(495, 'Moon Watch', '', 1, '2017-06-22 10:38:52', 1, '2017-08-07 08:58:45', NULL, NULL, 1),
(496, 'Tanishq', '', 1, '2017-06-22 11:25:36', NULL, NULL, NULL, NULL, 1),
(497, 'Swan Properties Ltd.', '', 1, '2017-07-01 09:01:32', NULL, NULL, NULL, NULL, 1),
(498, 'Baba Rafi Bangladesh', '', 1, '2017-07-01 10:05:44', NULL, NULL, NULL, NULL, 1),
(499, 'Commercial Bank of Ceylon PLC', '', 1, '2017-07-01 10:57:50', NULL, NULL, NULL, NULL, 1),
(500, 'Diamond Galaxy', '', 1, '2017-07-01 11:27:27', NULL, NULL, NULL, NULL, 1),
(501, 'Sanji Stainless Steel Ind.', '', 1, '2017-07-01 12:05:02', NULL, NULL, NULL, NULL, 1),
(502, 'Platinum Associats', '', 1, '2017-07-01 12:35:05', NULL, NULL, NULL, NULL, 1),
(503, 'Qatar Airways', '', 1, '2017-07-02 08:11:18', NULL, NULL, NULL, NULL, 1),
(504, 'Euroasia Mattress In Bangladesh', '', 1, '2017-07-02 10:11:06', NULL, NULL, NULL, NULL, 1),
(505, 'Fareast Finance & Investment Ltd.', '', 1, '2017-07-02 10:48:53', 1, '2017-07-02 10:49:44', NULL, NULL, 1),
(506, 'Diamond World Ltd.', '', 1, '2017-07-02 11:05:05', NULL, NULL, NULL, NULL, 1),
(507, 'Pragati Insurance Ltd.', '', 1, '2017-07-02 11:42:02', NULL, NULL, NULL, NULL, 1),
(508, 'Pragati Life Insurance Ltd.', '', 1, '2017-07-02 11:46:29', NULL, NULL, NULL, NULL, 1),
(509, 'Bread & Biscuit Industries Ltd.', '', 1, '2017-07-02 11:55:25', NULL, NULL, NULL, NULL, 1),
(510, 'Globrands', '', 1, '2017-07-03 09:23:32', NULL, NULL, NULL, NULL, 1),
(511, 'ZEiL\'S Shop', '', 1, '2017-07-04 07:43:20', NULL, NULL, NULL, NULL, 1),
(512, 'RC International', '', 1, '2017-07-05 09:30:46', NULL, NULL, NULL, NULL, 1),
(513, 'Mumtaz Harbal Products', '', 1, '2017-07-05 09:41:39', NULL, NULL, NULL, NULL, 1),
(514, 'Amin Jewelers Ltd.', '', 1, '2017-07-05 10:30:18', 1, '2017-07-20 09:34:01', NULL, NULL, 1),
(515, 'Nazrul Brothers Paint Industries', '', 1, '2017-07-09 09:35:42', 1, '2017-07-20 12:10:41', NULL, NULL, 1),
(516, 'Sharif Home Appliance Ltd', '', 1, '2017-07-09 10:44:16', NULL, NULL, NULL, NULL, 1),
(517, 'Netcom Technologies (Pvt.) Ltd.', '', 1, '2017-07-10 07:40:01', NULL, NULL, NULL, NULL, 1),
(518, 'Najifa Technology', '', 1, '2017-07-10 08:08:04', 1, '2017-07-25 09:46:33', NULL, NULL, 1),
(519, 'EMEM Systems Ltd.', '', 1, '2017-07-10 08:20:22', NULL, NULL, NULL, NULL, 1),
(520, 'Sourceedge Ltd.', '', 1, '2017-07-10 08:39:46', 1, '2017-07-15 08:48:37', NULL, NULL, 1),
(521, 'Excel Technologies Ltd.', '', 1, '2017-07-10 08:50:06', 1, '2017-07-10 08:52:02', NULL, NULL, 1),
(522, 'J.A.N. Associates Ltd.', '', 1, '2017-07-10 08:57:25', 1, '2017-07-24 11:08:40', NULL, NULL, 1),
(523, 'South Bangla Computers', '', 1, '2017-07-10 09:33:39', NULL, NULL, NULL, NULL, 1),
(524, 'Computer Solutions Inc.', '', 1, '2017-07-10 09:46:21', NULL, NULL, NULL, NULL, 1),
(525, 'Computer Source', '', 1, '2017-07-10 09:54:04', NULL, NULL, NULL, NULL, 1),
(526, 'IOE (Bangladesh) Ltd.', '', 1, '2017-07-10 10:03:30', 1, '2017-07-13 12:01:45', NULL, NULL, 1),
(527, 'Tettly', '', 1, '2017-07-12 08:48:12', 1, '2017-07-20 10:03:12', NULL, NULL, 1),
(528, 'Metal Group', '', 1, '2017-07-15 10:14:02', 1, '2017-07-19 06:33:16', NULL, NULL, 1),
(529, 'Rancon Home Solutions Ltd.', '', 1, '2017-07-15 11:19:21', NULL, NULL, NULL, NULL, 1),
(530, 'LUB-RREF Bangladesh Ltd.', '', 1, '2017-07-16 08:37:27', NULL, NULL, NULL, NULL, 1),
(531, 'Delco Business Associate Ltd.', '', 1, '2017-07-16 09:02:54', NULL, NULL, NULL, NULL, 1),
(532, 'US-Bangla Assets Ltd.', '', 1, '2017-07-16 09:09:18', 1, '2017-07-17 07:40:35', NULL, NULL, 1),
(533, 'Commercial Bank Ltd.', '', 1, '2017-07-16 12:12:14', NULL, NULL, NULL, NULL, 1),
(534, 'G Gas Ltd.', '', 1, '2017-07-17 06:54:55', NULL, NULL, NULL, NULL, 1),
(535, 'Prime Asset Group', '', 1, '2017-07-17 07:31:43', NULL, NULL, NULL, NULL, 1),
(536, 'Max Group', '', 1, '2017-07-17 07:50:51', NULL, NULL, NULL, NULL, 1),
(537, 'Totalgaz Bangladesh Ltd.', '', 1, '2017-07-17 07:57:19', NULL, NULL, NULL, NULL, 1),
(538, 'Daily Shopping Ltd.', '', 1, '2017-07-17 10:03:56', NULL, NULL, NULL, NULL, 1),
(539, 'Akter Properties Ltd.', '', 1, '2017-07-19 06:58:37', 1, '2017-07-30 09:42:56', NULL, NULL, 1),
(540, 'Tecno Mobile Bangladesh', '', 1, '2017-07-19 07:21:03', NULL, NULL, NULL, NULL, 1),
(542, 'Asian Town Development Ltd.', '', 1, '2017-07-19 08:25:39', NULL, NULL, NULL, NULL, 1),
(543, 'Shimanto Bank Ltd.', '', 1, '2017-07-19 09:27:36', NULL, NULL, NULL, NULL, 1),
(544, 'Habib Bank Ltd.', '', 1, '2017-07-19 09:37:23', NULL, NULL, NULL, NULL, 1),
(545, 'Sunon Furniture Ltd.', '', 1, '2017-07-19 10:30:53', 1, '2017-08-07 09:21:38', NULL, NULL, 1),
(546, 'HSBC Bank Ltd.', '', 1, '2017-07-20 11:03:05', NULL, NULL, NULL, NULL, 1),
(547, 'Navana Petroleum Ltd.', '', 1, '2017-07-22 09:38:20', NULL, NULL, NULL, NULL, 1),
(548, 'Mohammadi Developers Ltd.', '', 1, '2017-07-22 10:09:55', NULL, NULL, NULL, NULL, 1),
(549, 'Bridge Holdings Ltd.', '', 1, '2017-07-22 10:34:26', NULL, NULL, NULL, NULL, 1),
(550, 'The ACME Laboratories Ltd.', '', 1, '2017-07-22 10:39:59', NULL, NULL, NULL, NULL, 1),
(551, 'Global Brand', '', 1, '2017-07-24 07:33:39', NULL, NULL, NULL, NULL, 1),
(552, 'Platinum Group', '', 1, '2017-07-24 09:40:03', NULL, NULL, NULL, NULL, 1),
(553, 'UCC-BD', '', 1, '2017-07-24 12:04:29', NULL, NULL, NULL, NULL, 1),
(554, 'International Computer Network', '', 1, '2017-07-25 08:00:45', NULL, NULL, NULL, NULL, 1),
(555, 'Integra Technologies Ltd.', '', 1, '2017-07-25 08:37:37', NULL, NULL, NULL, NULL, 1),
(556, 'ARA Technologies Ltd.', '', 1, '2017-07-25 09:08:16', NULL, NULL, NULL, NULL, 1),
(557, 'Quazi Enterprises Ltd.', '', 1, '2017-07-25 09:11:05', NULL, NULL, NULL, NULL, 1),
(558, 'Original Store Ltd.', '', 1, '2017-07-25 09:21:19', NULL, NULL, NULL, NULL, 1),
(559, 'Business Machines & Equipment.', '', 1, '2017-07-25 09:38:49', NULL, NULL, NULL, NULL, 1),
(560, 'Speed OZ Limited', '', 1, '2017-07-25 10:51:59', NULL, NULL, NULL, NULL, 1),
(561, 'Kohinoor Azad Food And Beverage Ltd.', '', 1, '2017-07-25 11:04:26', NULL, NULL, NULL, NULL, 1),
(562, 'Grameen Danone Foods Ltd.', '', 1, '2017-07-26 10:35:50', NULL, NULL, NULL, NULL, 1),
(563, 'Adani Wilmar Pte.Ltd.', '', 1, '2017-07-26 10:51:09', NULL, NULL, NULL, NULL, 1),
(564, 'Sal-Sabeel', '', 1, '2017-07-29 09:28:29', NULL, NULL, NULL, NULL, 1),
(565, 'Kiam Metal Industries Ltd.', '', 1, '2017-07-29 11:42:38', NULL, NULL, NULL, NULL, 1),
(566, 'Dell Bangladesh', '', 1, '2017-07-30 09:23:20', NULL, NULL, NULL, NULL, 1),
(567, 'Nassa Holdings Ltd.', '', 1, '2017-07-30 09:32:26', NULL, NULL, NULL, NULL, 1),
(568, 'Building For Future Ltd.', '', 1, '2017-07-30 10:12:45', NULL, NULL, NULL, NULL, 1),
(569, 'Gazi Group', '', 1, '2017-08-01 08:45:26', NULL, NULL, NULL, NULL, 1),
(570, 'Incepta Pharmaceuticals Ltd.', '', 1, '2017-08-02 06:43:23', NULL, NULL, NULL, NULL, 1),
(571, 'Rupali Insurance Company Ltd.', '', 1, '2017-08-02 06:53:10', NULL, NULL, NULL, NULL, 1),
(572, 'Prime Finance Asset Management Company Ltd.', '', 1, '2017-08-02 07:05:43', NULL, NULL, NULL, NULL, 1),
(573, 'Sandhani Life Unit Fund', '', 1, '2017-08-02 07:16:43', NULL, NULL, NULL, NULL, 1),
(574, 'VIPB Accelerated Income Unit Fund', '', 1, '2017-08-02 07:22:00', NULL, NULL, NULL, NULL, 1),
(575, 'Alliance Capital Asset Management Ltd.', '', 1, '2017-08-02 07:26:44', NULL, NULL, NULL, NULL, 1),
(576, 'Hajj Finance Company Ltd.', '', 1, '2017-08-02 08:32:55', NULL, NULL, NULL, NULL, 1),
(577, 'Bank Alfalah Ltd.', '', 1, '2017-08-02 12:04:58', NULL, NULL, NULL, NULL, 1),
(580, 'Aftab Automobiles Ltd.', '', 1, '2017-08-03 11:31:52', NULL, NULL, NULL, NULL, 1),
(581, 'Asset Davelopments and Holdings Ltd.', '', 1, '2017-08-03 11:47:00', 1, '2017-08-09 09:07:05', NULL, NULL, 1),
(582, 'BENGAL Plastics Ltd.', '', 1, '2017-08-05 11:18:39', NULL, NULL, NULL, NULL, 1),
(583, 'Asset Davelopments', '', 1, '2017-08-05 11:26:19', NULL, NULL, NULL, NULL, 1),
(584, 'Manarat International University', '', 1, '2017-08-06 07:24:40', NULL, NULL, NULL, NULL, 1),
(585, 'Rani Re-Rolling Mills Ltd.', '', 1, '2017-08-06 08:06:09', 1, '2017-08-07 08:48:59', NULL, NULL, 1),
(586, 'Xiaomi Bangladesh', '', 1, '2017-08-09 07:27:28', NULL, NULL, NULL, NULL, 1),
(588, 'SKRP Group', '', 1, '2017-08-09 11:38:42', NULL, NULL, NULL, NULL, 1),
(589, 'Taiyoba Electronics Industries Ltd.', '', 1, '2017-08-10 10:05:03', NULL, NULL, NULL, NULL, 1),
(590, 'Akboria Group', '', 1, '2017-08-10 10:46:55', NULL, NULL, NULL, NULL, 1),
(591, 'Anira International Ltd.', '', 1, '2017-08-13 07:01:49', NULL, NULL, NULL, NULL, 1),
(592, 'AWR Real Estate', '', 1, '2017-08-13 10:15:48', NULL, NULL, NULL, NULL, 1),
(594, 'South Breeze Housing Ltd.', '', 1, '2017-08-14 07:26:29', NULL, NULL, NULL, NULL, 1),
(595, 'Guardian Life Insurance Ltd.', '', 1, '2017-08-14 10:33:44', NULL, NULL, NULL, NULL, 1),
(596, 'Bangladesh Development Company Ltd.', '', 1, '2017-08-16 09:25:33', NULL, NULL, NULL, NULL, 1),
(597, 'Prime Exchange Co.Pte Ltd.', '', 1, '2017-08-16 10:09:31', NULL, NULL, NULL, NULL, 1),
(598, 'Diamond Cement Ltd.', '', 1, '2017-08-19 10:06:45', NULL, NULL, NULL, NULL, 1),
(599, 'Niloy Motors Ltd.', '', 1, '2017-08-19 10:21:54', NULL, NULL, NULL, NULL, 1),
(600, 'Hamid Group', '', 1, '2017-08-20 09:46:26', NULL, NULL, NULL, NULL, 1),
(601, 'Assort Housing & Engineering Ltd.', '', 1, '2017-08-20 10:34:06', NULL, NULL, NULL, NULL, 1),
(602, 'Manama Devlopments Ltd.', '', 1, '2017-08-20 10:51:06', NULL, NULL, NULL, NULL, 1),
(603, 'Ena Properties', '', 1, '2017-08-20 10:59:38', NULL, NULL, NULL, NULL, 1),
(604, 'MRS Industiries Ltd.', '', 1, '2017-08-23 09:02:51', 1, '2017-08-23 09:33:45', NULL, NULL, 1),
(606, 'Islam Motors Ltd.', '', 1, '2017-08-23 10:25:16', NULL, NULL, NULL, NULL, 1);
INSERT INTO `company` (`Id`, `Name`, `Description`, `EntryBy`, `EntryDateTime`, `UpdateBy`, `UpdateTime`, `DeleteBy`, `DeleteDateTime`, `State`) VALUES
(607, 'M/S Enam Motors Ltd.', '', 1, '2017-08-23 11:34:29', NULL, NULL, NULL, NULL, 1),
(608, 'Bashundhara Food & Beverage Industries Ltd.', '', 1, '2017-08-26 09:32:53', NULL, NULL, NULL, NULL, 1),
(609, 'Daraz.com.BD', '', 1, '2017-08-27 06:13:41', 1, '2017-11-07 05:53:09', NULL, NULL, 1),
(610, 'Sonik Prime Group', '', 1, '2017-08-27 08:10:15', NULL, NULL, NULL, NULL, 1),
(612, 'Leo Diamond', '', 1, '2017-08-29 08:09:46', NULL, NULL, NULL, NULL, 1),
(613, 'Shoeniverse Footwear Ltd.', '', 1, '2017-08-29 09:33:36', NULL, NULL, NULL, NULL, 1),
(614, 'Kare Essential Products Ltd.', '', 1, '2017-08-29 12:01:03', NULL, NULL, NULL, NULL, 1),
(615, 'Agrivita Bangladesh Ltd.', '', 1, '2017-08-30 08:28:51', NULL, NULL, NULL, NULL, 1),
(616, 'Cute BD', '', 1, '2017-08-30 10:15:00', NULL, NULL, NULL, NULL, 1),
(617, 'Lotus Kamal Properties Ltd.', '', 1, '2017-08-30 11:33:14', NULL, NULL, NULL, NULL, 1),
(618, 'Toka Ink Bangladesh Ltd.', '', 1, '2017-09-06 11:02:59', NULL, NULL, NULL, NULL, 1),
(619, 'Multilink International Co.Ltd.', '', 1, '2017-09-07 06:19:38', NULL, NULL, NULL, NULL, 1),
(620, 'QUASEM', 'General', 1, '2017-09-07 08:01:40', NULL, NULL, NULL, NULL, 1),
(621, 'Rigs Herbs', '', 1, '2017-09-07 09:55:47', NULL, NULL, NULL, NULL, 1),
(622, 'Ahmed Food Products (Pvt.) Ltd.', '', 1, '2017-09-07 10:32:29', NULL, NULL, NULL, NULL, 1),
(623, 'Impulse Hospital', '', 1, '2017-09-14 06:39:39', NULL, NULL, NULL, NULL, 1),
(624, 'Reveta Park City', '', 1, '2017-09-14 06:48:02', NULL, NULL, NULL, NULL, 1),
(626, 'Incepta Hygiene & Hospicare Ltd.', '', 1, '2017-09-16 11:08:53', NULL, NULL, NULL, NULL, 1),
(627, 'Bhalogari', '', 1, '2017-09-16 11:20:58', NULL, NULL, NULL, NULL, 1),
(629, 'International Convention City Bashundhara', '', 1, '2017-09-18 09:11:06', NULL, NULL, NULL, NULL, 1),
(630, 'Baizid Steel', '', 1, '2017-09-21 11:09:12', NULL, NULL, NULL, NULL, 1),
(631, 'Kallol Enterprise Ltd.', '', 1, '2017-09-24 09:58:19', NULL, NULL, NULL, NULL, 1),
(632, 'Rahim Super Extreme Ltd.', '', 1, '2017-09-25 08:27:39', NULL, NULL, NULL, NULL, 1),
(633, 'Great Wall Ceramic Industries Ltd.', '', 1, '2017-09-25 08:35:00', NULL, NULL, NULL, NULL, 1),
(634, 'Koncept Furniture', '', 1, '2017-09-27 07:15:48', NULL, NULL, NULL, NULL, 1),
(635, 'Mostafa Group', '', 1, '2017-10-01 07:59:17', NULL, NULL, NULL, NULL, 1),
(636, 'Lovello', '', 1, '2017-10-02 03:47:55', NULL, NULL, NULL, NULL, 1),
(637, 'Union Bd Consumer Ltd.', 'Union Bd Consumer Ltd.\r\n', 1, '2017-10-02 08:09:23', NULL, NULL, NULL, NULL, 1),
(638, 'Khusboo Bd.', 'Khusboo Bd.\r\n', 1, '2017-10-02 08:25:33', NULL, NULL, NULL, NULL, 1),
(639, 'Bengal Digital', 'Bengal Digital\r\n', 1, '2017-10-02 09:10:29', NULL, NULL, NULL, NULL, 1),
(640, 'Pearls Paradise Ltd.', '', 1, '2017-10-03 06:15:56', 1, '2017-10-03 06:17:32', NULL, NULL, 1),
(641, 'Rak Paint Bangladesh Ltd.', '', 1, '2017-10-03 07:58:37', NULL, NULL, NULL, NULL, 1),
(642, 'DOM-INNO', '', 1, '2017-10-11 07:13:37', NULL, NULL, NULL, NULL, 1),
(643, 'Western Electronics Industries.', 'Western Electronics Industries.', 1, '2017-10-12 07:26:43', NULL, NULL, NULL, NULL, 1),
(644, 'Azam Food Ltd.', '', 1, '2017-10-15 10:29:14', NULL, NULL, NULL, NULL, 1),
(645, 'Matador Group', '', 1, '2017-10-16 10:14:04', NULL, NULL, NULL, NULL, 1),
(646, 'Fully Furnished Ltd.', '', 1, '2017-10-17 09:17:04', NULL, NULL, NULL, NULL, 1),
(647, 'Omera Petroleum Ltd.', 'Omera Petroleum Ltd.\r\n', 1, '2017-10-19 09:23:54', NULL, NULL, NULL, NULL, 1),
(648, 'Gourmet Bazar Ltd.', '', 1, '2017-10-22 07:13:34', NULL, NULL, NULL, NULL, 1),
(649, 'Wipro Consumer Care & Lighting', '', 1, '2017-10-22 08:25:45', NULL, NULL, NULL, NULL, 1),
(650, 'Taipei Bangla Fabrics Ltd.', '', 1, '2017-10-24 08:09:44', NULL, NULL, NULL, NULL, 1),
(651, 'Bengal Meat', 'Bengal Meat', 1, '2017-10-25 11:33:07', NULL, NULL, NULL, NULL, 1),
(652, 'Star Ceramics', '', 1, '2017-10-26 10:12:21', NULL, NULL, NULL, NULL, 1),
(653, 'Orion Tea Company Ltd.', '', 1, '2017-10-26 10:50:16', NULL, NULL, NULL, NULL, 1),
(654, 'Emerald Trading Ltd.', '', 1, '2017-10-26 11:01:46', NULL, NULL, NULL, NULL, 1),
(655, 'Saad Musa Group', '', 1, '2017-10-29 07:30:53', NULL, NULL, NULL, NULL, 1),
(656, 'Swadesh Properties Ltd.', '', 1, '2017-10-29 07:51:19', NULL, NULL, NULL, NULL, 1),
(657, 'Igloo', '', 1, '2017-10-29 09:16:27', NULL, NULL, NULL, NULL, 1),
(658, 'Omron Healthcare Bangladesh Ltd.', '', 1, '2017-10-30 09:09:23', NULL, NULL, NULL, NULL, 1),
(659, 'Microtrade Food & Beverage Ltd.', '', 1, '2017-10-30 09:35:08', NULL, NULL, NULL, NULL, 1),
(660, 'Zanzee bd', '', 1, '2017-10-30 09:45:43', NULL, NULL, NULL, NULL, 1),
(661, 'SACO Watch Co.', '', 1, '2017-10-30 10:01:43', NULL, NULL, NULL, NULL, 1),
(662, 'HAQUE', '', 1, '2017-10-30 10:07:46', NULL, NULL, NULL, NULL, 1),
(663, 'Olive Homes Ltd.', '', 1, '2017-11-01 09:05:04', NULL, NULL, NULL, NULL, 1),
(664, 'Ranks FC Properties Ltd.', '', 1, '2017-11-02 08:35:41', NULL, NULL, NULL, NULL, 1),
(665, 'Binary Logic', '', 1, '2017-11-02 10:21:20', NULL, NULL, NULL, NULL, 1),
(666, 'Heidelberge Cement Group', '', 1, '2017-11-07 06:18:59', NULL, NULL, NULL, NULL, 1),
(667, 'I.P.Manufacturing Ltd.', '', 1, '2017-11-07 07:34:51', NULL, NULL, NULL, NULL, 1),
(668, 'Edison Properties', '', 1, '2017-11-07 08:43:24', NULL, NULL, NULL, NULL, 1),
(669, 'Transcom Consumer Products Ltd.', '', 1, '2017-11-07 10:16:53', NULL, NULL, NULL, NULL, 1),
(670, 'Nahee SS Pipe', '', 1, '2017-11-08 09:31:17', NULL, NULL, NULL, NULL, 1),
(671, 'Union Development & Technologies Ltd.', '', 1, '2017-11-08 10:22:47', NULL, NULL, NULL, NULL, 1),
(672, 'SONY RANGS', '', 1, '2017-11-09 10:41:42', NULL, NULL, NULL, NULL, 1),
(673, 'Rangdhanu Group', '', 1, '2017-11-13 08:57:30', NULL, NULL, NULL, NULL, 1),
(674, 'Polar', '', 1, '2017-11-14 09:10:27', NULL, NULL, NULL, NULL, 1),
(675, 'Bengal Foundation', '', 1, '2017-11-28 07:02:10', NULL, NULL, NULL, NULL, 1),
(676, 'TIB', '', 1, '2017-12-13 10:43:19', NULL, NULL, NULL, NULL, 1),
(677, 'BTRC', '', 1, '2017-12-14 05:53:46', NULL, NULL, NULL, NULL, 1),
(678, 'Jica', '', 1, '2017-12-14 09:43:52', NULL, NULL, NULL, NULL, 1);

-- --------------------------------------------------------

--
-- Table structure for table `dataentry`
--

CREATE TABLE `dataentry` (
  `Id` int(11) NOT NULL,
  `BatchId` varchar(30) COLLATE utf8_unicode_ci DEFAULT NULL,
  `MediaId` int(11) DEFAULT NULL,
  `PublicationId` int(3) DEFAULT NULL,
  `Date` date DEFAULT NULL,
  `EntryBy` int(3) DEFAULT NULL,
  `EntrydateTime` datetime DEFAULT NULL,
  `UpdateBy` int(3) DEFAULT NULL,
  `UpdateDateTime` datetime DEFAULT NULL,
  `DeleteBy` int(3) DEFAULT NULL,
  `DeleteDateTime` datetime DEFAULT NULL,
  `Name` varchar(100) COLLATE utf8_unicode_ci NOT NULL,
  `State` tinyint(3) DEFAULT '1'
) ENGINE=InnoDB DEFAULT CHARSET=utf8 COLLATE=utf8_unicode_ci;

--
-- Dumping data for table `dataentry`
--

INSERT INTO `dataentry` (`Id`, `BatchId`, `MediaId`, `PublicationId`, `Date`, `EntryBy`, `EntrydateTime`, `UpdateBy`, `UpdateDateTime`, `DeleteBy`, `DeleteDateTime`, `Name`, `State`) VALUES
(251, '1', 140, 263, '2018-08-01', 1, '2018-08-07 10:24:02', NULL, NULL, NULL, NULL, '', 1),
(252, '2', 141, 262, '2018-08-02', 1, '2018-08-07 10:25:01', NULL, NULL, NULL, NULL, '', 1),
(253, '3', 140, 263, '2018-08-04', 1, '2018-08-07 10:26:11', NULL, NULL, NULL, NULL, '', 1),
(254, '4', 142, 259, '2018-07-02', 1, '2018-08-07 10:27:27', NULL, NULL, NULL, NULL, '', 1),
(255, '5', 141, 262, '2018-07-11', 1, '2018-08-07 10:28:54', NULL, NULL, NULL, NULL, '', 1),
(256, '6', 142, 259, '2018-09-03', 1, '2018-09-03 07:33:42', NULL, NULL, NULL, NULL, '', 1),
(257, '7', 44, 112, '2018-09-03', 1, '2018-09-03 07:36:33', NULL, NULL, NULL, NULL, '', 1),
(258, '8', 32, 84, '2018-09-03', 1, '2018-09-03 07:37:56', NULL, NULL, NULL, NULL, '', 1),
(259, '9', 25, 79, '2018-09-03', 1, '2018-09-03 07:39:19', NULL, NULL, NULL, NULL, '', 1),
(260, '10', 4, 58, '2018-09-03', 1, '2018-09-03 07:41:01', NULL, NULL, NULL, NULL, '', 1),
(261, '10', 11, 65, '2018-09-03', 1, '2018-09-03 07:51:17', NULL, NULL, NULL, NULL, '', 1),
(262, '10', 142, 259, '2018-09-03', 1, '2018-09-03 08:55:40', NULL, NULL, NULL, NULL, '', 1),
(263, '10', 44, 112, '2018-09-03', 1, '2018-09-03 08:59:44', NULL, NULL, NULL, NULL, '', 1),
(264, '10', 142, 259, '2018-09-03', 1, '2018-09-03 09:01:31', NULL, NULL, NULL, NULL, '', 1),
(265, '10', 142, 259, '2018-09-03', 1, '2018-09-03 09:03:05', NULL, NULL, NULL, NULL, '', 1),
(266, '10', 142, 259, '2018-09-03', 1, '2018-09-03 09:08:59', NULL, NULL, NULL, NULL, '', 1),
(267, '10', 142, 259, '2018-09-03', 1, '2018-09-03 09:11:44', NULL, NULL, NULL, NULL, '', 1),
(268, '10', 142, 259, '2018-09-03', 1, '2018-09-03 09:21:18', NULL, NULL, NULL, NULL, '', 1),
(269, '10', 142, 259, '2018-09-03', 1, '2018-09-03 09:22:14', NULL, NULL, NULL, NULL, '', 1),
(270, '10', 142, 259, '2018-09-03', 1, '2018-09-03 09:28:55', NULL, NULL, NULL, NULL, '', 1),
(271, '10', 142, 259, '2018-09-03', 1, '2018-09-03 11:15:42', NULL, NULL, NULL, NULL, '', 1),
(272, '10', 142, 259, '2018-09-03', 1, '2018-09-03 11:24:45', NULL, NULL, NULL, NULL, '', 1),
(273, '10', 142, 259, '2018-09-03', 1, '2018-09-03 11:27:16', NULL, NULL, NULL, NULL, '', 1),
(274, '10', 142, 259, '2018-09-03', 1, '2018-09-03 11:29:20', NULL, NULL, NULL, NULL, '', 1),
(275, '10', 142, 259, '2018-09-03', 1, '2018-09-03 11:31:17', NULL, NULL, NULL, NULL, '', 1),
(276, '10', 142, 259, '2018-09-03', 1, '2018-09-03 11:32:52', NULL, NULL, NULL, NULL, '', 1),
(277, '0', 0, 0, NULL, 1, '2018-09-03 11:35:46', NULL, NULL, NULL, NULL, '', 1),
(278, '10', 142, 259, '2018-09-03', 1, '2018-09-03 11:36:14', NULL, NULL, NULL, NULL, '', 1),
(279, '10', 142, 259, '2018-09-03', 1, '2018-09-03 11:37:23', NULL, NULL, NULL, NULL, '', 1),
(280, '10', 142, 259, '2018-09-03', 1, '2018-09-03 11:38:39', NULL, NULL, NULL, NULL, '', 1),
(281, '10', 142, 259, '2018-09-03', 1, '2018-09-03 11:39:37', NULL, NULL, NULL, NULL, '', 1),
(282, '10', 142, 259, '2018-09-03', 1, '2018-09-03 11:45:57', NULL, NULL, NULL, NULL, '', 1),
(283, '10', 142, 259, '2018-09-03', 1, '2018-09-03 11:47:24', NULL, NULL, NULL, NULL, '', 1),
(284, '10', 142, 259, '2018-09-03', 1, '2018-09-03 11:48:39', NULL, NULL, NULL, NULL, '', 1),
(285, '10', 142, 259, '2018-09-03', 1, '2018-09-03 11:49:54', NULL, NULL, NULL, NULL, '', 1),
(286, '10', 142, 259, '2018-09-03', 1, '2018-09-03 11:54:32', NULL, NULL, NULL, NULL, '', 1),
(287, '10', 142, 259, '2018-09-03', 1, '2018-09-03 11:55:54', NULL, NULL, NULL, NULL, '', 1),
(288, '10', 142, 259, '2018-09-03', 1, '2018-09-03 11:57:55', NULL, NULL, NULL, NULL, '', 1),
(289, '10', 44, 112, '2018-09-18', 1, '2018-09-18 07:20:03', NULL, NULL, NULL, NULL, '', 1),
(290, '10', 44, 112, '2018-09-18', 1, '2018-09-18 07:39:04', NULL, NULL, NULL, NULL, '', 1),
(291, '10', 44, 112, '2018-09-18', 1, '2018-09-18 08:50:10', NULL, NULL, NULL, NULL, '', 1),
(292, '10', 44, 112, '2018-09-18', 1, '2018-09-18 08:51:41', NULL, NULL, NULL, NULL, '', 1),
(293, '10', 44, 112, '2018-09-18', 1, '2018-09-18 08:52:38', NULL, NULL, NULL, NULL, '', 1),
(294, '10', 44, 112, '2018-09-18', 1, '2018-09-18 08:53:07', NULL, NULL, NULL, NULL, '', 1),
(295, '10', 44, 112, '2018-09-18', 1, '2018-09-18 08:53:58', NULL, NULL, NULL, NULL, '', 1),
(296, '10', 44, 112, '2018-09-18', 1, '2018-09-18 08:57:52', NULL, NULL, NULL, NULL, '', 1),
(297, '10', 44, 112, '2018-09-18', 1, '2018-09-18 08:58:16', NULL, NULL, NULL, NULL, '', 1),
(298, '10', 44, 112, '2018-09-18', 1, '2018-09-18 08:59:40', NULL, NULL, NULL, NULL, '', 1),
(299, '10', 44, 112, '2018-09-18', 1, '2018-09-18 09:04:40', NULL, NULL, NULL, NULL, '', 1);

-- --------------------------------------------------------

--
-- Table structure for table `dataentrydetails`
--

CREATE TABLE `dataentrydetails` (
  `Id` int(11) NOT NULL,
  `DataentryId` int(11) DEFAULT NULL,
  `ProductId` int(4) DEFAULT NULL,
  `ProductCatId` int(4) DEFAULT NULL,
  `CompanyId` int(4) DEFAULT NULL,
  `Caption` varchar(255) CHARACTER SET utf8 DEFAULT NULL,
  `AdType` varchar(20) COLLATE utf8_unicode_ci DEFAULT NULL,
  `HueId` int(3) DEFAULT NULL,
  `KeywordId` int(3) NOT NULL,
  `PlaceingId` int(3) DEFAULT NULL,
  `subBrandId` int(11) NOT NULL,
  `PositionId` int(4) DEFAULT NULL,
  `PositionName` varchar(20) COLLATE utf8_unicode_ci NOT NULL,
  `PageId` varchar(3) COLLATE utf8_unicode_ci DEFAULT NULL,
  `Cols` int(3) DEFAULT NULL,
  `Inchs` int(3) DEFAULT NULL,
  `PageNo` int(3) DEFAULT NULL,
  `NewstypeId` int(11) DEFAULT NULL,
  `Image` varchar(255) COLLATE utf8_unicode_ci DEFAULT NULL,
  `Keyword` varchar(100) COLLATE utf8_unicode_ci DEFAULT NULL,
  `Remarks` text COLLATE utf8_unicode_ci,
  `EntryBy` int(3) DEFAULT NULL,
  `EntrydateTime` datetime DEFAULT NULL,
  `PublicationLan` varchar(255) COLLATE utf8_unicode_ci NOT NULL,
  `PublicationFreq` varchar(255) COLLATE utf8_unicode_ci NOT NULL,
  `PublicationPlace` varchar(255) COLLATE utf8_unicode_ci NOT NULL,
  `PublicationType` varchar(255) COLLATE utf8_unicode_ci NOT NULL,
  `UpdateBy` int(3) DEFAULT NULL,
  `UpdateDateTime` datetime DEFAULT NULL,
  `DeleteBy` int(3) DEFAULT NULL,
  `DeleteDateTime` datetime DEFAULT NULL,
  `State` tinyint(3) DEFAULT '1',
  `outlook` varchar(255) COLLATE utf8_unicode_ci NOT NULL
) ENGINE=InnoDB DEFAULT CHARSET=utf8 COLLATE=utf8_unicode_ci;

--
-- Dumping data for table `dataentrydetails`
--

INSERT INTO `dataentrydetails` (`Id`, `DataentryId`, `ProductId`, `ProductCatId`, `CompanyId`, `Caption`, `AdType`, `HueId`, `KeywordId`, `PlaceingId`, `subBrandId`, `PositionId`, `PositionName`, `PageId`, `Cols`, `Inchs`, `PageNo`, `NewstypeId`, `Image`, `Keyword`, `Remarks`, `EntryBy`, `EntrydateTime`, `PublicationLan`, `PublicationFreq`, `PublicationPlace`, `PublicationType`, `UpdateBy`, `UpdateDateTime`, `DeleteBy`, `DeleteDateTime`, `State`, `outlook`) VALUES
(240, 251, 86, 0, 0, 'ewrewrewrwer', '0', 1, 0, NULL, 27, NULL, '5-5', '17', 3, 3, 16, 6, 'NT_PN_Back Before _PNO_16_POS_5-5_SZ_9_DT_07-08-2018_1533630248.jpg', '5', '0', 1, '2018-08-07 10:24:08', '', '', '', '', NULL, NULL, NULL, NULL, 1, '1'),
(241, 252, 81, 0, 0, 'yrtyrty', '0', 2, 0, NULL, 30, NULL, '2-2', '32', 6, 5, 19, 7, 'SK-N_PN_Middle Page_PNO_19_POS_2-2_SZ_30_DT_07-08-2018_1533630309.jpg', '14', '0', 1, '2018-08-07 10:25:09', '', '', '', '', NULL, NULL, NULL, NULL, 1, '2'),
(242, 253, 87, 0, 0, 'yuiyuiuuuuuuuuuuuuuuu', '0', 1, 0, NULL, 1746, NULL, '2-4', '28', 4, 4, 8, 9, 'NT_PN_Front Inside Cover_PNO_8_POS_2-4_SZ_16_DT_07-08-2018_1533630377.jpg', '6', '0', 1, '2018-08-07 10:26:17', '', '', '', '', NULL, NULL, NULL, NULL, 1, '3'),
(243, 254, 87, 0, 0, 'trtttttttttttttttttttt', '0', 1, 0, NULL, 28, NULL, '4-3', '31', 3, 4, 19, 6, 'AD_PN_Back Folding Page_PNO_19_POS_4-3_SZ_12_DT_07-08-2018_1533630454.jpg', '4', '0', 1, '2018-08-07 10:27:35', '', '', '', '', NULL, NULL, NULL, NULL, 1, '1'),
(244, 255, 521, 0, 0, 'dddddddddddfdfdf', '0', 1, 0, NULL, 1845, NULL, '2-1', '33', 3, 2, 2, 7, 'SK-N_PN_Front Inside_PNO_2_POS_2-1_SZ_6_DT_07-08-2018_1533630541.jpg', '12', '0', 1, '2018-08-07 10:29:01', '', '', '', '', NULL, NULL, NULL, NULL, 1, '1'),
(248, 299, 0, 0, 0, '', '0', 0, 0, NULL, 0, NULL, '', '0', 0, 0, 1, 0, '', 'ACI, Anwar Group, Bata, Berger, Bikroy.com, ', '0', 1, '2018-09-18 09:04:40', '', '', '', '', NULL, NULL, NULL, NULL, 1, '0');

-- --------------------------------------------------------

--
-- Table structure for table `dataentryreport`
--

CREATE TABLE `dataentryreport` (
  `Id` int(11) NOT NULL,
  `DataEntryId` int(11) DEFAULT NULL,
  `BatchId` varchar(30) COLLATE utf8_unicode_ci DEFAULT NULL,
  `MediaId` varchar(100) COLLATE utf8_unicode_ci DEFAULT NULL,
  `PublicationName` varchar(200) COLLATE utf8_unicode_ci DEFAULT NULL,
  `PublicationLan` varchar(255) COLLATE utf8_unicode_ci NOT NULL,
  `PublicationType` varchar(255) COLLATE utf8_unicode_ci NOT NULL,
  `PublicationFreq` varchar(255) COLLATE utf8_unicode_ci NOT NULL,
  `PublicationPlace` varchar(255) COLLATE utf8_unicode_ci NOT NULL,
  `ProductName` varchar(200) COLLATE utf8_unicode_ci DEFAULT NULL,
  `ProductCatName` varchar(200) COLLATE utf8_unicode_ci DEFAULT NULL,
  `BrandName` varchar(200) COLLATE utf8_unicode_ci DEFAULT NULL,
  `subBrand` varchar(255) COLLATE utf8_unicode_ci NOT NULL,
  `Company` varchar(20) COLLATE utf8_unicode_ci NOT NULL,
  `Caption` text CHARACTER SET utf8,
  `Date` date DEFAULT NULL,
  `AdType` varchar(20) COLLATE utf8_unicode_ci DEFAULT NULL,
  `HueName` varchar(200) COLLATE utf8_unicode_ci DEFAULT NULL,
  `PlaceingName` varchar(200) COLLATE utf8_unicode_ci DEFAULT NULL,
  `PositionName` varchar(200) COLLATE utf8_unicode_ci DEFAULT NULL,
  `PageId` varchar(200) COLLATE utf8_unicode_ci DEFAULT NULL,
  `Cols` int(3) DEFAULT NULL,
  `Inchs` int(3) DEFAULT NULL,
  `Price` decimal(15,2) DEFAULT NULL,
  `PageNo` int(3) DEFAULT NULL,
  `NewstypeName` varchar(200) COLLATE utf8_unicode_ci DEFAULT NULL,
  `Image` varchar(255) COLLATE utf8_unicode_ci DEFAULT NULL,
  `Keyword` varchar(100) COLLATE utf8_unicode_ci DEFAULT NULL,
  `Remarks` text COLLATE utf8_unicode_ci,
  `EntryBy` int(3) DEFAULT NULL,
  `EntrydateTime` datetime DEFAULT NULL,
  `UpdateBy` int(3) DEFAULT NULL,
  `UpdateDateTime` datetime DEFAULT NULL,
  `DeleteBy` int(3) DEFAULT NULL,
  `DeleteDateTime` datetime DEFAULT NULL,
  `State` tinyint(3) DEFAULT '1',
  `outlook` varchar(255) COLLATE utf8_unicode_ci NOT NULL
) ENGINE=InnoDB DEFAULT CHARSET=utf8 COLLATE=utf8_unicode_ci;

--
-- Dumping data for table `dataentryreport`
--

INSERT INTO `dataentryreport` (`Id`, `DataEntryId`, `BatchId`, `MediaId`, `PublicationName`, `PublicationLan`, `PublicationType`, `PublicationFreq`, `PublicationPlace`, `ProductName`, `ProductCatName`, `BrandName`, `subBrand`, `Company`, `Caption`, `Date`, `AdType`, `HueName`, `PlaceingName`, `PositionName`, `PageId`, `Cols`, `Inchs`, `Price`, `PageNo`, `NewstypeName`, `Image`, `Keyword`, `Remarks`, `EntryBy`, `EntrydateTime`, `UpdateBy`, `UpdateDateTime`, `DeleteBy`, `DeleteDateTime`, `State`, `outlook`) VALUES
(240, 251, '1', 'NT', 'uytuyuyrtrty', 'Bangla', 'Magazine', 'Fortnightly', 'Sylhet', 'Cosmetics & Toiletries', 'Cream', '0', 'Click CFL Light', 'Pran RFL Group', 'ewrewrewrwer', '2018-08-01', '1', 'Color', NULL, '5-5', 'Back Before ', 3, 3, '0.00', 16, 'News', 'NT_PN_Back Before _PNO_16_POS_5-5_SZ_9_DT_07-08-2018_1533630248.jpg', 'CPD', '0', 1, '2018-08-07 10:24:08', NULL, NULL, NULL, NULL, 1, 'Normal'),
(241, 252, '2', 'SK-N', 'yrrrrrrr', 'Bangla', 'Supplementary', 'Weekly', 'Chittagong', 'Cosmetics & Toiletries', 'Baby Powder', '0', 'Click Table Fan', 'Pran RFL Group', 'yrtyrty', '2018-08-02', '1', 'Black & White', NULL, '2-2', 'Middle Page', 6, 5, '0.00', 19, 'Features', 'SK-N_PN_Middle Page_PNO_19_POS_2-2_SZ_30_DT_07-08-2018_1533630309.jpg', 'ACI', '0', 1, '2018-08-07 10:25:09', NULL, NULL, NULL, NULL, 1, 'Positive'),
(242, 253, '3', 'NT', 'uytuyuyrtrty', 'Bangla', 'Magazine', 'Fortnightly', 'Sylhet', 'Cosmetics & Toiletries', 'Fairness Cream', '0', 'Bajaj Avenger', 'Uttara Motors Ltd.', 'yuiyuiuuuuuuuuuuuuuuu', '2018-08-04', '1', 'Color', NULL, '2-4', 'Front Inside Cover', 4, 4, '0.00', 8, 'Post Editorial ', 'NT_PN_Front Inside Cover_PNO_8_POS_2-4_SZ_16_DT_07-08-2018_1533630377.jpg', 'TIB', '0', 1, '2018-08-07 10:26:17', NULL, NULL, NULL, NULL, 1, 'Negative'),
(243, 254, '4', 'AD', 'sadasd', 'Bangla', 'Newspaper ', 'Daily', 'Dhaka', 'Cosmetics & Toiletries', 'Fairness Cream', '0', 'Click LED Light', 'Pran RFL Group', 'trtttttttttttttttttttt', '2018-07-02', '1', 'Color', NULL, '4-3', 'Back Folding Page', 3, 4, '0.00', 19, 'News', 'AD_PN_Back Folding Page_PNO_19_POS_4-3_SZ_12_DT_07-08-2018_1533630454.jpg', 'BTRC', '0', 1, '2018-08-07 10:27:35', NULL, NULL, NULL, NULL, 1, 'Normal'),
(244, 255, '5', 'SK-N', 'yrrrrrrr', 'Bangla', 'Supplementary', 'Weekly', 'Chittagong', 'Home Appliance', 'Kettle', '0', 'Berger Breathe Easy', 'Berger Paints Bangla', 'dddddddddddfdfdf', '2018-07-11', '1', 'Color', NULL, '2-1', 'Front Inside', 3, 2, '0.00', 2, 'Features', 'SK-N_PN_Front Inside_PNO_2_POS_2-1_SZ_6_DT_07-08-2018_1533630541.jpg', 'Ispahani', '0', 1, '2018-08-07 10:29:01', NULL, NULL, NULL, NULL, 1, 'Normal'),
(248, 299, '10', 'Ajkaler Khobor', 'General', 'Bangla', 'Newspaper ', 'Daily', 'Dhaka', '0', '1', '0', '1', '0', '', '2018-09-18', '1', '1', NULL, '', '1', 0, 0, '0.00', 1, '1', '', 'ACI, Anwar Group, Bata, Berger, Bikroy.com, ', '0', 1, '2018-09-18 09:04:40', NULL, NULL, NULL, NULL, 1, '1');

-- --------------------------------------------------------

--
-- Table structure for table `hue`
--

CREATE TABLE `hue` (
  `Id` int(11) NOT NULL,
  `Name` varchar(50) COLLATE utf8_unicode_ci DEFAULT NULL,
  `Description` text COLLATE utf8_unicode_ci,
  `EntryBy` int(11) DEFAULT NULL,
  `EntryDateTime` datetime DEFAULT NULL,
  `UpdateBy` int(11) DEFAULT NULL,
  `UpdateTime` datetime DEFAULT NULL,
  `DeleteBy` int(11) DEFAULT NULL,
  `DeleteDateTime` datetime DEFAULT NULL,
  `State` tinyint(3) DEFAULT '1'
) ENGINE=InnoDB DEFAULT CHARSET=utf8 COLLATE=utf8_unicode_ci;

--
-- Dumping data for table `hue`
--

INSERT INTO `hue` (`Id`, `Name`, `Description`, `EntryBy`, `EntryDateTime`, `UpdateBy`, `UpdateTime`, `DeleteBy`, `DeleteDateTime`, `State`) VALUES
(1, 'Color', '', 1, '2015-02-20 16:38:14', NULL, NULL, NULL, NULL, 1),
(2, 'Black & White', '', 1, '2015-02-20 16:38:28', NULL, NULL, NULL, NULL, 1);

-- --------------------------------------------------------

--
-- Table structure for table `keyword`
--

CREATE TABLE `keyword` (
  `Id` int(11) NOT NULL,
  `Name` varchar(50) NOT NULL,
  `Description` text NOT NULL,
  `EntryBy` int(11) NOT NULL,
  `EntryDateTime` datetime NOT NULL,
  `UpdateBy` int(11) NOT NULL,
  `UpdateTime` datetime NOT NULL,
  `DeleteBy` int(11) NOT NULL,
  `DeleteDateTime` datetime NOT NULL,
  `State` tinyint(4) NOT NULL DEFAULT '1'
) ENGINE=InnoDB DEFAULT CHARSET=latin1;

--
-- Dumping data for table `keyword`
--

INSERT INTO `keyword` (`Id`, `Name`, `Description`, `EntryBy`, `EntryDateTime`, `UpdateBy`, `UpdateTime`, `DeleteBy`, `DeleteDateTime`, `State`) VALUES
(3, 'JICA', '', 1, '2017-12-03 06:25:52', 0, '0000-00-00 00:00:00', 0, '0000-00-00 00:00:00', 1),
(4, 'BTRC', '', 1, '2017-12-03 06:26:01', 0, '0000-00-00 00:00:00', 0, '0000-00-00 00:00:00', 1),
(5, 'CPD', '', 1, '2017-12-03 06:26:10', 0, '0000-00-00 00:00:00', 0, '0000-00-00 00:00:00', 1),
(6, 'TIB', '', 1, '2017-12-03 06:26:55', 0, '0000-00-00 00:00:00', 0, '0000-00-00 00:00:00', 1),
(7, 'Anwar Group', '', 1, '2017-12-03 06:27:05', 0, '0000-00-00 00:00:00', 0, '0000-00-00 00:00:00', 1),
(8, 'Berger', '', 1, '2017-12-03 06:27:48', 0, '0000-00-00 00:00:00', 0, '0000-00-00 00:00:00', 1),
(9, 'Pran', '', 1, '2017-12-03 06:28:00', 0, '0000-00-00 00:00:00', 0, '0000-00-00 00:00:00', 1),
(10, 'Square', '', 1, '2017-12-03 06:32:06', 0, '0000-00-00 00:00:00', 0, '0000-00-00 00:00:00', 1),
(11, 'Bikroy.com', '', 1, '2017-12-03 06:32:46', 0, '0000-00-00 00:00:00', 0, '0000-00-00 00:00:00', 1),
(12, 'Ispahani', '', 1, '2017-12-03 06:32:55', 0, '0000-00-00 00:00:00', 0, '0000-00-00 00:00:00', 1),
(13, 'Bata', '', 1, '2017-12-03 06:39:25', 0, '0000-00-00 00:00:00', 0, '0000-00-00 00:00:00', 1),
(14, 'ACI', '', 1, '2017-12-03 06:39:33', 0, '0000-00-00 00:00:00', 0, '0000-00-00 00:00:00', 1),
(15, '??? ', '??? ', 1, '2018-07-15 09:24:13', 0, '0000-00-00 00:00:00', 0, '0000-00-00 00:00:00', 1);

-- --------------------------------------------------------

--
-- Table structure for table `media`
--

CREATE TABLE `media` (
  `Id` int(11) NOT NULL,
  `Name` varchar(50) COLLATE utf8_unicode_ci DEFAULT NULL,
  `Owner` varchar(50) COLLATE utf8_unicode_ci DEFAULT NULL,
  `Phone` varchar(50) COLLATE utf8_unicode_ci DEFAULT NULL,
  `Email` varchar(100) COLLATE utf8_unicode_ci DEFAULT NULL,
  `Address` text COLLATE utf8_unicode_ci,
  `Image` varchar(100) COLLATE utf8_unicode_ci DEFAULT NULL,
  `EntryBy` int(11) DEFAULT NULL,
  `EntryDateTime` datetime DEFAULT NULL,
  `UpdateBy` int(11) DEFAULT NULL,
  `UpdateTime` datetime DEFAULT NULL,
  `DeleteBy` int(11) DEFAULT NULL,
  `DeleteDateTime` datetime DEFAULT NULL,
  `State` tinyint(3) DEFAULT '1'
) ENGINE=InnoDB DEFAULT CHARSET=utf8 COLLATE=utf8_unicode_ci;

--
-- Dumping data for table `media`
--

INSERT INTO `media` (`Id`, `Name`, `Owner`, `Phone`, `Email`, `Address`, `Image`, `EntryBy`, `EntryDateTime`, `UpdateBy`, `UpdateTime`, `DeleteBy`, `DeleteDateTime`, `State`) VALUES
(1, 'Prothom Alo', 'Transcom Group ', '01733991755, 9138619', 'adprothomalo@gmail.com', '100 Kazi Nazrul Islam Avenue, CA Bhobon Kawran Bazar', 'med_29392016-11-08_1478586133.png', 0, '2015-02-09 15:19:58', 1, '2016-11-08 07:23:49', NULL, NULL, 1),
(2, 'Bangladesh Pratidin', 'East West Media Group Limited ', '09612120000, 8432361-3', 'bdpratidin@gmail.com', '371/A,Block D, Bashundhara', 'med_21432016-11-08_1478572051.png', 0, '2015-02-09 15:20:10', 1, '2016-11-09 07:36:02', NULL, NULL, 1),
(3, 'Kaler Kantho', 'East West Media Group Limited ', '09612120000, 8432372-75', 'info@kalerkantho.com', 'Plot-371/A, Block D, Bashundhara', 'med_60982016-11-08_1478572134.png', 0, '2015-02-09 15:20:15', 1, '2016-11-08 03:28:59', NULL, NULL, 1),
(4, 'Amader Shomoy', 'New Vision Limited ', '8878213-18', 'mktshomoy@gmail.com', '118-121,Tejgon Industrial Area, Dhaka-1208', '', 0, '2015-02-09 15:20:25', 1, '2017-12-21 10:58:30', NULL, NULL, 1),
(5, 'Jugantor', 'Jamuna Group', '8419211-5', 'jugantor.mail@gmail.com', ' 	244 Progoti Sharoni, Kuril, Baridhara , Dhaka-1229', 'med_15102016-11-08_1478572441.png', 0, '2015-02-09 15:20:35', 1, '2016-11-08 03:34:06', NULL, NULL, 1),
(6, 'Ittefaq', 'Ittefaq Group of Publications Ltd.', '7122660, 8189960', 'ittefaqpressrelease@gmail.com', '40, Kawran Bazar, Dhaka-1215', 'med_43302016-11-08_1478572532.png', 0, '2015-02-09 15:20:42', 1, '2016-11-08 03:35:37', NULL, NULL, 1),
(7, 'Janakantha', 'Globe Janakantha Shilpa Paribar', '9347780-99', 'gjspltd@gmail.com', 'Janakantha Bhabon 24/a Rashed Kham Menon Sharak', 'med_60982016-11-08_1478572624.png', 0, '2015-02-09 15:20:50', 1, '2016-11-08 03:37:09', NULL, NULL, 1),
(8, 'Samakal', 'Times Media Limited, Ha-meem Group', '8870179-85', 'samakal@gmail.com ', '136, Tejgon Industrial Area, Dhaka-1208', 'med_98922016-11-08_1478572761.png', 0, '2015-02-09 15:20:56', 1, '2016-11-08 03:39:26', NULL, NULL, 1),
(9, 'Inqilab', 'Inqilab Publications Ltd', '9590801-6', 'news@dailyinqilab.com', 'Inqilab Publications Ltd., 2/1 R K Mison Road, Dhaka, Bangladesh', 'med_63612016-11-08_1478572871.png', 0, '2015-02-09 15:21:02', 1, '2016-11-08 03:41:16', NULL, NULL, 1),
(10, 'Naya Diganto', 'Diganta Media Corporation', '7191017-9', 'news@dailynayadiganta.com', '167/2-E, Inner Carcular Road,Eden Complex,Motijheel, Dhaka-1000', 'med_29962016-11-08_1478573183.png', 0, '2015-02-09 15:21:08', 1, '2016-11-08 03:46:28', NULL, NULL, 1),
(11, 'Amar Desh', 'Amar Desh Publications', '8159575', 'dailyamardesh@yahoo.com', 'Amar Desh Publications 446/C-446/D Tejgaon Industrial Area', 'med_25502016-11-08_1478574052.png', 0, '2015-02-09 15:21:13', 1, '2016-11-08 04:00:57', NULL, NULL, 1),
(12, 'Sokaler Khobor', 'Sokaler Khobor Publication ', '028170568-70', 'dsknews@shokalerkhabor.com', ' 	25 komred Monisingo Road (68 Puran Polton), Dhaka-1000', 'med_40862016-11-08_1478574883.png', 0, '2015-02-09 15:21:18', 1, '2016-11-08 04:14:48', NULL, NULL, 1),
(13, 'Bhorer Kagoj', 'Mediascene Ltd ', '9360285, 8331078', 'bkagojnews@gmail.com ', ' 	Karnaphuli Media Point, 70 New Circular Road Malibag, Dhaka-1217', 'med_55302016-11-08_1478575112.png', 0, '2015-02-09 15:21:23', 1, '2016-11-08 04:18:37', NULL, NULL, 1),
(14, 'Manabzamin', 'Mahbuba Chowdhury ', '8189160-63', 'contact@emanabzamin.com', 'Zenith Tower, 40, Kawran Bazar, Dhaka-1215', 'med_49192016-11-08_1478575348.png', 0, '2015-02-09 15:21:29', 1, '2016-11-08 04:22:33', NULL, NULL, 1),
(15, 'Bhorer Dak', 'K M Belayet Hossen', '02 9555937,9563788', 'bhorerdk@bangla.net', '4-D Meherba Plaza, 33 topkhana Road, Dhaka-1000', 'med_12352016-11-08_1478576225.png', 0, '2015-02-09 15:21:34', 1, '2016-11-08 06:07:20', NULL, NULL, 1),
(16, 'Jaijaidin ', 'Jaijaidin Publication Limited ', '887 0208-12', 'country_jjd@yahoo.com', '446/E+F+G,Tejgon Industrial Area,Dhaka-1208', 'med_20472016-11-08_1478576454.png', 0, '2015-02-09 15:21:40', 1, '2016-11-08 04:40:59', NULL, NULL, 1),
(17, 'Daily Star', 'Transcom Group', '9144330, 8124944', 'editor@thedailystar.net ', '229,Tejgaon Industrial Area, Dhaka-1208 GPO BOX: 3257', 'med_72252016-11-08_1478576960.png', 0, '2015-02-09 15:21:45', 1, '2016-11-08 04:49:25', NULL, NULL, 1),
(18, 'Independent', 'International Publications Limited ', '8879090', 'newsroom@theindependentbd.com ', 'Beximco Media Complex, 149--150 Tejgaon I/A, Dhaka-1208. GPO BOX 934', 'med_1032016-11-08_1478577092.png', 0, '2015-02-09 15:21:54', 1, '2016-11-08 04:51:37', NULL, NULL, 1),
(19, 'Financial Express ', 'International Publications Limited ', '9553550, 9513814', 'editor@thefinancialexpress-bd.com', 'Tropicana Tower (4th Floor),45,Topkhana Road, Dhaka-1000 . GPO BOX : 2526 	  Edit ', 'med_69522016-11-08_1478577195.png', 0, '2015-02-09 15:22:02', 1, '2016-11-08 04:53:20', NULL, NULL, 1),
(20, 'New Age', '*******', '02-8170450-56', 'newagebd@global-bd.net', '446/E+F+G,Tejgon Industrial Area,Dhaka-1208', 'med_47012016-11-08_1478577691.png', 0, '2015-02-09 15:22:07', 1, '2016-11-08 05:01:36', NULL, NULL, 1),
(21, 'Daily Sun', 'East West Media Group Limited 	', '09612120000, 8432361-3', 'news@daily-sun.com', '371/A,Block D, Bashundhara R/A, Baridhara. Dhaka-1229', 'med_83602016-11-08_1478577814.png', 0, '2015-02-09 15:22:13', 1, '2016-11-08 05:05:31', NULL, NULL, 1),
(22, 'Bonik Barta', 'Bizbangla Media Limited ', '8189622-23, 8189648-49', 'news@bonikbarta.com ', '446 E F G,Tejgon Industrial Area,Dhaka-1208', 'med_81672016-11-08_1478578417.png', 0, '2015-02-09 15:22:18', 1, '2016-11-08 05:14:34', NULL, NULL, 1),
(23, 'Manobkantha', 'Anamika Publications Limited', '55044943, 55044944', 'info@manobkantha.com', 'House-1/A, Road-138, Gulshan-1, Dhaka-1212', 'med_75182016-11-08_1478578617.png', 0, '2015-02-09 15:22:24', 1, '2016-11-08 05:17:02', NULL, NULL, 1),
(24, 'News Today', 'News Today', 'Null', '', '', '', 0, '2015-02-09 15:22:29', 1, '2017-12-21 11:03:10', NULL, NULL, 1),
(25, 'Amader Orthoneeti', '**********', '9126791', 'news@amaderorthoneeti.com ', '22/A, Kunipara Tejkunipara Tejgaon Industrial Area, Dhaka-1208', 'med_32772016-11-08_1478578818.jpg', 0, '2015-02-09 15:22:36', 1, '2016-11-09 07:37:50', NULL, NULL, 1),
(26, 'Arthonity Protidin', 'Arthonity Protidin', '', '', '', NULL, 1, '2015-02-09 15:22:44', NULL, NULL, 1, '2015-02-09 15:23:43', 0),
(28, 'Destiny', 'Destiny group', ' 02 7174702', 'info@dainikdestiny.com', ' Aligor house, 146, Motijhel C/A, Dhaka-1000', 'med_27612016-11-08_1478579127.png', 0, '2015-02-09 15:23:52', 1, '2016-11-08 05:25:32', NULL, NULL, 1),
(29, 'New Nation', '**********', '7122654, 7114514', 'nnation@bangla.net ', '1.R.K Mission Road, Dhaka-120', 'med_87552016-11-08_1478579215.png', 0, '2015-02-09 15:23:58', 1, '2016-11-08 05:27:00', NULL, NULL, 1),
(30, 'Bangladesh Today ', 'Md. Jobaer Alam', '01755-940393,02-9611884-85', 'editor@thebangladeshtoday.com ', 'k.k Bhabon (Level-04) 69/k, Green Road, Panthopath, Dhaka-1205', 'med_94232016-11-08_1478579495.png', 0, '2015-02-09 15:24:08', 1, '2016-11-08 05:31:40', NULL, NULL, 1),
(31, 'Doinik Bartoman', '********', '*********', '*********', '**********', 'med_9912016-11-08_1478579884.png', 0, '2015-02-09 15:24:14', 1, '2016-11-09 07:38:19', NULL, NULL, 1),
(32, 'Alokito Bangladesh', 'Alokito Media Ltd', '01778945943', 'info@alokitobangladesh.com ', '151/7, Green Road (4th-6th Floor),Dhaka-1205', 'med_26662016-11-08_1478580097.png', 0, '2015-02-09 15:24:20', 1, '2016-11-08 05:41:42', NULL, NULL, 1),
(33, 'Vorer Pata', 'South Western Media Limited ', '88-02-8189141, 8189142', 'vpgmad@gmail.com', ' 	93 Kazi Nazrul Islam Avenew, Karwan Bazar, Dhaka-1215', 'med_54902016-11-08_1478580627.jpg', 0, '2015-02-09 15:24:26', 1, '2016-11-08 05:50:32', NULL, NULL, 1),
(34, 'Doinik Janata', 'Doinik Janata', '028315115', 'djanata@dhaka.net', '149/A DIT Extension Road, DIT Ave, Dhaka 1000, Bangladesh', 'med_4062016-11-08_1478581428.png', 0, '2015-02-09 15:24:31', 1, '2016-11-08 06:03:53', NULL, NULL, 1),
(35, 'Dinkal', '*******', '8870846', 'dinkalnews@yahoo.com', '90,Kakrail,Dhaka-1000', 'med_53982016-11-08_1478580842.png', 0, '2015-02-09 15:24:37', 1, '2016-11-08 05:54:07', NULL, NULL, 1),
(36, 'Dhaka Tribune', '2A Media Limited 	', '9132093-94', 'news@dhakatribune.com', '153/7, Tejgaon Industrial Area,Dhaka-1208', 'med_87532016-11-08_1478581054.png', 0, '2015-02-09 15:24:42', 1, '2016-11-08 05:57:40', NULL, NULL, 1),
(37, 'Sangram', '*********', '9346448, 9358862, 8318128', 'news@dailysangram.com', '423,Elephant Road, Mogbazar, Dhaka-1217', 'med_4362016-11-08_1478580758.png', 0, '2015-02-09 15:24:48', 1, '2016-11-08 05:52:43', NULL, NULL, 1),
(38, 'Dhaka Courier', '***', '***', 'dhakacourier@cosmosgroup.net', '***', 'med_6612016-11-09_1478674100.png', 1, '2016-11-09 07:48:25', NULL, NULL, NULL, NULL, 1),
(39, 'Shangu', '***', '031-2868601', 'newsshangu@gmail.com', 'A.B.L. Tarabanu Bhobon (3rd Floor), Kodombai Lein, Andorkilla, CTG', 'med_80942016-11-09_1478675913.jpg', 1, '2016-11-09 08:18:38', NULL, NULL, NULL, NULL, 1),
(41, 'Purbokone', 'The Purbokon LTD', '650909, 651906', 'news@dainikpurbokone.net', '971/A, CDA Avenue, Purbo Nasirabad, CTG', 'med_71732016-11-09_1478676192.jpg', 1, '2016-11-09 08:23:17', NULL, NULL, NULL, NULL, 1),
(42, 'Purbodesh', 'Smartmedia LTD', '01833777888', 'news@dainikpurbodesh.com ', '50/F, Inner Cercular Road (VIP) Noyapolton, Dhaka-1000', 'med_82372016-11-09_1478676726.png', 1, '2016-11-09 08:32:11', NULL, NULL, NULL, NULL, 1),
(43, 'Azadi', '****', '9348582', 'azadi@dainikazadi.net', '80/4 Siddhesori New Circular Road, Malibag, Dhaka-1217', 'med_78122016-11-09_1478676781.png', 1, '2016-11-09 08:33:06', NULL, NULL, NULL, NULL, 1),
(44, 'Ajkaler Khobor', 'Desh Bondhu Group ', '02-55013581-2, 02-55013214', 'ajkalerkhabarnews@gmail.com ', 'Sumona Goni Trade Center, Plot-2(5th Floor), Panthopath, Karwan Bazar, Dhaka-1215', 'med_94452016-11-09_1478680618.jpg', 1, '2016-11-09 09:37:03', NULL, NULL, NULL, NULL, 1),
(45, 'Ananda Bhuban', 'BEXIMCO MEDIA LTD', '***', '**', '****', '', 1, '2016-11-09 09:44:30', NULL, NULL, NULL, NULL, 1),
(46, 'Sangbad Pratidin', 'Swapan Sadhan Bose', '9111128-9, 9145008-9', 'info@sangbadprotidin.com', '35/A Monipuripara(3rd Floor), Sangsod Avenue, Dhak...', 'med_89522016-11-09_1478681547.png', 1, '2016-11-09 09:52:32', NULL, NULL, NULL, NULL, 1),
(47, 'Karatoa', '**', '9574723. 9560669, 9567648', 'dkaratoa@yahoo.com', '167, Inner Carcular Road,Eden Complex,Motijheel, Dhaka-1000', 'med_49462016-11-09_1478681960.png', 1, '2016-11-09 09:59:25', NULL, NULL, NULL, NULL, 1),
(48, 'Bangladesh Shomoy', '*****', '9677358, 01799443694', 'news@bangladeshshomoy.com', 'news@bangladeshshomoy.com', 'med_38162016-11-09_1478682085.png', 1, '2016-11-09 10:01:30', NULL, NULL, NULL, NULL, 1),
(49, 'People\'s Time', 'South Western Media Limited', '88-02-8189141, 8189142', 'news@dailypeoplestime.com', '446/H, Tejgaon Industrial Area, Dhaka-1208', 'med_53052016-11-09_1478682418.gif', 1, '2016-11-09 10:07:03', NULL, NULL, NULL, NULL, 1),
(50, 'Sangbad', 'The Sangbad LTD', '9567557, 9557391', 'sangbadpressrelease@gmail.com', '36 Purana Palton, Dhaka-1000', 'med_92362016-11-09_1478682716.png', 1, '2016-11-09 10:12:01', NULL, NULL, NULL, NULL, 1),
(51, 'Ananda Dhara', 'Mediaworld', '**', '**', '**', 'med_97562017-04-19_1492593778.png', 0, '2016-11-09 10:16:05', 1, '2017-04-19 11:23:03', NULL, NULL, 1),
(52, 'Anando Alo', 'Impress Telefilm Prokashona', '', 'newsanandaalo@gmail.com', 'Channel I Bhaban, Tejgaon, Dhaka-1208', 'med_21562017-04-19_1492594269.png', 0, '2016-11-16 09:07:55', 1, '2017-04-19 11:31:14', NULL, NULL, 1),
(53, 'Anannya', 'Taslima Hossain', '9118636', ' info@anannya.com.bd', ' , /  , ,  - ', 'med_81812017-04-19_1492594759.jpg', 0, '2016-11-16 09:42:58', 1, '2017-04-19 11:39:24', NULL, NULL, 1),
(54, 'Anyadin', 'Masum Rahman', '9668249, 9666790, 8623244', 'anyadin@yahoo.com', '69/F Green Road, Dhaka', '', 0, '2016-11-16 09:57:24', 1, '2017-06-10 10:35:28', NULL, NULL, 1),
(55, 'Canvas', 'Kanij Almas Khan', '9016033', 'canvaslifestyleinfo@gmail.com', ' Nishi Plaza, 5th floor, Plot 01, Avenue 4, Block C, Begum Rokeya Avenue, Dhaka 1216', 'med_43182017-04-19_1492595342.jpg', 0, '2016-11-16 10:15:23', 1, '2017-04-19 11:49:07', NULL, NULL, 1),
(56, 'ICE Business Times', 'ICE Media Ltd.', '0255035336-8', '', 'Kushal Centre, Plot 29, Sector 3, Uttara C/A, Dhaka-1208', 'med_61362017-04-19_1492595469.jpg', 0, '2016-11-16 10:24:59', 1, '2017-04-19 11:51:14', NULL, NULL, 1),
(57, 'ICE Today', 'ICE Media Ltd.', 'Tel-880-8901135, 8901170', '', 'House 4,Road 23/A,Block B,Banani Residential Area 1229 Dhaka', 'med_73602017-04-19_1492595445.jpg', 0, '2016-11-16 10:33:13', 1, '2017-04-19 11:50:50', NULL, NULL, 1),
(58, 'Mirror Fashion', 'The Financial Mirror', '01715068878', 'mirrorfashion@gmail.com', 'House # 79, (2nd Floor) Road # 12/A, Dhanmondi, Dhaka', 'med_47152017-04-19_1492595422.png', 0, '2016-11-16 10:45:07', 1, '2017-04-19 11:50:27', NULL, NULL, 1),
(59, 'Shaptahik', 'Golam Mortoza', '+8802-8891041, +8802-8891042', 'info@shaptahik.com', ' SHAPTAHIK, Channel I Bhaban, 40 Shahid Tajuddin Ahmed Sarani, Tejgaon I/A, Dhaka-1208', 'med_10172017-04-19_1492595392.jpg', 0, '2016-11-17 06:49:35', 1, '2017-04-19 11:49:57', NULL, NULL, 1),
(60, 'Splash', 'Splash Communication', '88028100075', 'splashmagazine75@yahoo.com', '', 'med_28412017-04-19_1492595530.png', 0, '2016-11-17 07:10:11', 1, '2017-04-19 11:52:15', NULL, NULL, 1),
(61, 'Computer Jagat', 'Nazma Kader', '+--', 'jagat@comjagat.com', '   # ,  # ,   ', 'med_96422017-04-19_1492595849.jpg', 0, '2016-11-17 07:17:47', 1, '2017-04-19 11:57:34', NULL, NULL, 1),
(62, 'Corporate', 'Prof. Aminul Haque', '880-0735777756,880-1979275700', 'marketing@corporatenews.com.bd', 'Apt.-202,House-294,Road-4,Mirpur DOHS,Mirpur-12,Dhaka-1216', 'med_11222017-04-19_1492595584.jpg', 0, '2016-11-17 07:31:49', 1, '2017-04-19 11:53:09', NULL, NULL, 1),
(63, 'Computer Bicitra', 'Mobarak Hossain', '9110430', ' cbinfo.bd@gmail.com', '/ ( ),   (  ), -', '', 1, '2016-11-17 07:59:30', NULL, NULL, NULL, NULL, 1),
(64, 'Binodon', ' ittefaq holdings ltd.', '', '', '1 RK mission road Dhaka', '', 1, '2016-11-17 08:15:04', NULL, NULL, NULL, NULL, 1),
(65, 'Daily Star (Friday general)', 'Transcom Group', '9144330, 8124944', 'editor@thedailystar.net ', '229,Tejgaon Industrial Area, Dhaka-1208 GPO BOX: 3257', 'med_55772017-02-20_1487559800.png', 1, '2017-02-20 04:03:25', NULL, NULL, NULL, NULL, 1),
(66, 'Daily Observer', 'Observer Ltd', '9586651-58', 'info@dailyobserverbd.com', 'Aziz Bhaban (2nd floor), 93, Motijheel C/A, Dhaka-1000', 'med_56942017-02-23_1487827818.jpg', 1, '2017-02-23 06:30:23', NULL, NULL, NULL, NULL, 1),
(67, 'bdnews24', 'ADVERTISING MEDIA KIT ', '+880 (2) 5881-7131, 881-7195', 'advert@bdnews24.com', '17 Mohakhali C/A Red Crescent Concord Tower, 17F Dhaka-1212, Bangladesh', 'med_35402017-03-27_1490581838.png', 1, '2017-03-27 04:30:43', NULL, NULL, NULL, NULL, 1),
(68, 'banglanews24', 'East West Media Group Ltd', '+880 2 843 2181', 'editor@banglanews24.com', 'Media House, 371/A, Block-D, Bashundhara R/A Dhaka-1229', 'med_32582017-03-27_1490582151.jpg', 1, '2017-03-27 04:35:56', NULL, NULL, NULL, NULL, 1),
(69, 'the report24', 'United Media Ltd', '01730-787444', ' toimintu68@gmail.com', '45 Bijoy Nogor, Saiham Sky View Tower (Level 16-C)', 'med_66782017-03-27_1490583160.png', 1, '2017-03-27 04:52:45', NULL, NULL, NULL, NULL, 1),
(70, 'Priyo.com', '*', '+880-2-910 1355', 'ad@priyo.com', '*', 'med_43172017-03-27_1490583639.png', 1, '2017-03-27 05:00:44', NULL, NULL, NULL, NULL, 1),
(71, 'jagonews24', 'Accesi Private Ltd', '029842689', 'info@jagonews24.com', 'Azhar Comfort Complex (5th floor) , GA-130/ A Progoti Sarono, Moddo Badda-1212', 'med_93622017-03-27_1490584632.jpg', 1, '2017-03-27 05:17:17', NULL, NULL, NULL, NULL, 1),
(72, 'natunbarta', '*', '01777681575', ' info@natunbarta.com', '    ,    ', 'med_60542017-03-27_1490584873.png', 1, '2017-03-27 05:21:18', NULL, NULL, NULL, NULL, 1),
(73, 'justnewsbd', '*', '', ' news@justnewsbd.com', ',   (  ) -', 'med_52502017-03-27_1490584967.png', 1, '2017-03-27 05:22:52', NULL, NULL, NULL, NULL, 1),
(74, 'www.newsevent24.com', '*', '*', 'mail.newsevent24@gmail.com ', '*', 'med_61972017-03-27_1490585094.png', 0, '2017-03-27 05:24:59', 1, '2017-04-11 06:46:27', NULL, NULL, 1),
(75, 'risingbd', 'Publication: Skyroute Media Limited', '+8801678028136', 'info@risingbd.com', ' Printers Building (Level - 12) 5 Rajuk Avenue Motijheel C/A, Dhaka-1000 ', 'med_50412017-03-27_1490585857.png', 1, '2017-03-27 05:37:42', NULL, NULL, NULL, NULL, 1),
(76, 'www.bd24live.com', 'BD24Live Media (Pvt.) Ltd.', ' 01863719828', ' info@bd24live.com', '  Editor In Chief: Amirul Islam BD24Live Media (Pvt.) Ltd. 27 Central Road (1st Floor), Dhanmondi, Dhaka - 1205, Bangladesh.', 'med_59142017-03-27_1490586298.png', 0, '2017-03-27 05:45:03', 1, '2017-04-11 06:38:10', NULL, NULL, 1),
(77, 'www.banglatribunecom', '*', '', 'info@banglatribune.com', '  , / , , -', 'med_53022017-03-27_1490586867.png', 0, '2017-03-27 05:54:32', 1, '2017-04-11 06:23:17', NULL, NULL, 1),
(78, 'bssnews', '*', '(880) 2 9555036', 'bssnews@bssnews.net', 'Bangladesh Sangbad Sangstha (BSS) 68/2 Purana Palta Dhaka 1000', 'med_83852017-03-27_1490587312.jpg', 1, '2017-03-27 06:01:57', NULL, NULL, NULL, NULL, 1),
(79, 'deshinewsbd', '*', '', 'info@deshinewsbd.com', ' : //,   , -', '', 1, '2017-03-27 06:09:24', NULL, NULL, NULL, NULL, 1),
(80, 'taranewsbd', '*', '-, - ', 'taranewsbd@gmail.com, kmzaman.bd@gmail.com', ',   ,  ,  ', '', 1, '2017-03-27 06:12:48', NULL, NULL, NULL, NULL, 1),
(81, 'breakingnews', '*', '+  , +  ', 'info@breakingnews.com.bd,', ' , - , /-/ , - ', 'med_89172017-03-27_1490588266.png', 1, '2017-03-27 06:17:51', NULL, NULL, NULL, NULL, 1),
(82, 'www.banglanews24.com', 'East West Media Group Ltd', '880 2 843 2181', ' news@banglanews24.com', 'Media House, 371/A, Block-D, Bashundhara R/A Dhaka-1229', 'med_47262017-04-11_1491885387.png', 1, '2017-04-11 06:36:32', NULL, NULL, NULL, NULL, 1),
(83, 'http://www.ittefaq.com.bd', '*', '7122660', ' ittefaq.adsection@yahoo.com', '40 Karwan Bazaar  Dhaka 1215, Bangladesh.', 'med_52992017-04-18_1492503434.png', 1, '2017-04-18 10:17:19', NULL, NULL, NULL, NULL, 1),
(84, 'www.alokitobangladesh.com', '*', '9110572, 01778945943', 'info@alokitobangladesh.com', '151/7, Green road(5th-6th Floor), Dhaka 1205', 'med_47302017-04-19_1492569595.png', 1, '2017-04-19 04:40:00', NULL, NULL, NULL, NULL, 1),
(85, 'www.dainikamadershomoy.com', '*', '8878219, 01764119114', 'dainikamadershomoy.com', '118-121, Tejgao Industrial Area,Dhaka-1208', 'med_7422017-04-19_1492570451.png', 1, '2017-04-19 04:54:16', NULL, NULL, NULL, NULL, 1),
(86, 'www.bd-pratidin.com', 'East West Media Group Ltd', '8432365', 'bdpratidin@gmail.com', '371/A, BL-D, Bosundhara Residential Area', 'med_62032017-04-19_1492571224.gif', 1, '2017-04-19 05:07:09', NULL, NULL, NULL, NULL, 1),
(87, 'www.bhorerkagoj.net', '*', '*', '*', 'New Circular Road , Malibag, Dhaka- 1217', 'med_78632017-04-19_1492571688.png', 1, '2017-04-19 05:14:53', NULL, NULL, NULL, NULL, 1),
(88, 'www.bonikbarta.net', '*', '8189622', 'news@bonikbarta.com', 'BDBL vhobon, Level 17, 12 Kazi Nazrul Islam Avenue , Karwan Bazaar , Dhaka-1215', 'med_17502017-04-19_1492572227.png', 1, '2017-04-19 05:23:52', NULL, NULL, NULL, NULL, 1),
(89, 'www.dainik-destiny.com', '*', '01536170024, 7170280', 'dainikdestiny@gmail.com', 'Ali\'s Center , 40-Bijoy Nagor Dhaka-1000', 'med_44722017-04-19_1492573010.png', 1, '2017-04-19 05:36:55', NULL, NULL, NULL, NULL, 1),
(90, 'www.dailydinkal.net', 'City Publishing House Ltd', '8870846', 'dinkalnews@gmail.com', 'City Publishing House Ltd, 90 Kakrail, Dhaka 1000', 'med_47452017-04-19_1492573375.jpg', 1, '2017-04-19 05:43:00', NULL, NULL, NULL, NULL, 1),
(91, 'www.dailyinqilab.com', 'Indilab Inter-prize and Publication', '9590801', 'inqilab08@dhaka.net', '2/1 R.K Mission Road, Dhaka -1203', 'med_53302017-04-19_1492573824.png', 1, '2017-04-19 05:50:29', NULL, NULL, NULL, NULL, 1),
(92, 'www.ittefaq.com.bd', 'Ittefaq Group of Publication Ltd', '8189971 ', 'ittefaq.adsection@yahoo.com ', '40, Kawran Bazzar ,Dhaka-1215', 'med_39072017-04-19_1492574430.png', 1, '2017-04-19 06:00:35', NULL, NULL, NULL, NULL, 1),
(93, 'www.dailyjanakantha.com', ' ', '9347780', 'janakanthanews@gmail.com', '24/A Rased Khan Menon Road, New Eskaton , Dhaka', 'med_92412017-04-19_1492574903.png', 1, '2017-04-19 06:08:28', NULL, NULL, NULL, NULL, 1),
(94, 'www.jugantor.com', 'Jamuna Printing and Publishing Ltd', '8419216', '', 'KA-244 Progoti Saroni , Koril, Baridhara, Dhaka 1229', 'med_51962017-04-19_1492575758.jpg', 1, '2017-04-19 06:22:43', NULL, NULL, NULL, NULL, 1),
(95, 'www.mzamin.com', '*', '8189160', 'news@emanabzamin.com', 'Jenith Tower, 40-Kawran Bazzar, Dhaka 1215', 'med_42882017-04-19_1492576383.png', 1, '2017-04-19 06:33:08', NULL, NULL, NULL, NULL, 1),
(96, 'www.dailynayadiganta.com', '*', '57165261', '*', '1 R.K Mission Road, Dhaka -1203', 'med_31862017-04-19_1492576915.png', 0, '2017-04-19 06:42:00', 1, '2017-04-19 06:53:29', NULL, NULL, 1),
(97, 'www.dailysangram.com', '*', '88029346448', 'news@dailysangram.com', '423, Elephant Road, Big Mogbazzar, Dhaka 1217', 'med_29732017-04-19_1492577974.jpg', 1, '2017-04-19 06:59:39', NULL, NULL, NULL, NULL, 1),
(98, 'www.jaijaidinbd.com', '*', '*', '*', '*', 'med_31392017-04-19_1492578370.gif', 1, '2017-04-19 07:06:15', NULL, NULL, NULL, NULL, 1),
(99, 'www.kalerkantho.com', 'East West Media Group Ltd', '8432372', 'info@kalerkantho.com', '371/A ,BL -D, Bosoundhara, Baridhara', 'med_92132017-04-19_1492580293.jpg', 0, '2017-04-19 07:13:47', 1, '2017-04-19 07:38:18', NULL, NULL, 1),
(100, 'www.karatoa.com.bd', '*', '7161406', 'dkaratoa@yahoo.com', 'Sojon TOwer, 4Segun Bagicha, Dhaka', 'med_99442017-04-19_1492580860.png', 1, '2017-04-19 07:47:45', NULL, NULL, NULL, NULL, 1),
(101, 'www.prothom-alo.com', '*', '8180078', 'info@prothom-alo.info', 'CA Vhobon, 100 Kazi Nazrul Islam Avenue, Karwan Bazaar , Dhaka-1215', 'med_98062017-04-19_1492581759.png', 1, '2017-04-19 08:02:44', NULL, NULL, NULL, NULL, 1),
(102, 'www.bangla.samakal.net', '*', '88070179', '*', '136 Tejgao Industrial Area, Dhaka -1208', 'med_58882017-04-19_1492582326.jpg', 1, '2017-04-19 08:12:11', NULL, NULL, NULL, NULL, 1),
(103, 'www.shokalerkhobor24.com', '*', '8170568', 'onlinenews@shokalerkhabor.com', '387 Tejgao Industrial Area, Dhaka-1208', 'med_83792017-04-19_1492583065.png', 1, '2017-04-19 08:24:30', NULL, NULL, NULL, NULL, 1),
(104, 'www.suprobhat.com', '*', '2863045', 'news@suprobhat.com ', 'Press Club vhobon, 5th Floor, Jamal Khan Sorok, Chittagong -4000', 'med_77222017-04-19_1492583507.png', 0, '2017-04-19 08:31:52', 1, '2017-04-19 08:32:07', NULL, NULL, 1),
(105, 'www.thebangladeshtoday.com', '*', '9611884', 'chairman@thebangladeshtoday.com ', 'KK Bhaban (Level-04), 69/K, Panthapath, Green Road- Dhaka- 1215', 'med_94802017-04-19_1492583861.png', 1, '2017-04-19 08:37:47', NULL, NULL, NULL, NULL, 1),
(106, 'www.dhakacourier.com.bd', '*', '*', '*', '*', 'med_85852017-04-19_1492584057.png', 1, '2017-04-19 08:41:02', NULL, NULL, NULL, NULL, 1),
(107, 'www.dhakatribune.com', '*', '9132093', 'contact@dhakatribune.com', 'Firozur Rahman (FR) Tower 8/C, Panthapath, Shukrabad Dhaka 1207, Bangladesh', 'med_66762017-04-19_1492584859.png', 1, '2017-04-19 08:54:24', NULL, NULL, NULL, NULL, 1),
(108, 'www.thedailystar.net', '*', '8124944', 'arafat.hossain@thedailystar.net', '64-65, Kazi Nazrul Islam Avenue, Dhaka-1215', 'med_22022017-04-19_1492585170.png', 1, '2017-04-19 08:59:35', NULL, NULL, NULL, NULL, 1),
(109, 'www.daily-sun.com', 'East West Media Group Ltd', '8432046', 'advertisement@daily-sun.com', ' Plot No: 371/A, Block No: D, Bashundhara R/A, Baridhara, Dhaka -1229 ', 'med_4822017-04-19_1492585411.png', 1, '2017-04-19 09:03:36', NULL, NULL, NULL, NULL, 1),
(110, 'www.thefinancialexpress-bd.com', '*', '7172017 ', 'editor@thefinancialexpress-bd.com', ' 1 RK Mission Road, Dhaka-1000.', 'med_72632017-04-19_1492587173.png', 1, '2017-04-19 09:32:58', NULL, NULL, NULL, NULL, 1),
(111, 'www.theindependentbd.com', ' Independent Publications Limited', '8879090 ', 'newsroom@theindependentbd.com', '446/H, Tejgaon I/A, Dhaka-1215', 'med_67052017-04-19_1492587640.gif', 1, '2017-04-19 09:40:45', NULL, NULL, NULL, NULL, 1),
(112, 'www.newagebd.net', 'Media New Age Ltd', '9632245', 'news@newagebd.net', 'Hamid Plaza (4th floor), 300/5/A/1, Bir Uttam CR Datta Road, Hatirpool, Dhaka-1205', 'med_78482017-04-19_1492587820.png', 1, '2017-04-19 09:43:45', NULL, NULL, NULL, NULL, 1),
(113, 'www.thedailynewnation.com', '*', 'PABX: 47115875', 'nnation@bangla.net ', ' 1 R.K. Mission Road, Ittefaq Bhaban (3rd floor), Dhaka-1203', 'med_81422017-04-19_1492588135.png', 1, '2017-04-19 09:49:00', NULL, NULL, NULL, NULL, 1),
(114, 'www.newstoday.com.bd', '*', 'PABX: 9111395', 'newstoday2002@gmail.com', 'Shah Ali Tower (3rd Floor), 33, Karwan Bazar,  Dhaka-1215', 'med_57402017-04-19_1492590104.gif', 1, '2017-04-19 10:21:49', NULL, NULL, NULL, NULL, 1),
(115, 'www.gonokantho.com', '*', '9666685', 'pressgonokantho@yahoo.com', '345/3 Free School Street, Sonargoan Road,Hatirpul, Kalabagan, Dhaka-1205', 'med_26002017-04-19_1492590428.jpg', 1, '2017-04-19 10:27:13', NULL, NULL, NULL, NULL, 1),
(116, 'www.manobkantha.com', '*', '55044943', 'info@manobkantha.com', 'H#1/A, R#138, Pl# 1/A, Gulshan-1,', 'med_38702017-04-19_1492590874.png', 1, '2017-04-19 10:34:39', NULL, NULL, NULL, NULL, 1),
(117, 'www.amaderorthoneeti.net', '*', '9126791', 'news@amaderOrthoneeti.com ', ' 19/3 Bir Uttam Qazi Nuruzzaman Sarak. West Panthapath ,Dhaka.', 'med_64902017-04-19_1492591259.gif', 0, '2017-04-19 10:41:04', 1, '2017-04-19 10:42:36', NULL, NULL, 1),
(118, 'Krira Jagat', '*', '', '', '', '', 0, '2017-06-04 11:32:33', 1, '2017-06-06 12:06:19', NULL, NULL, 1),
(119, 'First News', '*', '88-02-9185124, 01712193344', 'firstnews2010@gmail.com', '10/22, Iqbal Road (2nd floor) Mohammadpur, Dhaka-1207', 'med_4992017-06-04_1496568947.jpg', 0, '2017-06-04 11:35:52', 1, '2017-06-06 10:53:10', NULL, NULL, 1),
(120, 'Tech World', '*', '', '', '', 'med_42962017-06-05_1496643662.jpg', 1, '2017-06-05 08:21:07', NULL, NULL, NULL, NULL, 1),
(121, 'C News', '*', '+88029855232', 'info@cnewsvoice.com', 'H-163, R-3, New DOHS, Mohakhali', 'med_91282017-07-10_1499672112.png', 1, '2017-07-10 09:35:17', NULL, NULL, NULL, NULL, 1),
(122, 'Asian Age', '*', '02 9121130, 02 9821189,', 'editor@daiyasianage.com, news@dailyasianage.com ', 'S R Tower (2nd & 6th Floor), 49 Old Airport Road, Tejgaon, Dhaka-1215 . Print from B.S Printing Press 5212, Toyenb. Circular Road, Sutrapur, Dhaka-1000', 'med_64962017-08-09_1502256704.png', 0, '2017-08-09 07:31:49', 1, '2018-07-31 12:00:26', NULL, NULL, 1),
(140, 'NT', 'Dew', '', '', '', 'med_67942018-08-07_1533629657.gif', 1, '2018-08-07 10:14:22', NULL, NULL, NULL, NULL, 1),
(141, 'SK-N', 'Dew', '', '', '', 'med_25832018-08-07_1533629697.jpg', 1, '2018-08-07 10:15:02', NULL, NULL, NULL, NULL, 1),
(142, 'AD', 'Dew', '', '', '', 'med_8302018-08-07_1533629716.png', 1, '2018-08-07 10:15:21', NULL, NULL, NULL, NULL, 1),
(144, 'LMG', 'Luthar', '', '', '', 'med_1922018-08-13_1534130724.jpg', 1, '2018-08-13 05:25:29', NULL, NULL, NULL, NULL, 1);

-- --------------------------------------------------------

--
-- Table structure for table `newscategory`
--

CREATE TABLE `newscategory` (
  `Id` int(11) NOT NULL,
  `Name` varchar(50) COLLATE utf8_unicode_ci DEFAULT NULL,
  `Description` text COLLATE utf8_unicode_ci,
  `EntryBy` int(11) DEFAULT NULL,
  `EntryDateTime` datetime DEFAULT NULL,
  `UpdateBy` int(11) DEFAULT NULL,
  `UpdateTime` datetime DEFAULT NULL,
  `DeleteBy` int(11) DEFAULT NULL,
  `DeleteDateTime` datetime DEFAULT NULL,
  `State` tinyint(3) DEFAULT '1'
) ENGINE=InnoDB DEFAULT CHARSET=utf8 COLLATE=utf8_unicode_ci;

--
-- Dumping data for table `newscategory`
--

INSERT INTO `newscategory` (`Id`, `Name`, `Description`, `EntryBy`, `EntryDateTime`, `UpdateBy`, `UpdateTime`, `DeleteBy`, `DeleteDateTime`, `State`) VALUES
(2, 'song', 'etwrtx', 1, '2015-12-08 08:46:39', 1, '2015-12-08 08:47:12', 1, '2015-12-08 08:47:23', 0),
(3, 'News Category 1', 'News Category 1', 1, '2016-11-06 04:32:48', NULL, NULL, NULL, NULL, 1),
(4, 'News Category 2', 'News Category 2', 1, '2016-11-06 04:33:01', NULL, NULL, NULL, NULL, 1),
(5, 'News Category 3', 'News Category 3', 1, '2016-11-06 04:33:13', NULL, NULL, NULL, NULL, 1);

-- --------------------------------------------------------

--
-- Table structure for table `newstype`
--

CREATE TABLE `newstype` (
  `Id` int(11) NOT NULL,
  `Name` varchar(50) COLLATE utf8_unicode_ci DEFAULT NULL,
  `Description` text COLLATE utf8_unicode_ci,
  `EntryBy` int(11) DEFAULT NULL,
  `EntryDateTime` datetime DEFAULT NULL,
  `UpdateBy` int(11) DEFAULT NULL,
  `UpdateTime` datetime DEFAULT NULL,
  `DeleteBy` int(11) DEFAULT NULL,
  `DeleteDateTime` datetime DEFAULT NULL,
  `State` tinyint(3) DEFAULT '1'
) ENGINE=InnoDB DEFAULT CHARSET=utf8 COLLATE=utf8_unicode_ci;

--
-- Dumping data for table `newstype`
--

INSERT INTO `newstype` (`Id`, `Name`, `Description`, `EntryBy`, `EntryDateTime`, `UpdateBy`, `UpdateTime`, `DeleteBy`, `DeleteDateTime`, `State`) VALUES
(6, 'News', 'News', 1, '2016-11-06 06:56:38', NULL, NULL, NULL, NULL, 1),
(7, 'Features', 'Features', 1, '2016-11-06 06:56:50', NULL, NULL, NULL, NULL, 1),
(8, 'Editorial', 'Editorial', 1, '2016-11-06 06:57:00', NULL, NULL, NULL, NULL, 1),
(9, 'Post Editorial ', 'Post Editorial ', 1, '2016-11-06 06:57:12', NULL, NULL, NULL, NULL, 1);

-- --------------------------------------------------------

--
-- Table structure for table `operation`
--

CREATE TABLE `operation` (
  `Id` int(11) NOT NULL,
  `Name` varchar(100) DEFAULT NULL,
  `EntryBy` int(11) DEFAULT NULL,
  `EntryDateTime` datetime DEFAULT NULL,
  `LastModifiedBy` int(11) DEFAULT NULL,
  `LastModifiedDateTime` datetime DEFAULT NULL,
  `DeleteBy` int(11) DEFAULT NULL,
  `DeleteDateTime` datetime DEFAULT NULL,
  `Remarks` text,
  `State` tinyint(3) DEFAULT '1'
) ENGINE=InnoDB DEFAULT CHARSET=latin1;

--
-- Dumping data for table `operation`
--

INSERT INTO `operation` (`Id`, `Name`, `EntryBy`, `EntryDateTime`, `LastModifiedBy`, `LastModifiedDateTime`, `DeleteBy`, `DeleteDateTime`, `Remarks`, `State`) VALUES
(1, 'Entry', 0, '0000-00-00 00:00:00', NULL, NULL, NULL, NULL, NULL, 1),
(2, 'Update', 0, '0000-00-00 00:00:00', NULL, NULL, NULL, NULL, NULL, 1),
(3, 'Delete', 0, '0000-00-00 00:00:00', NULL, NULL, NULL, NULL, NULL, 1),
(4, 'Block', 0, '0000-00-00 00:00:00', NULL, NULL, NULL, NULL, NULL, 1),
(5, 'UnBlock', 0, '0000-00-00 00:00:00', NULL, NULL, NULL, NULL, NULL, 1),
(6, 'Set Privillege', 0, '0000-00-00 00:00:00', NULL, NULL, NULL, NULL, NULL, 1),
(7, 'View', 0, '0000-00-00 00:00:00', NULL, NULL, NULL, NULL, NULL, 1),
(8, 'Archive', 0, '0000-00-00 00:00:00', NULL, NULL, NULL, NULL, NULL, 1),
(9, 'Set Group Right', 0, '0000-00-00 00:00:00', NULL, NULL, NULL, NULL, NULL, 1),
(10, 'Change Password', 0, '0000-00-00 00:00:00', NULL, NULL, NULL, NULL, NULL, 1),
(11, 'Change New Password', 0, '0000-00-00 00:00:00', NULL, NULL, NULL, NULL, NULL, 1),
(15, 'Sorting', 0, '0000-00-00 00:00:00', NULL, NULL, NULL, NULL, NULL, 1),
(16, 'Publish', 0, '0000-00-00 00:00:00', NULL, NULL, NULL, NULL, NULL, 1),
(20, 'Report', 0, '0000-00-00 00:00:00', NULL, NULL, NULL, NULL, NULL, 1),
(22, 'Unpublish', 0, '0000-00-00 00:00:00', NULL, NULL, NULL, NULL, NULL, 1),
(32, 'Verify', 0, NULL, NULL, NULL, NULL, NULL, NULL, 1);

-- --------------------------------------------------------

--
-- Table structure for table `outlook`
--

CREATE TABLE `outlook` (
  `Id` int(11) NOT NULL,
  `Name` varchar(255) NOT NULL,
  `EntryBy` int(11) NOT NULL,
  `EntryDateTime` datetime NOT NULL,
  `UpdateBy` int(11) NOT NULL,
  `UpdateTime` datetime NOT NULL,
  `DeleteBy` int(11) NOT NULL,
  `DeleteDateTime` datetime NOT NULL,
  `State` tinyint(4) NOT NULL DEFAULT '1',
  `Description` varchar(255) NOT NULL
) ENGINE=InnoDB DEFAULT CHARSET=latin1;

--
-- Dumping data for table `outlook`
--

INSERT INTO `outlook` (`Id`, `Name`, `EntryBy`, `EntryDateTime`, `UpdateBy`, `UpdateTime`, `DeleteBy`, `DeleteDateTime`, `State`, `Description`) VALUES
(1, 'Normal', 1, '2018-04-24 10:13:24', 1, '2018-04-24 10:15:23', 0, '0000-00-00 00:00:00', 1, ''),
(2, 'Positive', 1, '2018-04-24 10:14:45', 0, '0000-00-00 00:00:00', 0, '0000-00-00 00:00:00', 1, ''),
(3, 'Negative', 1, '2018-04-24 10:15:00', 0, '0000-00-00 00:00:00', 0, '0000-00-00 00:00:00', 1, '');

-- --------------------------------------------------------

--
-- Table structure for table `page`
--

CREATE TABLE `page` (
  `Id` int(11) NOT NULL,
  `Name` varchar(50) COLLATE utf8_unicode_ci DEFAULT NULL,
  `Description` text COLLATE utf8_unicode_ci,
  `EntryBy` int(11) DEFAULT NULL,
  `EntryDateTime` datetime DEFAULT NULL,
  `UpdateBy` int(11) DEFAULT NULL,
  `UpdateTime` datetime DEFAULT NULL,
  `DeleteBy` int(11) DEFAULT NULL,
  `DeleteDateTime` datetime DEFAULT NULL,
  `State` tinyint(3) DEFAULT '1',
  `MediaId` int(11) DEFAULT NULL,
  `PublicationId` int(11) DEFAULT NULL,
  `Day` varchar(15) COLLATE utf8_unicode_ci DEFAULT NULL
) ENGINE=InnoDB DEFAULT CHARSET=utf8 COLLATE=utf8_unicode_ci;

--
-- Dumping data for table `page`
--

INSERT INTO `page` (`Id`, `Name`, `Description`, `EntryBy`, `EntryDateTime`, `UpdateBy`, `UpdateTime`, `DeleteBy`, `DeleteDateTime`, `State`, `MediaId`, `PublicationId`, `Day`) VALUES
(15, 'First Page ', 'First Page ', 1, '2016-11-06 07:39:32', NULL, NULL, NULL, NULL, 1, NULL, NULL, NULL),
(16, 'Back Page', 'Back Page', 1, '2016-11-06 07:39:46', NULL, NULL, NULL, NULL, 1, NULL, NULL, NULL),
(17, 'Back Before ', 'Back Before ', 1, '2016-11-06 07:40:22', NULL, NULL, NULL, NULL, 1, NULL, NULL, NULL),
(18, 'Front Cover', 'Front Cover', 1, '2016-11-06 07:40:42', NULL, NULL, NULL, NULL, 1, NULL, NULL, NULL),
(19, 'Business Front ', 'Business Front', 1, '2016-11-06 07:40:57', 1, '2016-11-10 06:45:45', NULL, NULL, 1, NULL, NULL, NULL),
(20, 'Business Back ', 'Business Back ', 1, '2016-11-06 07:41:12', NULL, NULL, NULL, NULL, 1, NULL, NULL, NULL),
(21, 'Entertainment', 'Entertainment', 1, '2016-11-06 07:41:25', NULL, NULL, NULL, NULL, 1, NULL, NULL, NULL),
(23, 'Sports', 'Sports', 1, '2016-11-06 07:41:54', NULL, NULL, NULL, NULL, 1, NULL, NULL, NULL),
(24, 'Inner', 'Inner', 1, '2016-11-06 07:42:22', NULL, NULL, NULL, NULL, 1, NULL, NULL, NULL),
(25, 'Trade & Market', 'Trade & Market', 1, '2016-11-06 07:43:48', NULL, NULL, NULL, NULL, 1, NULL, NULL, NULL),
(26, 'Stock & Corporate', 'Stock & Corporate', 1, '2016-11-06 07:44:12', NULL, NULL, NULL, NULL, 1, NULL, NULL, NULL),
(27, 'Back Inside Cover', 'Back Inside Cover', 1, '2016-11-06 07:44:35', NULL, NULL, NULL, NULL, 1, NULL, NULL, NULL),
(28, 'Front Inside Cover', 'Front Inside Cover', 1, '2016-11-06 07:44:56', NULL, NULL, NULL, NULL, 1, NULL, NULL, NULL),
(30, 'Folding Page', 'Folding Page', 1, '2016-11-06 07:45:36', NULL, NULL, NULL, NULL, 1, NULL, NULL, NULL),
(31, 'Back Folding Page', 'Back Folding Page', 1, '2016-11-06 07:45:54', NULL, NULL, NULL, NULL, 1, NULL, NULL, NULL),
(32, 'Middle Page', 'Middle Page', 1, '2016-11-06 07:46:16', NULL, NULL, NULL, NULL, 1, NULL, NULL, NULL),
(33, 'Front Inside', 'Front Inside', 1, '2016-11-06 07:46:40', NULL, NULL, NULL, NULL, 1, NULL, NULL, NULL),
(34, '5th Page', '5th Page', 1, '2016-11-06 07:46:59', NULL, NULL, NULL, NULL, 1, NULL, NULL, NULL),
(35, '7th Page', '7th Page', 1, '2016-11-06 07:47:16', NULL, NULL, NULL, NULL, 1, NULL, NULL, NULL),
(36, '9th Page', '9th Page', 1, '2016-11-06 07:47:38', NULL, NULL, NULL, NULL, 1, NULL, NULL, NULL),
(37, 'Front Page (Color)', 'Front Page (Color)', 1, '2016-11-08 06:43:35', NULL, NULL, NULL, NULL, 1, NULL, NULL, NULL),
(38, 'Back Page (Color)', 'Back Page (Color)', 1, '2016-11-08 06:43:59', NULL, NULL, NULL, NULL, 1, NULL, NULL, NULL),
(39, 'News Second Page(Color)', 'News 2nd Page', 1, '2016-11-08 06:44:55', 1, '2017-04-05 04:35:05', NULL, NULL, 1, NULL, NULL, NULL),
(40, 'News Third Page(Color)', 'News 3rd page', 1, '2016-11-08 06:45:17', 1, '2017-04-05 04:33:39', NULL, NULL, 1, NULL, NULL, NULL),
(41, 'News Third Page (B/W)', 'News 3rd page', 1, '2016-11-08 06:45:42', 1, '2017-04-05 04:34:10', NULL, NULL, 1, NULL, NULL, NULL),
(42, 'News Second Page (B/W)', 'News 2nd Page', 1, '2016-11-08 06:46:25', 1, '2017-04-05 04:34:34', NULL, NULL, 1, NULL, NULL, NULL),
(43, 'Front Folding Cover', 'Front Folding Cover', 1, '2016-11-10 06:47:15', NULL, NULL, NULL, NULL, 1, NULL, NULL, NULL),
(45, 'Cover Page', 'Cover Page', 1, '2016-11-10 06:48:16', NULL, NULL, NULL, NULL, 1, NULL, NULL, NULL),
(46, 'Back Cover', 'Back Cover', 1, '2016-11-10 08:21:29', 1, '2016-11-10 08:21:46', NULL, NULL, 1, NULL, NULL, NULL),
(47, '2nd Cover Page', '2nd Cover Page', 1, '2016-11-13 07:40:20', NULL, NULL, NULL, NULL, 1, NULL, NULL, NULL),
(48, '3rd Cover Page', '3rd Cover Page', 1, '2016-11-13 07:41:46', NULL, NULL, NULL, NULL, 1, NULL, NULL, NULL),
(49, 'Business', 'Business', 1, '2016-11-21 07:48:15', 1, '2017-04-11 09:04:41', NULL, NULL, 1, NULL, NULL, NULL),
(50, 'TOP LEADER BOARD', 'TOP LEADER BOARD (ONLINE)', 1, '2017-04-11 06:49:32', NULL, NULL, NULL, NULL, 1, NULL, NULL, NULL),
(51, 'LEADER BOARD', 'LEADER BOARD (ONLINE)', 1, '2017-04-11 06:50:06', NULL, NULL, NULL, NULL, 1, NULL, NULL, NULL),
(52, 'BANNER', 'BANNER (ONLINE)', 1, '2017-04-11 06:50:40', NULL, NULL, NULL, NULL, 1, NULL, NULL, NULL),
(53, 'RECTANGLE BANNER', 'RECTANGLE BANNER (ONLINE)', 1, '2017-04-11 06:51:05', NULL, NULL, NULL, NULL, 1, NULL, NULL, NULL),
(54, 'Inner Supplementary', 'Supplementary', 1, '2017-04-11 09:04:24', NULL, NULL, NULL, NULL, 1, NULL, NULL, NULL),
(55, 'Third', '', 1, '2017-04-18 05:12:26', NULL, NULL, NULL, NULL, 1, NULL, NULL, NULL),
(56, 'Jacket 1st Page', '', 1, '2017-05-15 06:54:49', 1, '2017-05-15 06:57:21', NULL, NULL, 1, NULL, NULL, NULL),
(57, 'Jacket 2nd Page', '', 1, '2017-05-15 06:57:39', NULL, NULL, NULL, NULL, 1, NULL, NULL, NULL),
(58, 'Jacket 3rd Page', '', 1, '2017-05-15 07:03:59', NULL, NULL, NULL, NULL, 1, NULL, NULL, NULL),
(59, 'Jacket 4th Page', '', 1, '2017-05-15 07:04:11', NULL, NULL, NULL, NULL, 1, NULL, NULL, NULL),
(60, 'Youth Express', '', 1, '2017-05-17 08:18:16', NULL, NULL, NULL, NULL, 1, NULL, NULL, NULL),
(61, 'Back Inside', '', 1, '2017-07-05 06:46:33', NULL, NULL, NULL, NULL, 1, NULL, NULL, NULL),
(62, 'Education And Carrer', '', 1, '2017-07-27 11:10:28', NULL, NULL, NULL, NULL, 1, NULL, NULL, NULL);

-- --------------------------------------------------------

--
-- Table structure for table `pageposition`
--

CREATE TABLE `pageposition` (
  `Id` int(11) NOT NULL,
  `Name` varchar(50) COLLATE utf8_unicode_ci DEFAULT NULL,
  `Description` text COLLATE utf8_unicode_ci,
  `EntryBy` int(11) DEFAULT NULL,
  `EntryDateTime` datetime DEFAULT NULL,
  `UpdateBy` int(11) DEFAULT NULL,
  `UpdateTime` datetime DEFAULT NULL,
  `DeleteBy` int(11) DEFAULT NULL,
  `DeleteDateTime` datetime DEFAULT NULL,
  `State` tinyint(3) DEFAULT '1'
) ENGINE=InnoDB DEFAULT CHARSET=utf8 COLLATE=utf8_unicode_ci;

--
-- Dumping data for table `pageposition`
--

INSERT INTO `pageposition` (`Id`, `Name`, `Description`, `EntryBy`, `EntryDateTime`, `UpdateBy`, `UpdateTime`, `DeleteBy`, `DeleteDateTime`, `State`) VALUES
(1, 'Front', 'Front Position', 1, '2015-02-09 15:15:58', NULL, NULL, NULL, NULL, 1),
(2, 'Back', 'Back Position', 1, '2015-02-09 15:16:17', NULL, NULL, NULL, NULL, 1),
(3, 'Sp', 'Special position', 1, '2015-02-09 15:16:31', NULL, NULL, NULL, NULL, 1),
(4, 'Sp(Front)', 'Sp(Front)', 1, '2015-02-09 15:19:26', NULL, NULL, NULL, NULL, 1);

-- --------------------------------------------------------

--
-- Table structure for table `placing`
--

CREATE TABLE `placing` (
  `Id` int(11) NOT NULL,
  `Name` varchar(50) COLLATE utf8_unicode_ci DEFAULT NULL,
  `Description` text COLLATE utf8_unicode_ci,
  `EntryBy` int(11) DEFAULT NULL,
  `EntryDateTime` datetime DEFAULT NULL,
  `UpdateBy` int(11) DEFAULT NULL,
  `UpdateTime` datetime DEFAULT NULL,
  `DeleteBy` int(11) DEFAULT NULL,
  `DeleteDateTime` datetime DEFAULT NULL,
  `State` tinyint(3) DEFAULT '1'
) ENGINE=InnoDB DEFAULT CHARSET=utf8 COLLATE=utf8_unicode_ci;

--
-- Dumping data for table `placing`
--

INSERT INTO `placing` (`Id`, `Name`, `Description`, `EntryBy`, `EntryDateTime`, `UpdateBy`, `UpdateTime`, `DeleteBy`, `DeleteDateTime`, `State`) VALUES
(5, 'Horizontal', 'Horizontal', 1, '2016-11-06 04:01:43', NULL, NULL, NULL, NULL, 1),
(6, 'Vertica', 'Vertica', 1, '2016-11-06 06:34:30', NULL, NULL, NULL, NULL, 1);

-- --------------------------------------------------------

--
-- Table structure for table `placingtype`
--

CREATE TABLE `placingtype` (
  `Id` int(11) NOT NULL,
  `Name` varchar(50) COLLATE utf8_unicode_ci DEFAULT NULL,
  `Description` text COLLATE utf8_unicode_ci,
  `EntryBy` int(11) DEFAULT NULL,
  `EntryDateTime` datetime DEFAULT NULL,
  `UpdateBy` int(11) DEFAULT NULL,
  `UpdateTime` datetime DEFAULT NULL,
  `DeleteBy` int(11) DEFAULT NULL,
  `DeleteDateTime` datetime DEFAULT NULL,
  `State` tinyint(3) DEFAULT '1'
) ENGINE=InnoDB DEFAULT CHARSET=utf8 COLLATE=utf8_unicode_ci;

--
-- Dumping data for table `placingtype`
--

INSERT INTO `placingtype` (`Id`, `Name`, `Description`, `EntryBy`, `EntryDateTime`, `UpdateBy`, `UpdateTime`, `DeleteBy`, `DeleteDateTime`, `State`) VALUES
(12, 'Upper Full', 'Upper Full', 1, '2016-11-06 06:30:03', NULL, NULL, NULL, NULL, 1),
(13, 'Upper Right ', 'Upper Right ', 1, '2016-11-06 06:30:14', NULL, NULL, NULL, NULL, 1),
(14, 'Upper Left ', 'Upper Left ', 1, '2016-11-06 06:30:26', NULL, NULL, NULL, NULL, 1),
(15, 'Middle Full', 'Middle Full', 1, '2016-11-06 06:30:51', NULL, NULL, NULL, NULL, 1),
(16, 'Middle Right', 'Middle Right', 1, '2016-11-06 06:31:08', NULL, NULL, NULL, NULL, 1),
(17, 'Middle Left', 'Middle Left', 1, '2016-11-06 06:31:23', NULL, NULL, NULL, NULL, 1),
(18, 'Lower Full', 'Lower Full', 1, '2016-11-06 06:31:39', NULL, NULL, NULL, NULL, 1),
(19, 'Lower Right', 'Lower Right', 1, '2016-11-06 06:31:53', 1, '2016-11-06 06:32:29', NULL, NULL, 1),
(20, 'Lower Left', 'Lower Left', 1, '2016-11-06 06:33:02', NULL, NULL, NULL, NULL, 1),
(21, 'Full Page', 'Full Page', 1, '2016-11-06 06:33:27', NULL, NULL, NULL, NULL, 1),
(22, 'Half Page', 'Half Page', 1, '2016-11-06 06:33:56', NULL, NULL, NULL, NULL, 1);

-- --------------------------------------------------------

--
-- Table structure for table `position`
--

CREATE TABLE `position` (
  `Id` int(11) NOT NULL,
  `Name` varchar(50) COLLATE utf8_unicode_ci DEFAULT NULL,
  `Description` text COLLATE utf8_unicode_ci,
  `EntryBy` int(11) DEFAULT NULL,
  `EntryDateTime` datetime DEFAULT NULL,
  `UpdateBy` int(11) DEFAULT NULL,
  `UpdateTime` datetime DEFAULT NULL,
  `DeleteBy` int(11) DEFAULT NULL,
  `DeleteDateTime` datetime DEFAULT NULL,
  `State` tinyint(3) DEFAULT '1'
) ENGINE=InnoDB DEFAULT CHARSET=utf8 COLLATE=utf8_unicode_ci;

--
-- Dumping data for table `position`
--

INSERT INTO `position` (`Id`, `Name`, `Description`, `EntryBy`, `EntryDateTime`, `UpdateBy`, `UpdateTime`, `DeleteBy`, `DeleteDateTime`, `State`) VALUES
(1, 'Top Left ', 'Top Left ', 1, '2016-01-24 02:26:25', NULL, NULL, NULL, NULL, 1),
(2, '555', '555', 1, '2016-10-17 07:44:04', NULL, NULL, NULL, NULL, 1);

-- --------------------------------------------------------

--
-- Table structure for table `price`
--

CREATE TABLE `price` (
  `Id` int(11) NOT NULL,
  `Name` varchar(50) COLLATE utf8_unicode_ci DEFAULT NULL,
  `MediaId` int(11) DEFAULT NULL,
  `PublicationId` int(11) DEFAULT NULL,
  `Day` varchar(20) COLLATE utf8_unicode_ci DEFAULT NULL,
  `EntryBy` int(11) DEFAULT NULL,
  `EntryDateTime` datetime DEFAULT NULL,
  `UpdateBy` int(11) DEFAULT NULL,
  `UpdateTime` datetime DEFAULT NULL,
  `DeleteBy` int(11) DEFAULT NULL,
  `DeleteDateTime` datetime DEFAULT NULL,
  `State` tinyint(3) DEFAULT '1'
) ENGINE=InnoDB DEFAULT CHARSET=utf8 COLLATE=utf8_unicode_ci;

--
-- Dumping data for table `price`
--

INSERT INTO `price` (`Id`, `Name`, `MediaId`, `PublicationId`, `Day`, `EntryBy`, `EntryDateTime`, `UpdateBy`, `UpdateTime`, `DeleteBy`, `DeleteDateTime`, `State`) VALUES
(26, 'Prothom Alo Pricing (General)', 1, 57, 'AllDays', 1, '2016-11-10 07:59:21', 1, '2017-05-15 07:06:20', NULL, NULL, 1),
(29, 'Prothom Alo Pricing (Rosh Alo)', 1, 9, 'Weekly', 1, '2016-11-10 08:24:01', 1, '2017-06-12 08:01:06', NULL, NULL, 1),
(30, 'Prothom Alo Pricing (Chutir Dine)', 1, 10, 'Weekly', 1, '2016-11-10 08:26:07', 1, '2017-06-12 08:02:06', NULL, NULL, 1),
(31, 'Prothom Alo Pricing (Naksha)', 1, 11, 'Weekly', 1, '2016-11-10 08:39:00', 1, '2017-06-12 08:07:48', NULL, NULL, 1),
(33, 'Prothom Alo Pricing (Adhuna)', 1, 13, 'Weekly', 1, '2016-11-10 08:53:41', 1, '2017-06-12 08:11:04', NULL, NULL, 1),
(34, 'Prothom Alo Pricing (Bondhu Shova)', 1, 14, 'Sunday', 1, '2016-11-10 09:02:18', 1, '2017-04-05 04:37:25', NULL, NULL, 1),
(35, 'Prothom Alo Pricing (Shopno Niye)', 1, 15, 'Sunday', 1, '2016-11-10 09:04:43', 1, '2017-04-05 04:37:31', NULL, NULL, 1),
(36, 'Prothom Alo Pricing (Anando)', 1, 16, 'Thursday', 1, '2016-11-10 09:09:00', 1, '2017-04-05 04:37:39', NULL, NULL, 1),
(37, 'Prothom Alo Pricing (Projonmo.Com)', 1, 12, 'Friday', 1, '2016-11-10 09:12:45', 1, '2017-04-05 04:37:49', NULL, NULL, 1),
(38, 'Bangladesh Pratidin Pricing(General)', 2, 2, 'AllDays', 1, '2016-11-10 09:36:07', 1, '2017-10-23 11:56:26', NULL, NULL, 1),
(39, 'Kaler Kantho Pricing(General)', 3, 53, 'AllDays', 1, '2016-11-10 09:43:05', 1, '2017-07-30 11:00:36', NULL, NULL, 1),
(40, 'Bangladesh Pratidin Pricing(Friday)', 2, 193, 'Friday', 1, '2016-11-10 10:00:51', 1, '2017-07-24 08:11:25', NULL, NULL, 1),
(41, 'Amader Shomoy Pricing(General)', 4, 58, 'AllDays', 1, '2016-11-10 10:21:51', 1, '2017-09-09 06:18:48', NULL, NULL, 1),
(43, 'Jugantor Pricing (General)', 5, 59, 'AllDays', 1, '2016-11-10 10:39:56', 1, '2017-10-17 11:23:04', NULL, NULL, 1),
(44, 'Jugantor Pricing (Ghore Baire)', 5, 28, 'Tuesday', 1, '2016-11-10 10:44:34', 1, '2017-02-19 10:15:58', NULL, NULL, 1),
(45, 'Ittefaq Pricing (General)', 6, 60, 'AllDays', 1, '2016-11-10 10:56:26', 1, '2017-10-29 08:54:48', NULL, NULL, 1),
(46, 'Ittefaq Pricing (Thatta)', 6, 32, 'Weekly', 1, '2016-11-13 07:48:41', 1, '2017-06-12 07:57:28', NULL, NULL, 1),
(47, 'Ittefaq Pricing (Korcha)', 6, 33, 'Weekly', 1, '2016-11-13 07:51:54', 1, '2017-07-24 08:12:57', NULL, NULL, 1),
(49, 'Ittefaq Pricing (Projonmo)', 6, 35, 'Monday', 1, '2016-11-13 07:58:40', 1, '2017-02-19 10:22:53', NULL, NULL, 1),
(50, 'Ittefaq Pricing (Campus)', 6, 36, 'Wednesday', 1, '2016-11-13 08:04:29', 1, '2017-02-19 10:24:29', NULL, NULL, 1),
(51, 'Ittefaq Pricing (Anondo Binodon)', 6, 37, 'Thursday', 1, '2016-11-13 08:06:27', 1, '2017-01-31 07:27:40', NULL, NULL, 1),
(52, 'Ittefaq Pricing (Tarun Kantho)', 6, 38, 'Saturday', 1, '2016-11-13 08:08:40', 1, '2017-02-20 07:20:22', NULL, NULL, 1),
(53, 'Janakantha Pricing (General)', 7, 61, 'AllDays', 1, '2016-11-13 08:16:43', 1, '2017-11-28 10:20:40', NULL, NULL, 1),
(54, 'Samakal Pricing(General)', 8, 62, 'AllDays', 1, '2016-11-13 08:27:54', 1, '2017-09-09 06:28:33', NULL, NULL, 1),
(55, 'Samakal Pricing(Pechal)', 8, 24, 'Weekly', 1, '2016-11-13 08:57:06', 1, '2017-06-12 07:41:02', NULL, NULL, 1),
(56, 'Samakal Pricing(Shoili)', 8, 26, 'Weekly', 1, '2016-11-13 09:01:34', 1, '2017-07-05 06:47:52', NULL, NULL, 1),
(57, 'Samakal Pricing(Nondon)', 8, 27, 'Sunday', 1, '2016-11-13 09:06:44', 1, '2017-02-19 10:33:55', NULL, NULL, 1),
(60, 'Samakal Pricing(Kaler Kheya)', 8, 23, 'Friday', 1, '2016-11-13 09:15:57', 1, '2017-01-31 06:55:06', NULL, NULL, 1),
(61, 'Inqilab Pricing (General)', 9, 63, 'AllDays', 1, '2016-11-13 09:26:18', 1, '2017-09-09 07:16:24', NULL, NULL, 1),
(62, 'Naya Diganto Pricing (General)', 10, 64, 'AllDays', 1, '2016-11-13 09:40:00', 1, '2017-10-23 11:59:30', NULL, NULL, 1),
(63, 'Shokaler Khobor Priciing (General)', 12, 66, 'AllDays', 1, '2016-11-13 10:00:07', 1, '2017-06-04 07:29:41', NULL, NULL, 1),
(64, 'Bhorer Kagoj Pricing (General)', 13, 67, 'AllDays', 1, '2016-11-13 10:05:08', 1, '2017-09-11 09:59:21', NULL, NULL, 1),
(65, 'Manabzamin Pricing(General)', 14, 68, 'AllDays', 1, '2016-11-13 10:11:08', 1, '2017-09-14 11:43:18', NULL, NULL, 1),
(66, 'Bhorer Dak Pricing(General)', 15, 69, 'AllDays', 1, '2016-11-13 10:13:34', 1, '2017-05-24 06:05:39', NULL, NULL, 1),
(67, 'Jaijaidin Pricing(General)', 16, 70, 'AllDays', 1, '2016-11-13 10:24:04', 1, '2017-09-11 09:52:19', NULL, NULL, 1),
(68, 'Independent Pricing(General)', 18, 72, 'AllDays', 1, '2016-11-13 10:32:01', 1, '2017-09-09 07:13:09', NULL, NULL, 1),
(69, 'Financial Express Pricing(General)', 19, 73, 'AllDays', 1, '2016-11-13 10:41:26', 1, '2017-07-27 11:13:07', NULL, NULL, 1),
(70, 'New Age Pricing(General)', 20, 74, 'AllDays', 1, '2016-11-13 10:46:16', 1, '2017-11-28 10:22:55', NULL, NULL, 1),
(71, 'New Age Pricing(Trends)', 20, 39, 'Weekly', 1, '2016-11-13 10:51:33', 1, '2017-09-09 07:24:16', NULL, NULL, 1),
(72, 'Daily Sun Pricing(General)', 21, 75, 'AllDays', 1, '2016-11-14 06:07:05', 1, '2017-10-29 08:24:54', NULL, NULL, 1),
(73, 'Daily Sun Pricing(Groove)', 21, 44, 'Weekly', 1, '2016-11-14 06:11:23', 1, '2017-06-13 04:31:52', NULL, NULL, 1),
(74, 'Bonik Barta Pricing(General)', 22, 76, 'AllDays', 1, '2016-11-14 06:15:10', 1, '2017-09-09 06:47:59', NULL, NULL, 1),
(75, 'Bonik Barta Pricing(Silk Root)', 22, 47, 'Weekly', 1, '2016-11-14 06:28:11', 1, '2017-06-12 07:13:40', NULL, NULL, 1),
(76, 'Manobkantha Pricing(General)', 23, 77, 'AllDays', 1, '2016-11-14 06:40:42', 1, '2017-09-09 07:21:55', NULL, NULL, 1),
(77, 'News Today Pricing(General)', 24, 78, 'AllDays', 1, '2016-11-14 06:51:15', 1, '2017-10-29 09:02:31', NULL, NULL, 1),
(78, 'Amader Orthoneeti Pricing(General)', 25, 79, 'AllDays', 1, '2016-11-14 06:57:06', 1, '2017-02-19 10:46:06', NULL, NULL, 1),
(79, 'New Nation Pricing(General)', 29, 81, 'AllDays', 1, '2016-11-14 07:00:41', 1, '2017-09-09 07:34:47', NULL, NULL, 1),
(80, 'Bangladesh Today Pricing(Pricing)', 30, 82, 'AllDays', 1, '2016-11-14 07:07:38', 1, '2017-02-22 11:00:22', NULL, NULL, 1),
(81, 'Alokito Bangladesh Pricing(General)', 32, 84, 'AllDays', 1, '2016-11-14 07:15:04', 1, '2017-11-28 10:13:13', NULL, NULL, 1),
(82, 'Vorer Pata Pricing(General)', 33, 85, 'AllDays', 1, '2016-11-14 07:20:27', 1, '2017-07-31 10:16:40', NULL, NULL, 1),
(83, 'Doinik Janata Pricing(General)', 34, 86, 'AllDays', 1, '2016-11-14 07:23:50', 1, '2017-09-09 07:09:51', NULL, NULL, 1),
(84, 'Dinkal Pricing(General)', 35, 87, 'AllDays', 1, '2016-11-14 07:27:24', 1, '2017-10-24 11:37:20', NULL, NULL, 1),
(85, 'Dhaka Tribune Pricing(General)', 36, 88, 'AllDays', 1, '2016-11-14 07:39:41', 1, '2017-07-30 10:07:27', NULL, NULL, 1),
(86, 'Dhaka Tribune Pricing(Weekend Tribune)', 36, 51, 'Weekly', 1, '2016-11-14 07:57:50', 1, '2017-07-15 10:24:53', NULL, NULL, 1),
(87, 'Karatoa Prcing(General)', 47, 110, 'AllDays', 1, '2016-11-14 08:01:28', 1, '2017-07-31 10:13:35', NULL, NULL, 1),
(88, 'Bangladesh Shomoy Pricing(General)', 48, 109, 'AllDays', 1, '2016-11-14 08:06:43', 1, '2017-06-04 05:36:44', NULL, NULL, 1),
(89, 'Kaler Kantho Pricing(Ghorar Dim)', 3, 17, 'Weekly', 1, '2016-11-14 08:18:39', 1, '2017-06-12 07:07:27', NULL, NULL, 1),
(90, 'Kaler Kantho Pricing(A to Z)', 3, 20, 'Weekly', 1, '2016-11-14 08:21:38', 1, '2017-09-09 06:08:55', NULL, NULL, 1),
(91, 'Kaler Kantho Pricing(Ronger Mela)', 3, 22, '0', 1, '2016-11-14 08:25:12', NULL, NULL, NULL, NULL, 1),
(92, 'Daily Star Pricing(General)', 17, 71, 'AllDays', 1, '2016-11-14 09:09:21', 1, '2017-10-17 11:38:52', NULL, NULL, 1),
(93, 'Daily Star Pricing(Lifestyle)', 17, 8, 'Sunday', 1, '2016-11-14 09:20:38', 1, '2017-05-17 04:59:38', NULL, NULL, 1),
(94, 'Daily Star Pricing(Showbiz)', 17, 29, 'AllDays', 1, '2016-11-14 09:26:52', 1, '2017-06-04 07:46:40', NULL, NULL, 1),
(95, 'Daily Star Pricing(Shout)', 17, 30, '0', 1, '2016-11-14 09:30:23', NULL, NULL, NULL, NULL, 1),
(96, 'Daily Star Pricing(Star Weekend)', 17, 31, 'Friday', 1, '2016-11-14 09:39:53', 1, '2017-09-09 06:59:02', NULL, NULL, 1),
(97, 'Daily Star Pricing(General-Friday)', 65, 119, 'Friday', 1, '2016-11-14 10:41:28', 1, '2017-05-07 12:11:13', NULL, NULL, 1),
(98, 'Ananda Bhuban Magazine', 45, 93, 'Monthly', 1, '2016-11-16 08:42:56', 1, '2017-07-24 08:02:14', NULL, NULL, 1),
(99, 'Ananda Dhara Magazine', 51, 90, 'Monthly', 1, '2016-11-16 08:59:21', 1, '2017-07-10 11:10:00', NULL, NULL, 1),
(100, 'Anando Alo', 52, 94, 'Monthly', 1, '2016-11-16 09:15:49', 1, '2017-07-09 10:27:51', NULL, NULL, 1),
(101, 'Anannya', 53, 95, 'Monthly', 1, '2016-11-16 09:47:30', 1, '2017-07-10 11:28:17', NULL, NULL, 1),
(103, 'Anyadin', 54, 96, 'Monthly', 1, '2016-11-16 10:01:26', 1, '2017-07-09 06:21:07', NULL, NULL, 1),
(104, 'Canvas', 55, 97, 'AllDays', 1, '2016-11-16 10:19:18', 1, '2017-07-24 08:03:34', NULL, NULL, 1),
(105, 'ICE Business Times', 56, 98, 'Monthly', 1, '2016-11-16 10:26:49', 1, '2017-09-09 05:36:36', NULL, NULL, 1),
(106, 'ICE Today', 57, 99, 'Monthly', 1, '2016-11-16 10:38:25', 1, '2017-06-12 06:37:57', NULL, NULL, 1),
(107, 'Mirror', 58, 100, 'AllDays', 1, '2016-11-16 10:47:19', 1, '2017-09-09 05:40:59', NULL, NULL, 1),
(109, 'Splash', 60, 102, 'SaterDay', 1, '2016-11-17 07:13:00', 1, '2017-01-30 09:54:02', NULL, NULL, 1),
(110, 'Computer Jagat', 61, 103, 'Monthly', 1, '2016-11-17 07:22:35', 1, '2017-11-05 03:42:42', NULL, NULL, 1),
(111, 'Corporate', 62, 104, 'Monthly', 1, '2016-11-17 07:34:26', 1, '2017-07-10 11:40:51', NULL, NULL, 1),
(112, 'Computer Bicitra', 63, 105, 'Monthly', 1, '2016-11-17 08:02:51', 1, '2017-11-05 03:37:49', NULL, NULL, 1),
(113, 'Binodon', 64, 106, 'Saturday', 1, '2016-11-17 08:19:04', 1, '2017-01-31 04:28:33', NULL, NULL, 1),
(116, 'Destiny Daily general', 28, 80, 'AllDays', 1, '2017-02-05 03:54:12', 1, '2017-02-23 04:50:40', NULL, NULL, 1),
(120, 'Sangran-General', 37, 89, 'AllDays', 1, '2017-02-22 10:01:16', NULL, NULL, NULL, NULL, 1),
(121, 'Sangbad', 50, 107, 'AllDays', 1, '2017-02-22 10:39:42', 1, '2017-11-28 10:07:00', NULL, NULL, 1),
(122, 'Daily Observer General', 66, 120, 'AllDays', 1, '2017-02-23 07:10:11', 1, '2017-05-09 10:26:29', NULL, NULL, 1),
(123, 'DhakaCourier Magazine', 38, 118, 'Weekly', 1, '2017-02-26 03:40:33', 1, '2017-11-05 03:31:43', NULL, NULL, 1),
(127, 'Sangram general', 37, 89, 'AllDays', 1, '2017-02-26 04:41:23', NULL, NULL, NULL, NULL, 1),
(128, 'Prothom-Alo.com', 1, 122, 'AllDays', 1, '2017-03-22 04:12:57', NULL, NULL, NULL, NULL, 1),
(129, 'Kaler Kantho Pricing(Abosore)', 3, 42, 'Saturday', 1, '2017-04-12 05:58:51', 1, '2017-04-12 06:00:02', NULL, NULL, 1),
(130, 'Sonibarer Shokal (B.Pratidin)', 2, 128, 'Saturday', 1, '2017-04-18 05:15:08', 1, '2017-09-17 10:35:15', NULL, NULL, 1),
(131, 'BK Fashion', 13, 43, 'Weekly', 1, '2017-05-09 05:30:18', 1, '2017-06-12 04:47:18', NULL, NULL, 1),
(132, 'Jugantor Pricing (Bichhu)', 5, 185, 'Weekly', 1, '2017-05-15 05:13:15', NULL, NULL, NULL, NULL, 1),
(133, 'Bonik Barta Pricing(Sonket)', 22, 208, 'Weekly', 1, '2017-05-15 07:55:31', NULL, NULL, NULL, NULL, 1),
(134, 'Dhaka Tribune Pricing(SportsTribune)', 36, 210, 'Weekly', 1, '2017-05-18 06:51:53', 1, '2017-06-11 11:22:36', NULL, NULL, 1),
(135, 'Prothom Alo Pricing (Ma ke nia)', 1, 211, 'Yearly', 1, '2017-05-18 11:48:54', NULL, NULL, NULL, NULL, 1),
(136, 'People', 49, 108, 'AllDays', 1, '2017-06-01 07:34:52', 1, '2017-06-11 11:18:40', NULL, NULL, 1),
(137, 'Ajkaler Khobor General', 44, 112, 'AllDays', 1, '2017-06-01 07:47:14', 1, '2017-06-03 07:18:45', NULL, NULL, 1),
(138, 'Naya Diganto	Satrong', 10, 209, 'Weekly', 1, '2017-06-01 07:51:36', 1, '2017-07-15 10:16:28', NULL, NULL, 1),
(139, 'Independent Stethoscope', 18, 49, 'Weekly', 1, '2017-06-01 08:58:33', 1, '2017-07-02 08:29:29', NULL, NULL, 1),
(140, 'Ayna Shomoy Pricing', 4, 40, 'Weekly', 1, '2017-06-04 06:51:01', 1, '2017-10-01 11:34:53', NULL, NULL, 1),
(141, 'Shaptahik Price', 59, 101, 'Monthly', 1, '2017-06-05 11:46:42', 1, '2017-06-11 09:35:14', NULL, NULL, 1),
(142, 'Tech World Price', 120, 214, 'Monthly', 1, '2017-06-05 12:09:03', 1, '2017-11-05 03:48:11', NULL, NULL, 1),
(143, 'First News', 119, 213, 'Monthly', 1, '2017-06-05 12:23:55', 1, '2017-07-24 08:09:55', NULL, NULL, 1),
(144, 'Krira Jagat Price', 118, 212, 'Monthly', 1, '2017-06-05 12:29:44', 1, '2017-06-05 12:42:42', NULL, NULL, 1),
(146, 'Independent The Weekend', 18, 48, 'Weekly', 1, '2017-06-22 05:17:15', 1, '2017-07-24 08:14:09', NULL, NULL, 1),
(147, 'Eid binodon(Kaler Kantho)', 3, 215, 'Yearly', 1, '2017-07-04 11:02:48', NULL, NULL, NULL, NULL, 1),
(148, 'Eid Upohar', 1, 216, 'Yearly', 1, '2017-07-04 11:16:00', NULL, NULL, NULL, NULL, 1),
(149, 'Eid Binodon (Prothom Alo)', 1, 217, 'Yearly', 1, '2017-07-05 08:09:48', NULL, NULL, NULL, NULL, 1),
(150, 'C News price', 121, 218, 'Monthly', 1, '2017-07-10 09:44:30', 1, '2017-07-10 11:35:33', NULL, NULL, 1),
(151, 'Charu Pata price', 33, 200, 'Weekly', 1, '2017-07-24 08:08:22', 1, '2017-09-09 06:11:15', NULL, NULL, 1),
(152, 'Asian Age General Price', 122, 219, 'AllDays', 1, '2017-08-09 07:42:29', 1, '2017-09-12 08:04:23', NULL, NULL, 1),
(153, 'Naksha Eid Festival 1', 1, 220, 'Yearly', 1, '2017-08-29 10:43:19', NULL, NULL, NULL, NULL, 1),
(154, 'Naksha Eid Festival 2', 1, 221, 'Yearly', 1, '2017-08-29 10:45:53', NULL, NULL, NULL, NULL, 1),
(155, 'Doinik Bartoman General', 31, 83, 'AllDays', 1, '2017-09-09 07:04:45', NULL, NULL, NULL, NULL, 1),
(156, 'Morning Tea', 21, 46, 'Saturday', 1, '2017-09-11 10:24:20', NULL, NULL, NULL, NULL, 1),
(157, 'Special Supplementary', 1, 222, 'Yearly', 1, '2017-09-25 07:58:01', 1, '2017-11-05 06:52:00', NULL, NULL, 1),
(158, 'Campus (Kaler Kantha)', 3, 176, 'Weekly', 1, '2017-10-16 10:43:13', 1, '2017-10-16 10:47:59', NULL, NULL, 1),
(159, 'Special Supplementary  (Kaler Kantha)', 3, 225, 'Yearly', 1, '2017-10-23 11:43:21', NULL, NULL, NULL, NULL, 1),
(160, 'Special Supplementary (Samakal)', 8, 226, 'Yearly', 1, '2017-10-23 11:48:09', NULL, NULL, NULL, NULL, 1),
(161, 'Special Supplementary (DSUN) ', 21, 237, 'Yearly', 1, '2017-10-24 12:00:16', 1, '2017-11-05 04:11:05', NULL, NULL, 1),
(162, 'Special Supplementary (DT)', 36, 236, 'Yearly', 1, '2017-10-24 12:07:25', 1, '2017-10-29 08:37:30', NULL, NULL, 1),
(163, 'Special Supplementary (NT)', 24, 238, 'Yearly', 1, '2017-10-29 07:48:01', NULL, NULL, NULL, NULL, 1),
(164, 'Special Supplementary (NA)', 20, 233, 'Yearly', 1, '2017-10-29 07:52:10', NULL, NULL, NULL, NULL, 1),
(165, 'Special Supplementary (ND)', 10, 239, 'Yearly', 1, '2017-10-29 07:55:18', NULL, NULL, NULL, NULL, 1),
(166, 'Special Supplementary', 22, 234, 'Yearly', 1, '2017-11-05 04:01:04', NULL, NULL, NULL, NULL, 1);

-- --------------------------------------------------------

--
-- Table structure for table `pricedetails`
--

CREATE TABLE `pricedetails` (
  `Id` int(11) NOT NULL,
  `PriceId` int(11) DEFAULT NULL,
  `Name` varchar(50) COLLATE utf8_unicode_ci DEFAULT NULL,
  `Hue` int(11) DEFAULT NULL,
  `PageNoId` int(11) DEFAULT NULL,
  `Price` decimal(20,2) DEFAULT NULL,
  `Col` int(2) DEFAULT NULL,
  `Inch` int(2) DEFAULT NULL,
  `Description` text COLLATE utf8_unicode_ci,
  `EntryBy` int(11) DEFAULT NULL,
  `EntryDateTime` datetime DEFAULT NULL,
  `UpdateBy` int(11) DEFAULT NULL,
  `UpdateTime` datetime DEFAULT NULL,
  `DeleteBy` int(11) DEFAULT NULL,
  `DeleteDateTime` datetime DEFAULT NULL,
  `State` tinyint(3) DEFAULT '1'
) ENGINE=InnoDB DEFAULT CHARSET=utf8 COLLATE=utf8_unicode_ci;

--
-- Dumping data for table `pricedetails`
--

INSERT INTO `pricedetails` (`Id`, `PriceId`, `Name`, `Hue`, `PageNoId`, `Price`, `Col`, `Inch`, `Description`, `EntryBy`, `EntryDateTime`, `UpdateBy`, `UpdateTime`, `DeleteBy`, `DeleteDateTime`, `State`) VALUES
(544, 91, 'KK-RM Front', 1, 18, '4500.00', 1, 1, '', 1, '2016-11-14 08:25:12', NULL, NULL, NULL, NULL, 1),
(545, 91, 'KK-RM Back', 1, 46, '4000.00', 1, 1, '', 1, '2016-11-14 08:25:12', NULL, NULL, NULL, NULL, 1),
(546, 91, 'KK-RM Inner', 1, 24, '3500.00', 1, 1, '', 1, '2016-11-14 08:25:12', NULL, NULL, NULL, NULL, 1),
(547, 91, 'KK-RM Inner b/w', 2, 24, '3000.00', 1, 1, '', 1, '2016-11-14 08:25:13', NULL, NULL, NULL, NULL, 1),
(582, 95, 'DS-ST Front', 1, 18, '4000.00', 1, 1, '', 1, '2016-11-14 09:30:24', NULL, NULL, NULL, NULL, 1),
(583, 95, 'DS-ST Front Inner', 1, 33, '2500.00', 1, 1, '', 1, '2016-11-14 09:30:24', NULL, NULL, NULL, NULL, 1),
(584, 95, 'DS-ST Back', 1, 46, '3000.00', 1, 1, '', 1, '2016-11-14 09:30:24', NULL, NULL, NULL, NULL, 1),
(585, 95, 'DS-ST Back Inner', 1, 27, '2500.00', 1, 1, '', 1, '2016-11-14 09:30:24', NULL, NULL, NULL, NULL, 1),
(586, 95, 'DS-ST Inner', 1, 24, '2000.00', 1, 1, '', 1, '2016-11-14 09:30:24', NULL, NULL, NULL, NULL, 1),
(667, 109, 'SPH- Inner', 1, 24, '1000.00', 1, 1, '', 1, '2017-01-30 09:54:03', NULL, NULL, NULL, NULL, 1),
(668, 109, 'SPH- Folding Page', 1, 30, '1500.00', 1, 1, '', 1, '2017-01-30 09:54:03', NULL, NULL, NULL, NULL, 1),
(720, 113, 'BD- Folding', 1, 30, '1250.00', 1, 1, '', 1, '2017-01-31 04:28:33', NULL, NULL, NULL, NULL, 1),
(721, 113, 'BD- Folding', 1, 24, '500.00', 1, 1, '', 1, '2017-01-31 04:28:33', NULL, NULL, NULL, NULL, 1),
(749, 60, 'SK-KK Front', 1, 18, '8333.00', 1, 1, '', 1, '2017-01-31 06:55:06', NULL, NULL, NULL, NULL, 1),
(750, 60, 'SK-KK Back', 1, 46, '556.00', 1, 1, '', 1, '2017-01-31 06:55:06', NULL, NULL, NULL, NULL, 1),
(751, 60, 'SK-KK Inner', 1, 24, '347.00', 1, 1, '', 1, '2017-01-31 06:55:06', NULL, NULL, NULL, NULL, 1),
(752, 60, 'SK-KK Inner b/w', 2, 24, '278.00', 1, 1, '', 1, '2017-01-31 06:55:06', NULL, NULL, NULL, NULL, 1),
(753, 60, 'SK-KK 2nd Cover', 1, 47, '417.00', 1, 1, '', 1, '2017-01-31 06:55:06', NULL, NULL, NULL, NULL, 1),
(754, 60, 'SK-KK 3rd Cover', 1, 48, '347.00', 1, 1, '', 1, '2017-01-31 06:55:06', NULL, NULL, NULL, NULL, 1),
(755, 60, 'SK-KK Inner Half', 1, 24, '417.00', 1, 1, '', 1, '2017-01-31 06:55:06', NULL, NULL, NULL, NULL, 1),
(756, 60, 'SK-KK Inner Half b/w', 2, 24, '278.00', 1, 1, '', 1, '2017-01-31 06:55:06', NULL, NULL, NULL, NULL, 1),
(757, 60, 'SK-KK Middle', 1, 32, '313.00', 1, 1, '', 1, '2017-01-31 06:55:07', NULL, NULL, NULL, NULL, 1),
(776, 51, 'IT-AB Front', 1, 18, '3500.00', 1, 1, '', 1, '2017-01-31 07:27:40', NULL, NULL, NULL, NULL, 1),
(777, 51, 'IT-AB Back', 1, 46, '3000.00', 1, 1, '', 1, '2017-01-31 07:27:40', NULL, NULL, NULL, NULL, 1),
(778, 51, 'IT-AB Inner', 1, 24, '2500.00', 1, 1, '', 1, '2017-01-31 07:27:40', NULL, NULL, NULL, NULL, 1),
(936, 44, 'JU-GB Front', 1, 18, '5000.00', 1, 1, '', 1, '2017-02-19 10:15:58', NULL, NULL, NULL, NULL, 1),
(937, 44, 'JU-GB Back', 1, 46, '4000.00', 1, 1, '', 1, '2017-02-19 10:15:59', NULL, NULL, NULL, NULL, 1),
(938, 44, 'JU-GB Inner', 1, 24, '3000.00', 1, 1, '', 1, '2017-02-19 10:15:59', NULL, NULL, NULL, NULL, 1),
(939, 44, 'JU-GB Inner b/w', 2, 24, '2500.00', 1, 1, '', 1, '2017-02-19 10:15:59', NULL, NULL, NULL, NULL, 1),
(962, 49, 'IT-PJ Front', 1, 18, '3500.00', 1, 1, '', 1, '2017-02-19 10:22:53', NULL, NULL, NULL, NULL, 1),
(963, 49, 'IT-PJ Back', 1, 46, '3000.00', 1, 1, '', 1, '2017-02-19 10:22:53', NULL, NULL, NULL, NULL, 1),
(964, 49, 'IT-PJ Inner', 1, 24, '2500.00', 1, 1, '', 1, '2017-02-19 10:22:53', NULL, NULL, NULL, NULL, 1),
(965, 50, 'IT-CP Front', 1, 18, '3500.00', 1, 1, '', 1, '2017-02-19 10:24:29', NULL, NULL, NULL, NULL, 1),
(966, 50, 'IT-CP Inner', 1, 24, '2500.00', 1, 1, '', 1, '2017-02-19 10:24:29', NULL, NULL, NULL, NULL, 1),
(967, 50, 'IT-TP Tottho Projukti', 1, 24, '3000.00', 1, 1, '', 1, '2017-02-19 10:24:29', NULL, NULL, NULL, NULL, 1),
(968, 50, 'IT-CR Carrer', 1, 24, '2500.00', 1, 1, '', 1, '2017-02-19 10:24:29', NULL, NULL, NULL, NULL, 1),
(969, 57, 'SK-ND Front', 1, 18, '7500.00', 1, 1, '', 1, '2017-02-19 10:33:55', NULL, NULL, NULL, NULL, 1),
(970, 57, 'SK-ND Back', 1, 46, '6500.00', 1, 1, '', 1, '2017-02-19 10:33:55', NULL, NULL, NULL, NULL, 1),
(971, 57, 'SK-ND Inner', 1, 24, '5500.00', 1, 1, '', 1, '2017-02-19 10:33:55', NULL, NULL, NULL, NULL, 1),
(972, 57, 'SK-ND Inner b/w', 2, 24, '4000.00', 1, 1, '', 1, '2017-02-19 10:33:55', NULL, NULL, NULL, NULL, 1),
(1020, 78, 'AO- 1st Page', 1, 15, '12000.00', 1, 1, '', 1, '2017-02-19 10:46:06', NULL, NULL, NULL, NULL, 1),
(1021, 78, 'AO- Back Page', 1, 16, '10000.00', 1, 1, '', 1, '2017-02-19 10:46:06', NULL, NULL, NULL, NULL, 1),
(1022, 78, 'AO- 3rd Page', 1, 40, '6000.00', 1, 1, '', 1, '2017-02-19 10:46:06', NULL, NULL, NULL, NULL, 1),
(1023, 78, 'AO- 3rd Page b/w', 2, 41, '5000.00', 1, 1, '', 1, '2017-02-19 10:46:06', NULL, NULL, NULL, NULL, 1),
(1024, 78, 'AO- Inner', 1, 24, '5000.00', 1, 1, '', 1, '2017-02-19 10:46:06', NULL, NULL, NULL, NULL, 1),
(1025, 78, 'AO- Inner b/w', 2, 24, '2500.00', 1, 1, '', 1, '2017-02-19 10:46:06', NULL, NULL, NULL, NULL, 1),
(1162, 52, 'IT-TK Inner', 1, 24, '3500.00', 1, 1, '', 1, '2017-02-20 07:20:22', NULL, NULL, NULL, NULL, 1),
(1395, 120, 'Sangram FP', 2, 15, '4000.00', 1, 1, '', 1, '2017-02-22 10:01:16', NULL, NULL, NULL, NULL, 1),
(1396, 120, 'Sangram BP', 2, 16, '3000.00', 1, 1, '', 1, '2017-02-22 10:01:16', NULL, NULL, NULL, NULL, 1),
(1397, 120, 'Sangram 3rd page', 2, 41, '2000.00', 1, 1, '', 1, '2017-02-22 10:01:16', NULL, NULL, NULL, NULL, 1),
(1437, 80, 'BT- 1st Page', 1, 15, '6000.00', 1, 1, '', 1, '2017-02-22 11:00:22', NULL, NULL, NULL, NULL, 1),
(1438, 80, 'BT- 1st Page b/w', 2, 15, '4000.00', 1, 1, '', 1, '2017-02-22 11:00:22', NULL, NULL, NULL, NULL, 1),
(1439, 80, 'BT- Back Pge', 1, 16, '4000.00', 1, 1, '', 1, '2017-02-22 11:00:22', NULL, NULL, NULL, NULL, 1),
(1440, 80, 'BT- Back Pge b/w', 2, 16, '3000.00', 1, 1, '', 1, '2017-02-22 11:00:22', NULL, NULL, NULL, NULL, 1),
(1441, 80, 'BT- Inner', 1, 24, '3000.00', 1, 1, '', 1, '2017-02-22 11:00:22', NULL, NULL, NULL, NULL, 1),
(1442, 80, 'BT- Inner b/w', 2, 24, '2000.00', 1, 1, '', 1, '2017-02-22 11:00:22', NULL, NULL, NULL, NULL, 1),
(1456, 116, 'DS-FP', 1, 15, '10000.00', 1, 1, '', 1, '2017-02-23 04:50:41', NULL, NULL, NULL, NULL, 1),
(1457, 116, 'DS-BP', 1, 16, '8000.00', 1, 1, '', 1, '2017-02-23 04:50:41', NULL, NULL, NULL, NULL, 1),
(1458, 116, '3rd-b/w', 2, 41, '5000.00', 1, 1, '', 1, '2017-02-23 04:50:41', NULL, NULL, NULL, NULL, 1),
(1459, 116, '3rd-colour', 1, 40, '6500.00', 1, 1, '', 1, '2017-02-23 04:50:41', NULL, NULL, NULL, NULL, 1),
(1460, 116, 'DS-SP color', 1, 23, '3500.00', 1, 1, '', 1, '2017-02-23 04:50:41', NULL, NULL, NULL, NULL, 1),
(1461, 116, 'DS-SP-B/W', 2, 23, '3000.00', 1, 1, '', 1, '2017-02-23 04:50:41', NULL, NULL, NULL, NULL, 1),
(1462, 116, '2nd Page B/w', 2, 42, '3000.00', 1, 1, '', 1, '2017-02-23 04:50:41', NULL, NULL, NULL, NULL, 1),
(1463, 116, 'DS-inner-color', 1, 24, '3000.00', 1, 1, '', 1, '2017-02-23 04:50:41', NULL, NULL, NULL, NULL, 1),
(1464, 116, 'DS-inner-B/w', 2, 24, '2200.00', 1, 1, '', 1, '2017-02-23 04:50:41', NULL, NULL, NULL, NULL, 1),
(1465, 116, 'DS-BB', 2, 17, '2500.00', 1, 1, '', 1, '2017-02-23 04:50:41', NULL, NULL, NULL, NULL, 1),
(1493, 127, 'SA-1st page color', 1, 15, '12000.00', 1, 1, '', 1, '2017-02-26 04:41:23', NULL, NULL, NULL, NULL, 1),
(1494, 127, 'SA-1st page B/W', 2, 15, '10000.00', 1, 1, '', 1, '2017-02-26 04:41:24', NULL, NULL, NULL, NULL, 1),
(1495, 127, 'SA-Last page color', 1, 16, '10000.00', 1, 1, '', 1, '2017-02-26 04:41:24', NULL, NULL, NULL, NULL, 1),
(1496, 127, 'SA-Last page B/w', 2, 16, '9000.00', 1, 1, '', 1, '2017-02-26 04:41:24', NULL, NULL, NULL, NULL, 1),
(1497, 127, 'SA-3rd page color', 1, 40, '6000.00', 1, 1, '', 1, '2017-02-26 04:41:24', NULL, NULL, NULL, NULL, 1),
(1498, 127, 'SA-3rd page B/w', 2, 41, '5000.00', 1, 1, '', 1, '2017-02-26 04:41:24', NULL, NULL, NULL, NULL, 1),
(1499, 127, 'SA-2nd Page B/w', 0, 42, '4000.00', 1, 1, '', 1, '2017-02-26 04:41:24', NULL, NULL, NULL, NULL, 1),
(1500, 127, 'SA-Inner color', 1, 24, '5000.00', 1, 1, '', 1, '2017-02-26 04:41:24', NULL, NULL, NULL, NULL, 1),
(1501, 127, 'SA-Inner B/W', 2, 24, '4000.00', 1, 1, '', 1, '2017-02-26 04:41:24', NULL, NULL, NULL, NULL, 1),
(1506, 128, 'PA-online-1st page color', 1, 15, '1050.00', 1, 1, '', 1, '2017-03-22 04:12:57', NULL, NULL, NULL, NULL, 1),
(1507, 128, 'PA-online-2nd page color', 1, 39, '750.00', 1, 1, '', 1, '2017-03-22 04:12:57', NULL, NULL, NULL, NULL, 1),
(1537, 34, 'PA-BS Inner', 1, 24, '3500.00', 1, 1, '', 1, '2017-04-05 04:37:25', NULL, NULL, NULL, NULL, 1),
(1538, 35, 'PA-SN Front', 1, 18, '6500.00', 1, 1, '', 1, '2017-04-05 04:37:31', NULL, NULL, NULL, NULL, 1),
(1539, 35, 'PA-SN Back', 1, 46, '5000.00', 1, 1, '', 1, '2017-04-05 04:37:31', NULL, NULL, NULL, NULL, 1),
(1540, 35, 'PA-SN Inner', 1, 24, '3500.00', 1, 1, '', 1, '2017-04-05 04:37:31', NULL, NULL, NULL, NULL, 1),
(1541, 36, 'PA-AN Front', 1, 18, '6500.00', 1, 1, '', 1, '2017-04-05 04:37:39', NULL, NULL, NULL, NULL, 1),
(1542, 36, 'PA-AN Back', 1, 46, '5000.00', 1, 1, '', 1, '2017-04-05 04:37:39', NULL, NULL, NULL, NULL, 1),
(1543, 36, 'PA-AN Inner', 1, 24, '3500.00', 1, 1, '', 1, '2017-04-05 04:37:39', NULL, NULL, NULL, NULL, 1),
(1544, 37, 'PA-PR Inner', 1, 24, '5500.00', 1, 1, '', 1, '2017-04-05 04:37:49', NULL, NULL, NULL, NULL, 1),
(1678, 129, 'KK-AS Front', 1, 18, '6000.00', 1, 1, '', 1, '2017-04-12 06:00:03', NULL, NULL, NULL, NULL, 1),
(1679, 129, 'KK-AS Back', 1, 16, '5000.00', 1, 1, '', 1, '2017-04-12 06:00:03', NULL, NULL, NULL, NULL, 1),
(1680, 129, 'KK-ASInner Color', 1, 24, '4000.00', 1, 1, '', 1, '2017-04-12 06:00:03', NULL, NULL, NULL, NULL, 1),
(1681, 129, 'KK-AS Inner b/w', 2, 24, '3500.00', 1, 1, '', 1, '2017-04-12 06:00:03', NULL, NULL, NULL, NULL, 1),
(1958, 97, 'DS- 1st Page Friday', 1, 15, '14500.00', 1, 1, '', 1, '2017-05-07 12:11:13', NULL, NULL, NULL, NULL, 1),
(1959, 97, 'DS- Back Page Friday', 1, 16, '11500.00', 1, 1, '', 1, '2017-05-07 12:11:13', NULL, NULL, NULL, NULL, 1),
(1960, 97, 'DS-3rd Page Friday', 1, 40, '8500.00', 1, 1, '', 1, '2017-05-07 12:11:13', NULL, NULL, NULL, NULL, 1),
(1961, 97, 'DS- Inner Friday', 1, 24, '4700.00', 1, 1, '', 1, '2017-05-07 12:11:14', NULL, NULL, NULL, NULL, 1),
(1962, 97, 'DS- Inner b/w Friday', 2, 24, '3600.00', 1, 1, '', 1, '2017-05-07 12:11:14', NULL, NULL, NULL, NULL, 1),
(1963, 97, 'DS- 5th Page Friday', 1, 34, '7000.00', 1, 1, '', 1, '2017-05-07 12:11:14', NULL, NULL, NULL, NULL, 1),
(1964, 97, 'DS- 5th Page b/w Friday', 2, 34, '5500.00', 1, 1, '', 1, '2017-05-07 12:11:14', NULL, NULL, NULL, NULL, 1),
(1965, 97, 'DS- 7th Page Friday', 1, 35, '5300.00', 1, 1, '', 1, '2017-05-07 12:11:14', NULL, NULL, NULL, NULL, 1),
(1966, 97, 'DS- 7th Page b/w Friday', 2, 35, '4100.00', 1, 1, '', 1, '2017-05-07 12:11:14', NULL, NULL, NULL, NULL, 1),
(1967, 97, 'DS-Sports Page Friday', 1, 23, '4700.00', 1, 1, '', 1, '2017-05-07 12:11:14', NULL, NULL, NULL, NULL, 1),
(1968, 97, 'DS-Sports Page b/w Friday', 2, 23, '3600.00', 1, 1, '', 1, '2017-05-07 12:11:14', NULL, NULL, NULL, NULL, 1),
(1969, 97, 'DS- Business Friday', 1, 19, '7000.00', 1, 1, '', 1, '2017-05-07 12:11:14', NULL, NULL, NULL, NULL, 1),
(1970, 97, 'DS- Business back Friday', 1, 20, '5500.00', 1, 1, '', 1, '2017-05-07 12:11:14', NULL, NULL, NULL, NULL, 1),
(1971, 97, 'DS- Business inner Friday', 1, 24, '4500.00', 1, 1, '', 1, '2017-05-07 12:11:14', NULL, NULL, NULL, NULL, 1),
(1972, 97, 'DS- Business inner b/w Friday', 2, 24, '3500.00', 1, 1, '', 1, '2017-05-07 12:11:14', NULL, NULL, NULL, NULL, 1),
(1973, 97, 'DS- Entertain inner Friday color', 1, 21, '4700.00', 1, 1, '', 1, '2017-05-07 12:11:14', NULL, NULL, NULL, NULL, 1),
(1974, 97, 'DS- Entertain inner Friday b/w', 2, 21, '3600.00', 1, 1, '', 1, '2017-05-07 12:11:14', NULL, NULL, NULL, NULL, 1),
(1975, 97, 'DS- Business Friday color', 1, 49, '7000.00', 1, 1, '', 1, '2017-05-07 12:11:14', NULL, NULL, NULL, NULL, 1),
(1976, 97, 'DS- Business Friday b/w', 2, 49, '5500.00', 1, 1, '', 1, '2017-05-07 12:11:14', NULL, NULL, NULL, NULL, 1),
(2238, 122, 'Ob-FP color', 1, 15, '8000.00', 1, 1, '', 1, '2017-05-09 10:26:29', NULL, NULL, NULL, NULL, 1),
(2239, 122, 'Ob-BP-color', 1, 16, '6000.00', 1, 1, '', 1, '2017-05-09 10:26:29', NULL, NULL, NULL, NULL, 1),
(2240, 122, 'Ob-inner color', 1, 24, '4200.00', 1, 1, '', 1, '2017-05-09 10:26:29', NULL, NULL, NULL, NULL, 1),
(2241, 122, 'Ob-inner-b/w', 2, 24, '3000.00', 1, 1, '', 1, '2017-05-09 10:26:29', NULL, NULL, NULL, NULL, 1),
(2242, 122, 'Ob-3rd-color', 1, 40, '4000.00', 1, 1, '', 1, '2017-05-09 10:26:29', NULL, NULL, NULL, NULL, 1),
(2243, 122, 'Ob-3rd-b/w', 2, 41, '2500.00', 1, 1, '', 1, '2017-05-09 10:26:29', NULL, NULL, NULL, NULL, 1),
(2244, 122, 'Ob-2nd-color', 1, 39, '5000.00', 1, 1, '', 1, '2017-05-09 10:26:29', NULL, NULL, NULL, NULL, 1),
(2245, 122, 'Ob-2nd-b/w', 2, 42, '3500.00', 1, 1, '', 1, '2017-05-09 10:26:29', NULL, NULL, NULL, NULL, 1),
(2246, 122, 'Ob-Business-color', 1, 49, '4200.00', 1, 1, '', 1, '2017-05-09 10:26:29', NULL, NULL, NULL, NULL, 1),
(2247, 122, 'Ob-Business-b/w', 2, 49, '3000.00', 1, 1, '', 1, '2017-05-09 10:26:29', NULL, NULL, NULL, NULL, 1),
(2248, 122, 'Ob-Business-Front-color', 1, 19, '4200.00', 1, 1, '', 1, '2017-05-09 10:26:29', NULL, NULL, NULL, NULL, 1),
(2249, 122, 'Ob-Business-Front-b/w', 2, 19, '3000.00', 1, 1, '', 1, '2017-05-09 10:26:29', NULL, NULL, NULL, NULL, 1),
(2304, 132, 'JU-Bi Front color', 1, 18, '5000.00', 1, 1, '', 1, '2017-05-15 05:13:15', NULL, NULL, NULL, NULL, 1),
(2305, 132, 'JU-Bi Back color', 1, 46, '4000.00', 1, 1, '', 1, '2017-05-15 05:13:15', NULL, NULL, NULL, NULL, 1),
(2306, 132, 'JU-Bi Inner color', 1, 24, '3000.00', 1, 1, '', 1, '2017-05-15 05:13:15', NULL, NULL, NULL, NULL, 1),
(2307, 132, 'JU-Bi Front b/w', 2, 24, '2500.00', 1, 1, '', 1, '2017-05-15 05:13:15', NULL, NULL, NULL, NULL, 1),
(2329, 26, 'PA -1st Page', 1, 15, '20500.00', 1, 1, '', 1, '2017-05-15 07:06:20', NULL, NULL, NULL, NULL, 1),
(2330, 26, 'Pa- 2nd Page', 1, 39, '12500.00', 1, 1, '', 1, '2017-05-15 07:06:20', NULL, NULL, NULL, NULL, 1),
(2331, 26, 'PA- 3rd Page', 1, 40, '16000.00', 1, 1, '', 1, '2017-05-15 07:06:20', NULL, NULL, NULL, NULL, 1),
(2332, 26, 'PA- 4,6,8,9,10,11,12,14,15,17th Page', 1, 24, '7000.00', 1, 1, '', 1, '2017-05-15 07:06:20', NULL, NULL, NULL, NULL, 1),
(2333, 26, 'PA- 4,6,8,9,10,11,12,14,15,17 Page b/w', 2, 24, '4800.00', 1, 1, '', 1, '2017-05-15 07:06:20', NULL, NULL, NULL, NULL, 1),
(2334, 26, 'PA- 20/24th Back Page', 1, 16, '17500.00', 1, 1, '', 1, '2017-05-15 07:06:21', NULL, NULL, NULL, NULL, 1),
(2335, 26, 'PA- Jacket 1st Page Color', 1, 56, '20500.00', 1, 1, '', 1, '2017-05-15 07:06:21', NULL, NULL, NULL, NULL, 1),
(2336, 26, 'PA- 5th Page b/w', 2, 34, '12500.00', 1, 1, '', 1, '2017-05-15 07:06:21', NULL, NULL, NULL, NULL, 1),
(2337, 26, 'PA- 7/9 th Page', 1, 35, '10000.00', 1, 1, '', 1, '2017-05-15 07:06:21', NULL, NULL, NULL, NULL, 1),
(2338, 26, 'PA- 7/9 th Page b/w', 2, 35, '8000.00', 1, 1, '', 1, '2017-05-15 07:06:21', NULL, NULL, NULL, NULL, 1),
(2339, 26, 'PA- 15th Page', 1, 21, '8000.00', 1, 1, '', 1, '2017-05-15 07:06:21', NULL, NULL, NULL, NULL, 1),
(2340, 26, 'PA- 15th Page b/w', 2, 21, '6000.00', 1, 1, '', 1, '2017-05-15 07:06:21', NULL, NULL, NULL, NULL, 1),
(2341, 26, 'PA- 18/19 th Page', 1, 23, '10000.00', 1, 1, '', 1, '2017-05-15 07:06:21', NULL, NULL, NULL, NULL, 1),
(2342, 26, 'PA- 19th Back Before Page', 1, 17, '11500.00', 1, 1, '', 1, '2017-05-15 07:06:21', NULL, NULL, NULL, NULL, 1),
(2343, 26, 'PA- 13th Page', 1, 49, '8000.00', 1, 1, '', 1, '2017-05-15 07:06:21', NULL, NULL, NULL, NULL, 1),
(2344, 26, 'PA- 13th Page b/w', 2, 49, '6000.00', 1, 1, '', 1, '2017-05-15 07:06:21', NULL, NULL, NULL, NULL, 1),
(2345, 26, 'PA- business front color', 1, 19, '8000.00', 1, 1, '', 1, '2017-05-15 07:06:21', NULL, NULL, NULL, NULL, 1),
(2346, 26, 'PA- business front b/w', 2, 19, '6000.00', 1, 1, '', 1, '2017-05-15 07:06:21', NULL, NULL, NULL, NULL, 1),
(2347, 26, 'PA- business backc olor', 1, 20, '8000.00', 1, 1, '', 1, '2017-05-15 07:06:21', NULL, NULL, NULL, NULL, 1),
(2348, 26, 'PA- business backc b/w', 2, 20, '6000.00', 1, 1, '', 1, '2017-05-15 07:06:21', NULL, NULL, NULL, NULL, 1),
(2349, 26, 'PA- Jacket 2nd Page Color', 1, 57, '12500.00', 1, 1, '', 1, '2017-05-15 07:06:21', NULL, NULL, NULL, NULL, 1),
(2350, 26, 'PA- Jacket 3rd Page Color', 1, 58, '11500.00', 1, 1, '', 1, '2017-05-15 07:06:21', NULL, NULL, NULL, NULL, 1),
(2351, 26, 'PA- Jacket 4th Page Color', 1, 59, '17500.00', 1, 1, '', 1, '2017-05-15 07:06:21', NULL, NULL, NULL, NULL, 1),
(2352, 133, 'BB-Sonket Front', 1, 18, '12000.00', 1, 1, '', 1, '2017-05-15 07:55:31', NULL, NULL, NULL, NULL, 1),
(2353, 133, 'BB-Sonket Bank', 1, 46, '10000.00', 1, 1, '', 1, '2017-05-15 07:55:31', NULL, NULL, NULL, NULL, 1),
(2354, 133, 'BB-Sonket Inner', 1, 24, '6000.00', 1, 1, '', 1, '2017-05-15 07:55:32', NULL, NULL, NULL, NULL, 1),
(2394, 93, 'DS-LS Front', 1, 18, '6500.00', 1, 1, '', 1, '2017-05-17 04:59:38', NULL, NULL, NULL, NULL, 1),
(2395, 93, 'DS-LS Front Inner', 1, 33, '4500.00', 1, 1, '', 1, '2017-05-17 04:59:38', NULL, NULL, NULL, NULL, 1),
(2396, 93, 'DS-LS Back', 1, 46, '5500.00', 1, 1, '', 1, '2017-05-17 04:59:38', NULL, NULL, NULL, NULL, 1),
(2397, 93, 'DS-LS Back Inner', 1, 27, '4500.00', 1, 1, '', 1, '2017-05-17 04:59:38', NULL, NULL, NULL, NULL, 1),
(2398, 93, 'DS-LS 3rd page', 1, 40, '3500.00', 1, 1, '', 1, '2017-05-17 04:59:38', NULL, NULL, NULL, NULL, 1),
(2399, 93, 'DS-LS Inner', 1, 24, '2500.00', 1, 1, '', 1, '2017-05-17 04:59:38', NULL, NULL, NULL, NULL, 1),
(2400, 93, 'DS-LS Front inside cover', 1, 28, '4500.00', 1, 1, '', 1, '2017-05-17 04:59:38', NULL, NULL, NULL, NULL, 1),
(2455, 135, 'PA-Ma Front cover', 1, 18, '6500.00', 1, 1, '', 1, '2017-05-18 11:48:54', NULL, NULL, NULL, NULL, 1),
(2456, 135, 'PA-Ma Back cover', 1, 46, '5000.00', 1, 1, '', 1, '2017-05-18 11:48:54', NULL, NULL, NULL, NULL, 1),
(2457, 135, 'PA-Ma Inner', 1, 24, '3500.00', 1, 1, '', 1, '2017-05-18 11:48:54', NULL, NULL, NULL, NULL, 1),
(2458, 135, 'PA-Ma Back insider cover', 1, 27, '3500.00', 1, 1, '', 1, '2017-05-18 11:48:54', NULL, NULL, NULL, NULL, 1),
(2459, 135, 'PA-Ma Front inside cover', 1, 28, '3500.00', 1, 1, '', 1, '2017-05-18 11:48:54', NULL, NULL, NULL, NULL, 1),
(2504, 66, 'BD- 1st Page', 1, 15, '12000.00', 1, 1, '', 1, '2017-05-24 06:05:39', NULL, NULL, NULL, NULL, 1),
(2505, 66, 'BD- Back Page', 1, 16, '10000.00', 1, 1, '', 1, '2017-05-24 06:05:39', NULL, NULL, NULL, NULL, 1),
(2506, 66, 'BD- 3rd Page', 2, 41, '4000.00', 1, 1, '', 1, '2017-05-24 06:05:40', NULL, NULL, NULL, NULL, 1),
(2507, 66, 'BD- Inner', 2, 24, '4000.00', 1, 1, '', 1, '2017-05-24 06:05:40', NULL, NULL, NULL, NULL, 1),
(2508, 66, 'BD- 3rd Page color', 1, 40, '5000.00', 1, 1, '', 1, '2017-05-24 06:05:40', NULL, NULL, NULL, NULL, 1),
(2509, 66, 'BD- Business  front color', 1, 19, '4500.00', 1, 1, '', 1, '2017-05-24 06:05:40', NULL, NULL, NULL, NULL, 1),
(2510, 66, 'BD- Business  front b/w', 2, 19, '4000.00', 1, 1, '', 1, '2017-05-24 06:05:40', NULL, NULL, NULL, NULL, 1),
(2511, 66, 'BD- Inner color', 1, 24, '4500.00', 1, 1, '', 1, '2017-05-24 06:05:40', NULL, NULL, NULL, NULL, 1),
(2697, 137, 'Aj Kh  1st page color', 1, 15, '4000.00', 1, 1, '', 1, '2017-06-03 07:18:45', NULL, NULL, NULL, NULL, 1),
(2698, 137, 'Aj Kh  Back page color', 1, 24, '4000.00', 1, 1, '', 1, '2017-06-03 07:18:45', NULL, NULL, NULL, NULL, 1),
(2699, 137, 'Aj Kh  Inner page color', 1, 16, '4000.00', 1, 1, '', 1, '2017-06-03 07:18:45', NULL, NULL, NULL, NULL, 1),
(2778, 88, 'BS- 1st Page color', 1, 15, '10000.00', 1, 1, '', 1, '2017-06-04 05:36:44', NULL, NULL, NULL, NULL, 1),
(2779, 88, 'BS- Back Page color', 1, 16, '8000.00', 1, 1, '', 1, '2017-06-04 05:36:44', NULL, NULL, NULL, NULL, 1),
(2780, 88, 'BS- Back Page b/w', 2, 16, '6000.00', 1, 1, '', 1, '2017-06-04 05:36:44', NULL, NULL, NULL, NULL, 1),
(2781, 88, 'BS- 3rd Page color', 1, 40, '6000.00', 1, 1, '', 1, '2017-06-04 05:36:44', NULL, NULL, NULL, NULL, 1),
(2782, 88, 'BS- 3rd Page b/w', 2, 41, '5000.00', 1, 1, '', 1, '2017-06-04 05:36:44', NULL, NULL, NULL, NULL, 1),
(2783, 88, 'BS- 7th Page b/w', 2, 35, '3500.00', 1, 1, '', 1, '2017-06-04 05:36:44', NULL, NULL, NULL, NULL, 1),
(2784, 88, 'BS- 1st Page b/w', 2, 15, '9000.00', 1, 1, '', 1, '2017-06-04 05:36:44', NULL, NULL, NULL, NULL, 1),
(2785, 88, 'BS- Business Front Page color', 1, 19, '6000.00', 1, 1, '', 1, '2017-06-04 05:36:44', NULL, NULL, NULL, NULL, 1),
(2786, 88, 'BS- Business Page color', 1, 49, '6000.00', 1, 1, '', 1, '2017-06-04 05:36:44', NULL, NULL, NULL, NULL, 1),
(2787, 88, 'BS- Business Page b/w', 2, 49, '5000.00', 1, 1, '', 1, '2017-06-04 05:36:44', NULL, NULL, NULL, NULL, 1),
(2788, 88, 'BS-2nd Page color', 1, 39, '6500.00', 1, 1, '', 1, '2017-06-04 05:36:44', NULL, NULL, NULL, NULL, 1),
(2789, 88, 'BS-2nd Page b/w', 2, 42, '6000.00', 1, 1, '', 1, '2017-06-04 05:36:44', NULL, NULL, NULL, NULL, 1),
(2790, 88, 'BS- Inner Page color', 1, 24, '6000.00', 1, 1, '', 1, '2017-06-04 05:36:44', NULL, NULL, NULL, NULL, 1),
(2791, 88, 'BS- Inner Page b/w', 2, 24, '5000.00', 1, 1, '', 1, '2017-06-04 05:36:44', NULL, NULL, NULL, NULL, 1),
(2799, 63, 'SKH- 1st Page', 1, 15, '14000.00', 1, 1, '', 1, '2017-06-04 07:29:41', NULL, NULL, NULL, NULL, 1),
(2800, 63, 'SKH- Back Page', 1, 16, '12000.00', 1, 1, '', 1, '2017-06-04 07:29:41', NULL, NULL, NULL, NULL, 1),
(2801, 63, 'SKH- 3rd Page', 1, 40, '8000.00', 1, 1, '', 1, '2017-06-04 07:29:41', NULL, NULL, NULL, NULL, 1),
(2802, 63, 'SKH- Inner', 1, 24, '4000.00', 1, 1, '', 1, '2017-06-04 07:29:41', NULL, NULL, NULL, NULL, 1),
(2803, 63, 'SKH- Inner b/w', 2, 24, '3000.00', 1, 1, '', 1, '2017-06-04 07:29:41', NULL, NULL, NULL, NULL, 1),
(2804, 63, 'SKH- 5th Page', 1, 34, '6000.00', 1, 1, '', 1, '2017-06-04 07:29:42', NULL, NULL, NULL, NULL, 1),
(2805, 63, 'SKH- 5th Page b/w', 2, 34, '4000.00', 1, 1, '', 1, '2017-06-04 07:29:42', NULL, NULL, NULL, NULL, 1),
(2806, 63, 'SKH- Sports Page', 1, 23, '5000.00', 1, 1, '', 1, '2017-06-04 07:29:42', NULL, NULL, NULL, NULL, 1),
(2807, 63, 'SKH- 2nd Page', 1, 39, '5000.00', 1, 1, '', 1, '2017-06-04 07:29:42', NULL, NULL, NULL, NULL, 1),
(2808, 63, 'SKH- 2nd Page b/w', 2, 42, '4000.00', 1, 1, '', 1, '2017-06-04 07:29:42', NULL, NULL, NULL, NULL, 1),
(2809, 63, 'SKH- Back Before', 1, 17, '5000.00', 1, 1, '', 1, '2017-06-04 07:29:42', NULL, NULL, NULL, NULL, 1),
(2810, 63, 'SKH- Back Before b/w', 2, 17, '4000.00', 1, 1, '', 1, '2017-06-04 07:29:42', NULL, NULL, NULL, NULL, 1),
(2811, 63, 'SKH- Business color', 1, 49, '4000.00', 1, 1, '', 1, '2017-06-04 07:29:42', NULL, NULL, NULL, NULL, 1),
(2812, 63, 'SKH- Business  b/w', 2, 49, '3000.00', 1, 1, '', 1, '2017-06-04 07:29:42', NULL, NULL, NULL, NULL, 1),
(2813, 63, 'SKH- Business front  color', 1, 19, '4000.00', 1, 1, '', 1, '2017-06-04 07:29:42', NULL, NULL, NULL, NULL, 1),
(2814, 63, 'SKH- Business front b/w', 2, 19, '3000.00', 1, 1, '', 1, '2017-06-04 07:29:42', NULL, NULL, NULL, NULL, 1),
(2815, 63, 'SKH- entertainment Page color', 1, 21, '4000.00', 1, 1, '', 1, '2017-06-04 07:29:42', NULL, NULL, NULL, NULL, 1),
(2816, 63, 'SKH- entertainment Page b/w', 2, 21, '3000.00', 1, 1, '', 1, '2017-06-04 07:29:42', NULL, NULL, NULL, NULL, 1),
(2817, 94, 'DS-SB Front', 1, 18, '5000.00', 1, 1, '', 1, '2017-06-04 07:46:40', NULL, NULL, NULL, NULL, 1),
(2818, 94, 'DS-SB Front Inner', 1, 33, '3000.00', 1, 1, '', 1, '2017-06-04 07:46:40', NULL, NULL, NULL, NULL, 1),
(2819, 94, 'DS-SB Back', 1, 46, '4000.00', 1, 1, '', 1, '2017-06-04 07:46:40', NULL, NULL, NULL, NULL, 1),
(2820, 94, 'DS-SB Back Inner', 1, 27, '3000.00', 1, 1, '', 1, '2017-06-04 07:46:40', NULL, NULL, NULL, NULL, 1),
(2821, 94, 'DS-SB Inner', 1, 24, '2000.00', 1, 1, '', 1, '2017-06-04 07:46:40', NULL, NULL, NULL, NULL, 1),
(2822, 94, 'DS-SB Front Inside cover', 1, 28, '3000.00', 1, 1, '', 1, '2017-06-04 07:46:40', NULL, NULL, NULL, NULL, 1),
(2928, 144, 'KJ front cover', 1, 18, '1250.00', 1, 1, '', 1, '2017-06-05 12:42:43', NULL, NULL, NULL, NULL, 1),
(2929, 144, 'KJ Back cover', 1, 46, '750.00', 1, 1, '', 1, '2017-06-05 12:42:43', NULL, NULL, NULL, NULL, 1),
(2930, 144, 'KJ Back inside cover', 1, 27, '750.00', 1, 1, '', 1, '2017-06-05 12:42:43', NULL, NULL, NULL, NULL, 1),
(2983, 141, 'Sha Front Cover', 1, 18, '500.00', 1, 1, '', 1, '2017-06-11 09:35:14', NULL, NULL, NULL, NULL, 1),
(2984, 141, 'Sha Inner', 1, 24, '500.00', 1, 1, '', 1, '2017-06-11 09:35:14', NULL, NULL, NULL, NULL, 1),
(2985, 141, 'Sha Back inside Cover', 1, 27, '500.00', 1, 1, '', 1, '2017-06-11 09:35:14', NULL, NULL, NULL, NULL, 1),
(2986, 141, 'Sha Back Cover', 1, 46, '500.00', 1, 1, '', 1, '2017-06-11 09:35:15', NULL, NULL, NULL, NULL, 1),
(2987, 141, 'Sha Front Inside Cover', 1, 28, '500.00', 1, 1, '', 1, '2017-06-11 09:35:15', NULL, NULL, NULL, NULL, 1),
(2991, 136, 'PT 1st page color', 1, 15, '10000.00', 1, 1, '', 1, '2017-06-11 11:18:40', NULL, NULL, NULL, NULL, 1),
(2992, 134, 'DT-Sp Back', 1, 33, '3000.00', 1, 1, '', 1, '2017-06-11 11:22:36', NULL, NULL, NULL, NULL, 1),
(2993, 134, 'DT-Sp  Front Inner', 1, 46, '3000.00', 1, 1, '', 1, '2017-06-11 11:22:36', NULL, NULL, NULL, NULL, 1),
(2994, 134, 'DT-Sp  Back Inner', 1, 27, '3000.00', 1, 1, '', 1, '2017-06-11 11:22:36', NULL, NULL, NULL, NULL, 1),
(2995, 134, 'DT-Sp Inner', 1, 24, '3000.00', 1, 1, '', 1, '2017-06-11 11:22:36', NULL, NULL, NULL, NULL, 1),
(2999, 131, 'BK- Front Cover color', 1, 18, '4000.00', 1, 1, '', 1, '2017-06-12 04:47:18', NULL, NULL, NULL, NULL, 1),
(3000, 131, 'BK- Back Cover color', 1, 46, '4000.00', 1, 1, '', 1, '2017-06-12 04:47:18', NULL, NULL, NULL, NULL, 1),
(3025, 106, 'ICET- Inner', 1, 24, '1000.00', 1, 1, '', 1, '2017-06-12 06:37:57', NULL, NULL, NULL, NULL, 1),
(3026, 106, 'ICET-  Folding Inside', 1, 43, '3750.00', 1, 1, '', 1, '2017-06-12 06:37:57', NULL, NULL, NULL, NULL, 1),
(3027, 106, 'ICET-  Cover Page', 1, 45, '3750.00', 1, 1, '', 1, '2017-06-12 06:37:57', NULL, NULL, NULL, NULL, 1),
(3028, 106, 'ICET- Middlr Page', 1, 32, '1250.00', 1, 1, '', 1, '2017-06-12 06:37:57', NULL, NULL, NULL, NULL, 1),
(3029, 106, 'ICET- Back cover Page', 1, 46, '3750.00', 1, 1, '', 1, '2017-06-12 06:37:57', NULL, NULL, NULL, NULL, 1),
(3030, 106, 'ICET-  Folding Page', 1, 30, '3750.00', 1, 1, '', 1, '2017-06-12 06:37:57', NULL, NULL, NULL, NULL, 1),
(3045, 89, 'KK-GD Front', 1, 18, '1250.00', 1, 1, '', 1, '2017-06-12 07:07:28', NULL, NULL, NULL, NULL, 1),
(3046, 89, 'KK-GD Back', 1, 46, '1250.00', 1, 1, '', 1, '2017-06-12 07:07:28', NULL, NULL, NULL, NULL, 1),
(3047, 89, 'KK-GD 2nd cover', 1, 47, '1250.00', 1, 1, '', 1, '2017-06-12 07:07:28', NULL, NULL, NULL, NULL, 1),
(3048, 89, 'KK-GD 3rd cover', 1, 48, '1250.00', 1, 1, '', 1, '2017-06-12 07:07:28', NULL, NULL, NULL, NULL, 1),
(3049, 89, 'KK-GD Inner', 1, 24, '550.00', 1, 1, '', 1, '2017-06-12 07:07:28', NULL, NULL, NULL, NULL, 1),
(3050, 89, 'KK-GD Inner b/w', 2, 24, '550.00', 1, 1, '', 1, '2017-06-12 07:07:28', NULL, NULL, NULL, NULL, 1),
(3051, 89, 'KK-GD Middle', 1, 32, '550.00', 1, 1, '', 1, '2017-06-12 07:07:28', NULL, NULL, NULL, NULL, 1),
(3056, 75, 'BB-SR Front', 1, 18, '5000.00', 1, 1, '', 1, '2017-06-12 07:13:40', NULL, NULL, NULL, NULL, 1),
(3057, 75, 'BB-SR Back', 1, 46, '5000.00', 1, 1, '', 1, '2017-06-12 07:13:40', NULL, NULL, NULL, NULL, 1),
(3058, 75, 'BB-SR Inner', 1, 24, '5000.00', 1, 1, '', 1, '2017-06-12 07:13:40', NULL, NULL, NULL, NULL, 1),
(3075, 55, 'SK-PC Front', 1, 18, '7500.00', 1, 1, '', 1, '2017-06-12 07:41:02', NULL, NULL, NULL, NULL, 1),
(3076, 55, 'SK-PC Back', 1, 46, '6500.00', 1, 1, '', 1, '2017-06-12 07:41:02', NULL, NULL, NULL, NULL, 1),
(3077, 55, 'SK-PC Inner', 1, 24, '5500.00', 1, 1, '', 1, '2017-06-12 07:41:02', NULL, NULL, NULL, NULL, 1),
(3078, 55, 'SK-PC Inner b/w', 2, 24, '5500.00', 1, 1, '', 1, '2017-06-12 07:41:02', NULL, NULL, NULL, NULL, 1),
(3079, 55, 'SK-PC 2nd Cover', 2, 47, '5500.00', 1, 1, '', 1, '2017-06-12 07:41:02', NULL, NULL, NULL, NULL, 1),
(3080, 55, 'SK-PC 3rd Cover', 2, 48, '5500.00', 1, 1, '', 1, '2017-06-12 07:41:02', NULL, NULL, NULL, NULL, 1),
(3081, 55, 'SK-PC Inner Half', 1, 24, '5000.00', 1, 1, '', 1, '2017-06-12 07:41:02', NULL, NULL, NULL, NULL, 1),
(3082, 55, 'SK-PC Inner Half b/w', 2, 24, '5500.00', 1, 1, '', 1, '2017-06-12 07:41:02', NULL, NULL, NULL, NULL, 1),
(3083, 55, 'SK-PC Middle', 1, 32, '5500.00', 1, 1, '', 1, '2017-06-12 07:41:02', NULL, NULL, NULL, NULL, 1),
(3093, 46, 'IT-TT Front', 1, 18, '4000.00', 1, 1, '', 1, '2017-06-12 07:57:28', NULL, NULL, NULL, NULL, 1),
(3094, 46, 'IT-TT Back', 1, 46, '3500.00', 1, 1, '', 1, '2017-06-12 07:57:28', NULL, NULL, NULL, NULL, 1),
(3095, 46, 'IT-TT 2md Cover', 1, 47, '3500.00', 1, 1, '', 1, '2017-06-12 07:57:28', NULL, NULL, NULL, NULL, 1),
(3096, 46, 'IT-TT 3rd Cover', 1, 48, '3500.00', 1, 1, '', 1, '2017-06-12 07:57:28', NULL, NULL, NULL, NULL, 1),
(3097, 46, 'IT-TT Inner', 1, 24, '3000.00', 1, 1, '', 1, '2017-06-12 07:57:28', NULL, NULL, NULL, NULL, 1),
(3098, 29, 'PA-RA Front', 1, 18, '6500.00', 1, 1, '', 1, '2017-06-12 08:01:06', NULL, NULL, NULL, NULL, 1),
(3099, 29, 'PA-RA Back', 1, 46, '5000.00', 1, 1, '', 1, '2017-06-12 08:01:06', NULL, NULL, NULL, NULL, 1),
(3100, 29, 'PA-RA Inner', 2, 24, '3500.00', 1, 1, '', 1, '2017-06-12 08:01:06', NULL, NULL, NULL, NULL, 1),
(3101, 30, 'PA-CD Front', 1, 18, '6500.00', 1, 1, '', 1, '2017-06-12 08:02:06', NULL, NULL, NULL, NULL, 1),
(3102, 30, 'PA-CD Back', 1, 46, '5000.00', 1, 1, '', 1, '2017-06-12 08:02:07', NULL, NULL, NULL, NULL, 1),
(3103, 30, 'PA-CD Inner', 1, 24, '3500.00', 1, 1, '', 1, '2017-06-12 08:02:07', NULL, NULL, NULL, NULL, 1),
(3104, 31, 'PA-NS Front', 1, 18, '12000.00', 1, 1, '', 1, '2017-06-12 08:07:49', NULL, NULL, NULL, NULL, 1),
(3105, 31, 'PA-NS Back', 1, 46, '11000.00', 1, 1, '', 1, '2017-06-12 08:07:49', NULL, NULL, NULL, NULL, 1),
(3106, 31, 'PA-NS Inner', 1, 24, '8000.00', 1, 1, '', 1, '2017-06-12 08:07:49', NULL, NULL, NULL, NULL, 1),
(3107, 31, 'PA-NS Front inside cover', 1, 28, '8000.00', 1, 1, '', 1, '2017-06-12 08:07:49', NULL, NULL, NULL, NULL, 1),
(3108, 31, 'PA-NS Back inside cover', 1, 27, '11000.00', 1, 1, '', 1, '2017-06-12 08:07:49', NULL, NULL, NULL, NULL, 1),
(3109, 33, 'PA-AD Front', 1, 18, '6500.00', 1, 1, '', 1, '2017-06-12 08:11:04', NULL, NULL, NULL, NULL, 1),
(3110, 33, 'PA-AD Back', 1, 46, '5000.00', 1, 1, '', 1, '2017-06-12 08:11:04', NULL, NULL, NULL, NULL, 1),
(3111, 33, 'PA-AD Inner', 1, 24, '3500.00', 1, 1, '', 1, '2017-06-12 08:11:04', NULL, NULL, NULL, NULL, 1),
(3112, 73, 'DSU-GV Inner', 1, 24, '2800.00', 1, 1, '', 1, '2017-06-13 04:31:52', NULL, NULL, NULL, NULL, 1),
(3113, 73, 'DSU-GV Front Cover color', 1, 18, '2800.00', 1, 1, '', 1, '2017-06-13 04:31:52', NULL, NULL, NULL, NULL, 1),
(3114, 73, 'DSU-GV Back Cover color', 1, 46, '2800.00', 1, 1, '', 1, '2017-06-13 04:31:52', NULL, NULL, NULL, NULL, 1),
(3115, 73, 'DSU-GV Back inside Cover', 1, 27, '2800.00', 1, 1, '', 1, '2017-06-13 04:31:52', NULL, NULL, NULL, NULL, 1),
(3160, 139, 'In St Inner ', 1, 24, '3500.00', 1, 1, '', 1, '2017-07-02 08:29:29', NULL, NULL, NULL, NULL, 1),
(3161, 139, 'In St Back cover', 1, 46, '3500.00', 1, 1, '', 1, '2017-07-02 08:29:29', NULL, NULL, NULL, NULL, 1),
(3162, 139, 'In St Back inside cover', 1, 27, '3500.00', 1, 1, '', 1, '2017-07-02 08:29:29', NULL, NULL, NULL, NULL, 1),
(3163, 139, 'In St Back before', 1, 17, '3500.00', 1, 1, '', 1, '2017-07-02 08:29:29', NULL, NULL, NULL, NULL, 1),
(3205, 147, 'KK-EB Front cover', 1, 18, '6000.00', 1, 1, '', 1, '2017-07-04 11:02:49', NULL, NULL, NULL, NULL, 1),
(3206, 147, 'KK-EB Back cover', 1, 46, '5500.00', 1, 1, '', 1, '2017-07-04 11:02:49', NULL, NULL, NULL, NULL, 1),
(3207, 147, 'KK-EB Inner', 1, 24, '3000.00', 1, 1, '', 1, '2017-07-04 11:02:49', NULL, NULL, NULL, NULL, 1),
(3208, 147, 'KK-EB Front Inside cover', 1, 28, '3000.00', 1, 1, '', 1, '2017-07-04 11:02:49', NULL, NULL, NULL, NULL, 1),
(3209, 147, 'KK-EB Back Inside cover', 1, 27, '3000.00', 1, 1, '', 1, '2017-07-04 11:02:49', NULL, NULL, NULL, NULL, 1),
(3210, 148, 'PA-EU Front Cover', 1, 18, '6500.00', 1, 1, '', 1, '2017-07-04 11:16:00', NULL, NULL, NULL, NULL, 1),
(3211, 148, 'PA-EU Back Cover', 1, 46, '5000.00', 1, 1, '', 1, '2017-07-04 11:16:00', NULL, NULL, NULL, NULL, 1),
(3212, 148, 'PA-EU Front Inside Cover', 1, 28, '3500.00', 1, 1, '', 1, '2017-07-04 11:16:00', NULL, NULL, NULL, NULL, 1),
(3213, 148, 'PA-EU Back inside Cover', 1, 27, '3500.00', 1, 1, '', 1, '2017-07-04 11:16:00', NULL, NULL, NULL, NULL, 1),
(3214, 148, 'PA-EU Inner', 1, 24, '3500.00', 1, 1, '', 1, '2017-07-04 11:16:00', NULL, NULL, NULL, NULL, 1),
(3222, 56, 'SK-SL Front', 1, 18, '7500.00', 1, 1, '', 1, '2017-07-05 06:47:53', NULL, NULL, NULL, NULL, 1),
(3223, 56, 'SK-SL Back', 1, 46, '6500.00', 1, 1, '', 1, '2017-07-05 06:47:53', NULL, NULL, NULL, NULL, 1),
(3224, 56, 'SK-SL Inner', 1, 24, '5500.00', 1, 1, '', 1, '2017-07-05 06:47:53', NULL, NULL, NULL, NULL, 1),
(3225, 56, 'SK-SL Inner b/w', 2, 24, '5500.00', 1, 1, '', 1, '2017-07-05 06:47:53', NULL, NULL, NULL, NULL, 1),
(3226, 56, 'SK-SL Front Inside cover', 1, 28, '5500.00', 1, 1, '', 1, '2017-07-05 06:47:53', NULL, NULL, NULL, NULL, 1),
(3227, 56, 'SK-SL Back Inside cover', 1, 27, '5500.00', 1, 1, '', 1, '2017-07-05 06:47:53', NULL, NULL, NULL, NULL, 1),
(3228, 56, 'SK-SL Front Inside ', 1, 33, '5500.00', 1, 1, '', 1, '2017-07-05 06:47:53', NULL, NULL, NULL, NULL, 1),
(3229, 56, 'SK-SL Back Inside ', 1, 61, '5500.00', 1, 1, '', 1, '2017-07-05 06:47:53', NULL, NULL, NULL, NULL, 1),
(3249, 149, 'PA-EB Front cover', 1, 18, '6500.00', 1, 1, '', 1, '2017-07-05 08:09:48', NULL, NULL, NULL, NULL, 1),
(3250, 149, 'PA-EB Back cover', 1, 46, '5000.00', 1, 1, '', 1, '2017-07-05 08:09:48', NULL, NULL, NULL, NULL, 1),
(3251, 149, 'PA-EB Inner', 1, 24, '3500.00', 1, 1, '', 1, '2017-07-05 08:09:48', NULL, NULL, NULL, NULL, 1),
(3252, 149, 'PA-EB Front Inside cover', 0, 28, '3500.00', 1, 1, '', 1, '2017-07-05 08:09:48', NULL, NULL, NULL, NULL, 1),
(3253, 149, 'PA-EB Back Inside cover', 0, 27, '3500.00', 1, 1, '', 1, '2017-07-05 08:09:48', NULL, NULL, NULL, NULL, 1),
(3314, 103, 'AND- Inner', 1, 24, '500.00', 1, 1, '', 1, '2017-07-09 06:21:08', NULL, NULL, NULL, NULL, 1),
(3315, 103, 'AND- Back Inside cover', 1, 27, '500.00', 1, 1, '', 1, '2017-07-09 06:21:08', NULL, NULL, NULL, NULL, 1),
(3316, 103, 'AND- Front cover', 1, 18, '500.00', 1, 1, '', 1, '2017-07-09 06:21:08', NULL, NULL, NULL, NULL, 1),
(3317, 103, 'AND- Front Inside cover', 1, 28, '500.00', 1, 1, '', 1, '2017-07-09 06:21:08', NULL, NULL, NULL, NULL, 1),
(3318, 103, 'AND- Back cover', 1, 46, '500.00', 1, 1, '', 1, '2017-07-09 06:21:08', NULL, NULL, NULL, NULL, 1),
(3319, 103, 'AND- Front Inside', 1, 33, '500.00', 1, 1, '', 1, '2017-07-09 06:21:08', NULL, NULL, NULL, NULL, 1),
(3320, 103, 'AND- Front Folding cover', 1, 43, '500.00', 1, 1, '', 1, '2017-07-09 06:21:08', NULL, NULL, NULL, NULL, 1),
(3321, 100, 'AAM- Middle Page', 1, 32, '750.00', 1, 1, '', 1, '2017-07-09 10:27:52', NULL, NULL, NULL, NULL, 1),
(3322, 100, 'AAM- Folding Inside Cover', 1, 28, '750.00', 1, 1, '', 1, '2017-07-09 10:27:52', NULL, NULL, NULL, NULL, 1),
(3323, 100, 'AAM- Back Inside', 1, 27, '750.00', 1, 1, '', 1, '2017-07-09 10:27:52', NULL, NULL, NULL, NULL, 1),
(3324, 100, 'AAM- Inner', 1, 24, '750.00', 1, 1, '', 1, '2017-07-09 10:27:52', NULL, NULL, NULL, NULL, 1),
(3325, 100, 'AAM- back cover', 1, 46, '750.00', 1, 1, '', 1, '2017-07-09 10:27:52', NULL, NULL, NULL, NULL, 1),
(3326, 100, 'AAM- Folding Cover', 1, 18, '750.00', 1, 1, '', 1, '2017-07-09 10:27:52', NULL, NULL, NULL, NULL, 1),
(3327, 100, 'AAM- Folding Folding Cover', 1, 43, '750.00', 1, 1, '', 1, '2017-07-09 10:27:52', NULL, NULL, NULL, NULL, 1),
(3328, 100, 'AAM- Folding Page', 1, 30, '750.00', 1, 1, '', 1, '2017-07-09 10:27:52', NULL, NULL, NULL, NULL, 1),
(3357, 99, 'ADM- Inner', 1, 24, '550.00', 1, 1, '', 1, '2017-07-10 11:10:00', NULL, NULL, NULL, NULL, 1),
(3358, 99, 'ADM- Back Inside Cover', 1, 27, '1000.00', 1, 1, '', 1, '2017-07-10 11:10:00', NULL, NULL, NULL, NULL, 1),
(3359, 99, 'ADM- Front Inside Cover', 1, 28, '1125.00', 1, 1, '', 1, '2017-07-10 11:10:00', NULL, NULL, NULL, NULL, 1),
(3360, 99, 'ADM- Back Cover', 1, 46, '1125.00', 1, 1, '', 1, '2017-07-10 11:10:00', NULL, NULL, NULL, NULL, 1),
(3361, 99, 'ADM- Front Folding Cover', 1, 43, '1125.00', 1, 1, '', 1, '2017-07-10 11:10:00', NULL, NULL, NULL, NULL, 1),
(3362, 99, 'ADM- Back Folding Page', 1, 31, '1125.00', 1, 1, '', 1, '2017-07-10 11:10:00', NULL, NULL, NULL, NULL, 1),
(3363, 99, 'ADM- Folding Page', 1, 30, '1125.00', 1, 1, '', 1, '2017-07-10 11:10:00', NULL, NULL, NULL, NULL, 1),
(3364, 101, 'ANN -back cover page', 1, 46, '875.00', 1, 1, '', 1, '2017-07-10 11:28:17', NULL, NULL, NULL, NULL, 1),
(3365, 101, 'ANN- Inner', 1, 24, '875.00', 1, 1, '', 1, '2017-07-10 11:28:17', NULL, NULL, NULL, NULL, 1),
(3366, 101, 'ANN -Front Folding Cover', 1, 43, '875.00', 1, 1, '', 1, '2017-07-10 11:28:17', NULL, NULL, NULL, NULL, 1),
(3367, 101, 'ANN -Front Inside Cover', 1, 28, '875.00', 1, 1, '', 1, '2017-07-10 11:28:17', NULL, NULL, NULL, NULL, 1),
(3368, 101, 'ANN -back inside cover', 1, 27, '875.00', 1, 1, '', 1, '2017-07-10 11:28:17', NULL, NULL, NULL, NULL, 1),
(3369, 101, 'ANN -Folding Page', 1, 30, '875.00', 1, 1, '', 1, '2017-07-10 11:28:17', NULL, NULL, NULL, NULL, 1),
(3370, 150, 'C News Front Cover', 1, 18, '1000.00', 1, 1, '', 1, '2017-07-10 11:35:33', NULL, NULL, NULL, NULL, 1),
(3371, 150, 'C News Front Inside', 1, 33, '1000.00', 1, 1, '', 1, '2017-07-10 11:35:34', NULL, NULL, NULL, NULL, 1),
(3372, 150, 'C News Folding Page', 1, 30, '1000.00', 1, 1, '', 1, '2017-07-10 11:35:34', NULL, NULL, NULL, NULL, 1),
(3373, 150, 'C News Front Folding Cover', 1, 43, '1000.00', 1, 1, '', 1, '2017-07-10 11:35:34', NULL, NULL, NULL, NULL, 1),
(3374, 150, 'C News Front Inside Cover', 1, 28, '1000.00', 1, 1, '', 1, '2017-07-10 11:35:34', NULL, NULL, NULL, NULL, 1),
(3375, 150, 'C News Back Cover', 1, 46, '1000.00', 1, 1, '', 1, '2017-07-10 11:35:34', NULL, NULL, NULL, NULL, 1),
(3376, 150, 'C News Back Inside', 1, 61, '1000.00', 1, 1, '', 1, '2017-07-10 11:35:34', NULL, NULL, NULL, NULL, 1),
(3377, 150, 'C News Folding Page', 1, 31, '1000.00', 1, 1, '', 1, '2017-07-10 11:35:34', NULL, NULL, NULL, NULL, 1),
(3378, 150, 'C News Inner', 1, 24, '1000.00', 1, 1, '', 1, '2017-07-10 11:35:34', NULL, NULL, NULL, NULL, 1),
(3379, 150, 'C News Back Inside Cover', 1, 27, '1000.00', 1, 1, '', 1, '2017-07-10 11:35:34', NULL, NULL, NULL, NULL, 1),
(3380, 111, 'CPT- Front Cover', 1, 18, '1000.00', 1, 1, '', 1, '2017-07-10 11:40:51', NULL, NULL, NULL, NULL, 1),
(3381, 111, 'CPT- Inner', 1, 24, '1000.00', 1, 1, '', 1, '2017-07-10 11:40:51', NULL, NULL, NULL, NULL, 1),
(3382, 111, 'CPT- Front Inside Cover', 1, 28, '1000.00', 1, 1, '', 1, '2017-07-10 11:40:51', NULL, NULL, NULL, NULL, 1),
(3383, 111, 'CPT- Front Folding Cover', 1, 43, '1000.00', 1, 1, '', 1, '2017-07-10 11:40:51', NULL, NULL, NULL, NULL, 1),
(3384, 111, 'CPT- Back Inside Cover', 1, 27, '1000.00', 1, 1, '', 1, '2017-07-10 11:40:51', NULL, NULL, NULL, NULL, 1),
(3385, 111, 'CPT- Back Cover', 1, 46, '1000.00', 1, 1, '', 1, '2017-07-10 11:40:51', NULL, NULL, NULL, NULL, 1),
(3396, 138, 'ND Sat Front Cover', 1, 18, '5000.00', 1, 1, '', 1, '2017-07-15 10:16:28', NULL, NULL, NULL, NULL, 1),
(3397, 138, 'ND Sat Back Cover', 1, 46, '5000.00', 1, 1, '', 1, '2017-07-15 10:16:28', NULL, NULL, NULL, NULL, 1),
(3398, 138, 'ND Sat Inner Cover', 1, 24, '3500.00', 1, 1, '', 1, '2017-07-15 10:16:28', NULL, NULL, NULL, NULL, 1),
(3399, 138, 'ND Sat Front Inside Cover', 1, 28, '3500.00', 1, 1, '', 1, '2017-07-15 10:16:28', NULL, NULL, NULL, NULL, 1),
(3400, 138, 'ND Sat Back Inside Cover', 1, 27, '3500.00', 1, 1, '', 1, '2017-07-15 10:16:28', NULL, NULL, NULL, NULL, 1),
(3401, 86, 'DT-WT Back', 1, 46, '3000.00', 1, 1, '', 1, '2017-07-15 10:24:53', NULL, NULL, NULL, NULL, 1),
(3402, 86, 'DT-WT Front Inner', 1, 33, '3000.00', 1, 1, '', 1, '2017-07-15 10:24:53', NULL, NULL, NULL, NULL, 1),
(3403, 86, 'DT-WT Back Inner', 1, 27, '3000.00', 1, 1, '', 1, '2017-07-15 10:24:53', NULL, NULL, NULL, NULL, 1),
(3404, 86, 'DT-WT  Inner', 1, 24, '3000.00', 1, 1, '', 1, '2017-07-15 10:24:53', NULL, NULL, NULL, NULL, 1),
(3405, 86, 'DT-WT  Front Inside Cover', 1, 28, '3000.00', 1, 1, '', 1, '2017-07-15 10:24:53', NULL, NULL, NULL, NULL, 1),
(3406, 86, 'DT-WT  Back Inside Cover', 1, 27, '3000.00', 1, 1, '', 1, '2017-07-15 10:24:53', NULL, NULL, NULL, NULL, 1),
(3457, 98, 'ABN- Inner', 1, 24, '500.00', 1, 1, '', 1, '2017-07-24 08:02:15', NULL, NULL, NULL, NULL, 1),
(3458, 98, 'ABM- Back cover', 1, 46, '1250.00', 1, 1, '', 1, '2017-07-24 08:02:15', NULL, NULL, NULL, NULL, 1),
(3459, 98, 'ABM- Back inside cover', 1, 27, '500.00', 1, 1, '', 1, '2017-07-24 08:02:15', NULL, NULL, NULL, NULL, 1),
(3460, 98, 'ABM- Folding Page', 1, 30, '1250.00', 1, 1, '', 1, '2017-07-24 08:02:15', NULL, NULL, NULL, NULL, 1),
(3461, 98, 'ABM- Front Inside Cover', 1, 28, '500.00', 1, 1, '', 1, '2017-07-24 08:02:15', NULL, NULL, NULL, NULL, 1),
(3462, 104, 'CVM- Inner', 1, 24, '625.00', 1, 1, '', 1, '2017-07-24 08:03:34', NULL, NULL, NULL, NULL, 1),
(3463, 104, 'CVM- Front Inside', 1, 28, '1625.00', 1, 1, '', 1, '2017-07-24 08:03:34', NULL, NULL, NULL, NULL, 1),
(3464, 104, 'CVM- Back Inside', 1, 27, '1500.00', 1, 1, '', 1, '2017-07-24 08:03:34', NULL, NULL, NULL, NULL, 1),
(3465, 104, 'CVM- Back Folding Page', 1, 31, '3000.00', 1, 1, '', 1, '2017-07-24 08:03:34', NULL, NULL, NULL, NULL, 1),
(3466, 104, 'CVM- Back cover', 1, 46, '1500.00', 1, 1, '', 1, '2017-07-24 08:03:34', NULL, NULL, NULL, NULL, 1),
(3467, 104, 'CVM- Folding Page', 1, 30, '3000.00', 1, 1, '', 1, '2017-07-24 08:03:34', NULL, NULL, NULL, NULL, 1),
(3470, 143, 'FN Back Cover', 1, 46, '875.00', 1, 1, '', 1, '2017-07-24 08:09:55', NULL, NULL, NULL, NULL, 1),
(3471, 143, 'FN Back Inside Cover', 1, 27, '500.00', 1, 1, '', 1, '2017-07-24 08:09:55', NULL, NULL, NULL, NULL, 1),
(3472, 143, 'FN Inner', 1, 24, '500.00', 1, 1, '', 1, '2017-07-24 08:09:55', NULL, NULL, NULL, NULL, 1),
(3473, 143, 'FN Front Inside ', 1, 33, '500.00', 1, 1, '', 1, '2017-07-24 08:09:55', NULL, NULL, NULL, NULL, 1),
(3474, 143, 'FN Front Inside Cover', 1, 28, '500.00', 1, 1, '', 1, '2017-07-24 08:09:55', NULL, NULL, NULL, NULL, 1),
(3475, 40, 'BP-FD Front', 1, 18, '8500.00', 1, 1, '', 1, '2017-07-24 08:11:25', NULL, NULL, NULL, NULL, 1),
(3476, 40, 'BP-FD Back', 1, 46, '6500.00', 1, 1, '', 1, '2017-07-24 08:11:25', NULL, NULL, NULL, NULL, 1),
(3477, 40, 'BP-FD 3rd', 1, 40, '4500.00', 1, 1, '', 1, '2017-07-24 08:11:25', NULL, NULL, NULL, NULL, 1),
(3478, 40, 'BP-FD Inner', 1, 24, '4500.00', 1, 1, '', 1, '2017-07-24 08:11:25', NULL, NULL, NULL, NULL, 1),
(3479, 40, 'BP-FD Front Inside Cover', 1, 28, '4500.00', 1, 1, '', 1, '2017-07-24 08:11:25', NULL, NULL, NULL, NULL, 1),
(3480, 40, 'BP-FD Back Inside Cover', 1, 27, '4500.00', 1, 1, '', 1, '2017-07-24 08:11:25', NULL, NULL, NULL, NULL, 1),
(3481, 47, 'IT-KC Front', 1, 18, '4000.00', 1, 1, '', 1, '2017-07-24 08:12:57', NULL, NULL, NULL, NULL, 1),
(3482, 47, 'IT-KC Back', 1, 46, '3500.00', 1, 1, '', 1, '2017-07-24 08:12:57', NULL, NULL, NULL, NULL, 1),
(3483, 47, 'IT-KC Inner', 1, 24, '3000.00', 1, 1, '', 1, '2017-07-24 08:12:57', NULL, NULL, NULL, NULL, 1),
(3484, 47, 'IT-KC Inner b/w', 2, 24, '3000.00', 1, 1, '', 1, '2017-07-24 08:12:57', NULL, NULL, NULL, NULL, 1),
(3485, 47, 'IT-KC Back Inside Cover', 1, 27, '3000.00', 1, 1, '', 1, '2017-07-24 08:12:57', NULL, NULL, NULL, NULL, 1),
(3486, 146, 'In wend Inner ', 1, 24, '3500.00', 1, 1, '', 1, '2017-07-24 08:14:09', NULL, NULL, NULL, NULL, 1),
(3487, 146, 'In wend  Back cover', 1, 46, '3500.00', 1, 1, '', 1, '2017-07-24 08:14:09', NULL, NULL, NULL, NULL, 1),
(3488, 146, 'In wend  Back inside cover', 1, 27, '3500.00', 1, 1, '', 1, '2017-07-24 08:14:09', NULL, NULL, NULL, NULL, 1),
(3489, 146, 'In wend  Front inside cover', 1, 28, '3500.00', 1, 1, '', 1, '2017-07-24 08:14:09', NULL, NULL, NULL, NULL, 1),
(3603, 69, 'FE- 1st Page', 1, 15, '10000.00', 1, 1, '', 1, '2017-07-27 11:13:07', NULL, NULL, NULL, NULL, 1),
(3604, 69, 'FE- 1st Page b/w', 2, 15, '7000.00', 1, 1, '', 1, '2017-07-27 11:13:07', NULL, NULL, NULL, NULL, 1),
(3605, 69, 'FE- Back Page', 1, 16, '8000.00', 1, 1, '', 1, '2017-07-27 11:13:07', NULL, NULL, NULL, NULL, 1),
(3606, 69, 'FE- Back Page b/w', 2, 16, '5000.00', 1, 1, '', 1, '2017-07-27 11:13:07', NULL, NULL, NULL, NULL, 1),
(3607, 69, 'FE- 3rd Page', 1, 40, '5000.00', 1, 1, '', 1, '2017-07-27 11:13:07', NULL, NULL, NULL, NULL, 1),
(3608, 69, 'FE- 3rd Page b/w', 2, 41, '3000.00', 1, 1, '', 1, '2017-07-27 11:13:07', NULL, NULL, NULL, NULL, 1),
(3609, 69, 'FE- Inner', 1, 24, '3500.00', 1, 1, '', 1, '2017-07-27 11:13:07', NULL, NULL, NULL, NULL, 1),
(3610, 69, 'FE- Inner b/w', 2, 24, '2500.00', 1, 1, '', 1, '2017-07-27 11:13:07', NULL, NULL, NULL, NULL, 1),
(3611, 69, 'FE- Business F', 1, 19, '5000.00', 1, 1, '', 1, '2017-07-27 11:13:07', NULL, NULL, NULL, NULL, 1),
(3612, 69, 'FE- Business B', 1, 20, '3000.00', 1, 1, '', 1, '2017-07-27 11:13:07', NULL, NULL, NULL, NULL, 1),
(3613, 69, 'FE- Business trade C', 1, 25, '3500.00', 1, 1, '', 1, '2017-07-27 11:13:07', NULL, NULL, NULL, NULL, 1),
(3614, 69, 'FE- Business  trade B/w', 2, 25, '2500.00', 1, 1, '', 1, '2017-07-27 11:13:07', NULL, NULL, NULL, NULL, 1),
(3615, 69, 'FE- 2nd Page color', 1, 39, '8500.00', 1, 1, '', 1, '2017-07-27 11:13:07', NULL, NULL, NULL, NULL, 1),
(3616, 69, 'FE- 2nd Page b/w', 2, 42, '8000.00', 1, 1, '', 1, '2017-07-27 11:13:07', NULL, NULL, NULL, NULL, 1),
(3617, 69, 'FE-Stock & Corporate color', 1, 26, '3500.00', 1, 1, '', 1, '2017-07-27 11:13:07', NULL, NULL, NULL, NULL, 1),
(3618, 69, 'FE-Stock & Corporate b/w', 2, 26, '2500.00', 1, 1, '', 1, '2017-07-27 11:13:07', NULL, NULL, NULL, NULL, 1),
(3619, 69, 'FE-Youth Express color', 1, 60, '3500.00', 1, 1, '', 1, '2017-07-27 11:13:07', NULL, NULL, NULL, NULL, 1),
(3620, 69, 'FE-Youth Express b/w', 2, 60, '2500.00', 1, 1, '', 1, '2017-07-27 11:13:07', NULL, NULL, NULL, NULL, 1),
(3621, 69, 'FE-EDU-Carrer', 1, 62, '3500.00', 1, 1, '', 1, '2017-07-27 11:13:07', NULL, NULL, NULL, NULL, 1),
(3635, 85, 'DT- 1st Page', 1, 15, '10000.00', 1, 1, '', 1, '2017-07-30 10:07:27', NULL, NULL, NULL, NULL, 1),
(3636, 85, 'DT- Back Page', 1, 16, '8000.00', 1, 1, '', 1, '2017-07-30 10:07:27', NULL, NULL, NULL, NULL, 1),
(3637, 85, 'DT- 3rd Page', 1, 40, '5000.00', 1, 1, '', 1, '2017-07-30 10:07:27', NULL, NULL, NULL, NULL, 1),
(3638, 85, 'DT- Inner', 1, 24, '3000.00', 1, 1, '', 1, '2017-07-30 10:07:27', NULL, NULL, NULL, NULL, 1),
(3639, 85, 'DT- Inner b/w', 2, 24, '2000.00', 1, 1, '', 1, '2017-07-30 10:07:27', NULL, NULL, NULL, NULL, 1),
(3640, 85, 'DT- 5th Page', 1, 34, '5000.00', 1, 1, '', 1, '2017-07-30 10:07:27', NULL, NULL, NULL, NULL, 1),
(3641, 85, 'DT- 5th Page b/w', 2, 34, '3000.00', 1, 1, '', 1, '2017-07-30 10:07:27', NULL, NULL, NULL, NULL, 1),
(3642, 85, 'DT-7th Page', 1, 35, '4000.00', 1, 1, '', 1, '2017-07-30 10:07:27', NULL, NULL, NULL, NULL, 1),
(3643, 85, 'DT-7th Page b/w', 2, 35, '2500.00', 1, 1, '', 1, '2017-07-30 10:07:27', NULL, NULL, NULL, NULL, 1),
(3644, 85, 'DT- Business front', 1, 19, '3500.00', 1, 1, '', 1, '2017-07-30 10:07:27', NULL, NULL, NULL, NULL, 1),
(3645, 85, 'DT- Business front b/w', 2, 19, '3000.00', 1, 1, '', 1, '2017-07-30 10:07:27', NULL, NULL, NULL, NULL, 1),
(3646, 85, 'DT- Business', 1, 49, '3500.00', 1, 1, '', 1, '2017-07-30 10:07:27', NULL, NULL, NULL, NULL, 1),
(3647, 85, 'DT- Business b/w', 2, 49, '3000.00', 1, 1, '', 1, '2017-07-30 10:07:27', NULL, NULL, NULL, NULL, 1),
(3648, 85, 'DT- Sports', 1, 23, '3000.00', 1, 1, '', 1, '2017-07-30 10:07:27', NULL, NULL, NULL, NULL, 1),
(3737, 39, 'KK- 1st Page', 1, 15, '14500.00', 1, 1, '', 1, '2017-07-30 11:00:36', NULL, NULL, NULL, NULL, 1),
(3738, 39, 'KK-Back Page', 1, 16, '12500.00', 1, 1, '', 1, '2017-07-30 11:00:36', NULL, NULL, NULL, NULL, 1),
(3739, 39, 'KK- 3rd Page', 1, 40, '9000.00', 1, 1, '', 1, '2017-07-30 11:00:36', NULL, NULL, NULL, NULL, 1),
(3740, 39, 'KK- 2nd Page', 1, 39, '6500.00', 1, 1, '', 1, '2017-07-30 11:00:36', NULL, NULL, NULL, NULL, 1),
(3741, 39, 'KK-2nd Page b/w', 2, 42, '5000.00', 1, 1, '', 1, '2017-07-30 11:00:36', NULL, NULL, NULL, NULL, 1),
(3742, 39, 'KK- Inner Page', 1, 24, '4500.00', 1, 1, '', 1, '2017-07-30 11:00:36', NULL, NULL, NULL, NULL, 1),
(3743, 39, 'KK- Inner Page b/w', 2, 24, '3500.00', 1, 1, '', 1, '2017-07-30 11:00:36', NULL, NULL, NULL, NULL, 1),
(3744, 39, 'KK -5th Page', 1, 34, '6500.00', 1, 1, '', 1, '2017-07-30 11:00:36', NULL, NULL, NULL, NULL, 1),
(3745, 39, 'KK - Sports Page', 1, 23, '5000.00', 1, 1, '', 1, '2017-07-30 11:00:37', NULL, NULL, NULL, NULL, 1),
(3746, 39, 'KK- 5th Page b/w', 2, 34, '5000.00', 1, 1, '', 1, '2017-07-30 11:00:37', NULL, NULL, NULL, NULL, 1),
(3747, 39, 'KK- Sports b/w', 2, 23, '4500.00', 1, 1, '', 1, '2017-07-30 11:00:37', NULL, NULL, NULL, NULL, 1),
(3748, 39, 'KK- Back Before', 1, 17, '5500.00', 1, 1, '', 1, '2017-07-30 11:00:37', NULL, NULL, NULL, NULL, 1),
(3749, 39, 'KK- Back Before b/w', 2, 17, '4000.00', 1, 1, '', 1, '2017-07-30 11:00:37', NULL, NULL, NULL, NULL, 1),
(3750, 39, 'KK- Entertain ', 1, 21, '4500.00', 1, 1, '', 1, '2017-07-30 11:00:37', NULL, NULL, NULL, NULL, 1),
(3751, 39, 'KK- Entertain b/w', 2, 21, '3500.00', 1, 1, '', 1, '2017-07-30 11:00:37', NULL, NULL, NULL, NULL, 1),
(3752, 39, 'KK- Business color', 1, 49, '4500.00', 1, 1, '', 1, '2017-07-30 11:00:37', NULL, NULL, NULL, NULL, 1),
(3753, 39, 'KK- Business b/w', 2, 49, '3500.00', 1, 1, '', 1, '2017-07-30 11:00:37', NULL, NULL, NULL, NULL, 1),
(3754, 39, 'KK- Business front color', 1, 19, '4500.00', 1, 1, '', 1, '2017-07-30 11:00:37', NULL, NULL, NULL, NULL, 1),
(3755, 39, 'KK- Business front b/w', 2, 19, '3500.00', 1, 1, '', 1, '2017-07-30 11:00:37', NULL, NULL, NULL, NULL, 1),
(3756, 39, 'KK- Business back color', 1, 20, '4500.00', 1, 1, '', 1, '2017-07-30 11:00:37', NULL, NULL, NULL, NULL, 1),
(3757, 39, 'KK- Business back b/w', 2, 20, '3500.00', 1, 1, '', 1, '2017-07-30 11:00:37', NULL, NULL, NULL, NULL, 1),
(3758, 39, 'Jacket 1st Page', 1, 56, '14500.00', 1, 1, '', 1, '2017-07-30 11:00:37', NULL, NULL, NULL, NULL, 1),
(3759, 39, 'Jacket 2nd Page', 1, 57, '6500.00', 1, 1, '', 1, '2017-07-30 11:00:37', NULL, NULL, NULL, NULL, 1),
(3760, 39, 'Jacket 3rd Page', 1, 58, '5500.00', 1, 1, '', 1, '2017-07-30 11:00:37', NULL, NULL, NULL, NULL, 1),
(3761, 39, 'Jacket 4th Page', 1, 59, '12500.00', 1, 1, '', 1, '2017-07-30 11:00:37', NULL, NULL, NULL, NULL, 1),
(3762, 39, 'KK- Back Inside b/w', 2, 61, '4000.00', 1, 1, '', 1, '2017-07-30 11:00:37', NULL, NULL, NULL, NULL, 1);
INSERT INTO `pricedetails` (`Id`, `PriceId`, `Name`, `Hue`, `PageNoId`, `Price`, `Col`, `Inch`, `Description`, `EntryBy`, `EntryDateTime`, `UpdateBy`, `UpdateTime`, `DeleteBy`, `DeleteDateTime`, `State`) VALUES
(3763, 39, 'KK- Back Inside color', 1, 61, '5500.00', 1, 1, '', 1, '2017-07-30 11:00:37', NULL, NULL, NULL, NULL, 1),
(3807, 87, 'KT- 1st Page', 1, 15, '4000.00', 1, 1, '', 1, '2017-07-31 10:13:35', NULL, NULL, NULL, NULL, 1),
(3808, 87, 'KT- 1st Page b/w', 2, 15, '3200.00', 1, 1, '', 1, '2017-07-31 10:13:35', NULL, NULL, NULL, NULL, 1),
(3809, 87, 'KT- Back Page', 1, 16, '3000.00', 1, 1, '', 1, '2017-07-31 10:13:35', NULL, NULL, NULL, NULL, 1),
(3810, 87, 'KT- Back Page b/w', 2, 16, '2400.00', 1, 1, '', 1, '2017-07-31 10:13:35', NULL, NULL, NULL, NULL, 1),
(3811, 87, 'KT- 3rd Page', 1, 40, '2000.00', 1, 1, '', 1, '2017-07-31 10:13:35', NULL, NULL, NULL, NULL, 1),
(3812, 87, 'KT- Inner color', 1, 24, '2000.00', 1, 1, '', 1, '2017-07-31 10:13:35', NULL, NULL, NULL, NULL, 1),
(3813, 87, 'KT- Inner b/w', 2, 24, '2000.00', 1, 1, '', 1, '2017-07-31 10:13:35', NULL, NULL, NULL, NULL, 1),
(3814, 82, 'VP- 1st Page', 1, 15, '14000.00', 1, 1, '', 1, '2017-07-31 10:16:40', NULL, NULL, NULL, NULL, 1),
(3815, 82, 'VP- Back Page', 1, 16, '12000.00', 1, 1, '', 1, '2017-07-31 10:16:40', NULL, NULL, NULL, NULL, 1),
(3816, 82, 'VP- Back Page b/w', 2, 16, '9000.00', 1, 1, '', 1, '2017-07-31 10:16:41', NULL, NULL, NULL, NULL, 1),
(3817, 82, 'VP- 3rd Page', 1, 40, '8500.00', 1, 1, '', 1, '2017-07-31 10:16:41', NULL, NULL, NULL, NULL, 1),
(3818, 82, 'VP- 3rd Page b/w', 2, 41, '6000.00', 1, 1, '', 1, '2017-07-31 10:16:41', NULL, NULL, NULL, NULL, 1),
(3819, 82, 'VP- 2nd Page color', 1, 39, '6000.00', 1, 1, '', 1, '2017-07-31 10:16:41', NULL, NULL, NULL, NULL, 1),
(3820, 82, 'VP- 2nd Page B/w', 2, 42, '4000.00', 1, 1, '', 1, '2017-07-31 10:16:41', NULL, NULL, NULL, NULL, 1),
(3821, 82, 'VP- Inner color', 1, 24, '4000.00', 1, 1, '', 1, '2017-07-31 10:16:41', NULL, NULL, NULL, NULL, 1),
(3822, 82, 'VP-Inner B/W', 2, 24, '3000.00', 1, 1, '', 1, '2017-07-31 10:16:41', NULL, NULL, NULL, NULL, 1),
(3823, 82, 'VP-Sp color', 1, 23, '5500.00', 1, 1, '', 1, '2017-07-31 10:16:41', NULL, NULL, NULL, NULL, 1),
(3824, 82, 'VP-Sp b/w', 2, 23, '3500.00', 1, 1, '', 1, '2017-07-31 10:16:41', NULL, NULL, NULL, NULL, 1),
(3825, 82, 'VP-5th color', 1, 34, '6500.00', 1, 1, '', 1, '2017-07-31 10:16:41', NULL, NULL, NULL, NULL, 1),
(3826, 82, 'VP-5th b/w', 2, 34, '4500.00', 1, 1, '', 1, '2017-07-31 10:16:41', NULL, NULL, NULL, NULL, 1),
(3827, 82, 'VP- Front Inside cover color', 1, 28, '4000.00', 1, 1, '', 1, '2017-07-31 10:16:41', NULL, NULL, NULL, NULL, 1),
(3828, 82, 'VP- Back Inside cover color', 1, 27, '4000.00', 1, 1, '', 1, '2017-07-31 10:16:41', NULL, NULL, NULL, NULL, 1),
(3829, 82, 'VP- Front cover color', 1, 18, '14000.00', 1, 1, '', 1, '2017-07-31 10:16:41', NULL, NULL, NULL, NULL, 1),
(3845, 153, 'Naksha Eid Festival 1 FIn', 1, 18, '12000.00', 1, 1, '', 1, '2017-08-29 10:43:19', NULL, NULL, NULL, NULL, 1),
(3846, 153, 'Naksha Eid Festival 1 FInC', 1, 28, '8000.00', 1, 1, '', 1, '2017-08-29 10:43:19', NULL, NULL, NULL, NULL, 1),
(3847, 153, 'Naksha Eid Festival 1 BC', 1, 46, '11000.00', 1, 1, '', 1, '2017-08-29 10:43:19', NULL, NULL, NULL, NULL, 1),
(3848, 153, 'Naksha Eid Festival 1 BInC', 1, 27, '8000.00', 1, 1, '', 1, '2017-08-29 10:43:19', NULL, NULL, NULL, NULL, 1),
(3849, 153, 'Naksha Eid Festival 1 In', 1, 24, '8000.00', 1, 1, '', 1, '2017-08-29 10:43:19', NULL, NULL, NULL, NULL, 1),
(3850, 154, 'Naksha Eid Festival 2 FC', 1, 18, '12000.00', 1, 1, '', 1, '2017-08-29 10:45:53', NULL, NULL, NULL, NULL, 1),
(3851, 154, 'Naksha Eid Festival 2 FInC', 1, 28, '8000.00', 1, 1, '', 1, '2017-08-29 10:45:53', NULL, NULL, NULL, NULL, 1),
(3852, 154, 'Naksha Eid Festival 2 BC', 1, 46, '11000.00', 1, 1, '', 1, '2017-08-29 10:45:53', NULL, NULL, NULL, NULL, 1),
(3853, 154, 'Naksha Eid Festival 2 BInC', 1, 27, '8000.00', 1, 1, '', 1, '2017-08-29 10:45:53', NULL, NULL, NULL, NULL, 1),
(3854, 154, 'Naksha Eid Festival 2 Inn', 1, 24, '8000.00', 1, 1, '', 1, '2017-08-29 10:45:53', NULL, NULL, NULL, NULL, 1),
(3857, 105, 'ICEBT- Inner', 1, 24, '500.00', 1, 1, '', 1, '2017-09-09 05:36:36', NULL, NULL, NULL, NULL, 1),
(3858, 105, 'ICEBT- back cover', 1, 46, '500.00', 1, 1, '', 1, '2017-09-09 05:36:36', NULL, NULL, NULL, NULL, 1),
(3859, 105, 'ICEBT- folding page', 1, 30, '500.00', 1, 1, '', 1, '2017-09-09 05:36:36', NULL, NULL, NULL, NULL, 1),
(3860, 105, 'ICEBT- front folding cover', 1, 43, '500.00', 1, 1, '', 1, '2017-09-09 05:36:36', NULL, NULL, NULL, NULL, 1),
(3861, 105, 'ICEBT- front Inside cover', 1, 28, '500.00', 1, 1, '', 1, '2017-09-09 05:36:36', NULL, NULL, NULL, NULL, 1),
(3862, 105, 'ICEBT- back folding page', 1, 31, '500.00', 1, 1, '', 1, '2017-09-09 05:36:36', NULL, NULL, NULL, NULL, 1),
(3866, 107, 'MRR- Cover Page', 1, 45, '2000.00', 1, 1, '', 1, '2017-09-09 05:40:59', NULL, NULL, NULL, NULL, 1),
(3867, 107, 'MRR- Inner', 1, 24, '1000.00', 1, 1, '', 1, '2017-09-09 05:40:59', NULL, NULL, NULL, NULL, 1),
(3868, 107, 'MRR- Back Cover Page', 1, 46, '1000.00', 1, 1, '', 1, '2017-09-09 05:40:59', NULL, NULL, NULL, NULL, 1),
(3869, 90, 'KK-AZ Front cover', 1, 18, '6000.00', 1, 1, '', 1, '2017-09-09 06:08:55', NULL, NULL, NULL, NULL, 1),
(3870, 90, 'KK-AZ Back cover', 1, 46, '5500.00', 1, 1, '', 1, '2017-09-09 06:08:55', NULL, NULL, NULL, NULL, 1),
(3871, 90, 'KK-AZ Inner', 1, 24, '4000.00', 1, 1, '', 1, '2017-09-09 06:08:55', NULL, NULL, NULL, NULL, 1),
(3872, 90, 'KK-AZ Inner b/w', 2, 24, '3000.00', 1, 1, '', 1, '2017-09-09 06:08:55', NULL, NULL, NULL, NULL, 1),
(3873, 90, 'KK-AZ Front Inside Cover', 1, 28, '4000.00', 1, 1, '', 1, '2017-09-09 06:08:55', NULL, NULL, NULL, NULL, 1),
(3874, 90, 'KK-AZ Back Inside Cover', 1, 27, '4000.00', 1, 1, '', 1, '2017-09-09 06:08:55', NULL, NULL, NULL, NULL, 1),
(3875, 90, 'KK-AZ Front Inside ', 1, 33, '4000.00', 1, 1, '', 1, '2017-09-09 06:08:55', NULL, NULL, NULL, NULL, 1),
(3876, 90, 'KK-AZ Back Page', 1, 16, '5500.00', 1, 1, '', 1, '2017-09-09 06:08:56', NULL, NULL, NULL, NULL, 1),
(3877, 151, 'CP Front Inside', 1, 28, '500.00', 1, 1, '', 1, '2017-09-09 06:11:15', NULL, NULL, NULL, NULL, 1),
(3878, 151, 'CP Inner', 1, 24, '500.00', 1, 1, '', 1, '2017-09-09 06:11:15', NULL, NULL, NULL, NULL, 1),
(3879, 151, 'CP Back Front Inside', 1, 27, '500.00', 1, 1, '', 1, '2017-09-09 06:11:15', NULL, NULL, NULL, NULL, 1),
(3888, 41, 'AS- 1st Page', 1, 15, '16000.00', 1, 1, '', 1, '2017-09-09 06:18:49', NULL, NULL, NULL, NULL, 1),
(3889, 41, 'AS- 2nd Page', 2, 42, '5500.00', 1, 1, '', 1, '2017-09-09 06:18:49', NULL, NULL, NULL, NULL, 1),
(3890, 41, 'AS- 3rd Page', 1, 40, '9000.00', 1, 1, '', 1, '2017-09-09 06:18:49', NULL, NULL, NULL, NULL, 1),
(3891, 41, 'AS- Inner Page', 1, 24, '5000.00', 1, 1, '', 1, '2017-09-09 06:18:49', NULL, NULL, NULL, NULL, 1),
(3892, 41, 'AS- Inner Page b/w', 2, 24, '4000.00', 1, 1, '', 1, '2017-09-09 06:18:49', NULL, NULL, NULL, NULL, 1),
(3893, 41, 'AS- 5th Page', 1, 34, '6500.00', 1, 1, '', 1, '2017-09-09 06:18:49', NULL, NULL, NULL, NULL, 1),
(3894, 41, 'AS- 5th Page b/w', 2, 34, '5500.00', 1, 1, '', 1, '2017-09-09 06:18:49', NULL, NULL, NULL, NULL, 1),
(3895, 41, 'AS- Back Page', 1, 16, '14000.00', 1, 1, '', 1, '2017-09-09 06:18:49', NULL, NULL, NULL, NULL, 1),
(3896, 41, 'AS - Back Before', 2, 17, '5000.00', 1, 1, '', 1, '2017-09-09 06:18:49', NULL, NULL, NULL, NULL, 1),
(3897, 41, 'AS - 7th Page', 1, 35, '4500.00', 1, 1, '', 1, '2017-09-09 06:18:49', NULL, NULL, NULL, NULL, 1),
(3898, 41, 'AS- 3rd Page b/w', 2, 41, '8000.00', 1, 1, '', 1, '2017-09-09 06:18:49', NULL, NULL, NULL, NULL, 1),
(3899, 41, 'AS - 7th Page b/w', 2, 35, '3500.00', 1, 1, '', 1, '2017-09-09 06:18:49', NULL, NULL, NULL, NULL, 1),
(3900, 41, 'AS- Sports Page color', 1, 23, '5000.00', 1, 1, '', 1, '2017-09-09 06:18:49', NULL, NULL, NULL, NULL, 1),
(3901, 41, 'AS- Sports Page b/w', 2, 23, '4000.00', 1, 1, '', 1, '2017-09-09 06:18:49', NULL, NULL, NULL, NULL, 1),
(3902, 41, 'AS- Jacket 1st Page', 1, 56, '16000.00', 1, 1, '', 1, '2017-09-09 06:18:49', NULL, NULL, NULL, NULL, 1),
(3903, 41, 'AS- Jacket 2nd Page', 1, 57, '5500.00', 1, 1, '', 1, '2017-09-09 06:18:49', NULL, NULL, NULL, NULL, 1),
(3904, 41, 'AS- Jacket 3rd Page', 1, 58, '5000.00', 1, 1, '', 1, '2017-09-09 06:18:49', NULL, NULL, NULL, NULL, 1),
(3905, 41, 'AS- Jacket 4th Page', 1, 59, '14000.00', 1, 1, '', 1, '2017-09-09 06:18:49', NULL, NULL, NULL, NULL, 1),
(3906, 41, 'AS- 2nd Page Color', 1, 39, '9000.00', 1, 1, '', 1, '2017-09-09 06:18:49', NULL, NULL, NULL, NULL, 1),
(3907, 41, 'AS - Entertaainment Page ', 1, 21, '4500.00', 1, 1, '', 1, '2017-09-09 06:18:49', NULL, NULL, NULL, NULL, 1),
(3908, 41, 'AS - Entertaainment Page b/w', 2, 21, '3500.00', 1, 1, '', 1, '2017-09-09 06:18:49', NULL, NULL, NULL, NULL, 1),
(3909, 41, 'As- F-Inside', 2, 33, '5000.00', 1, 1, '', 1, '2017-09-09 06:18:49', NULL, NULL, NULL, NULL, 1),
(3928, 54, 'SK- 1st Page', 1, 15, '16000.00', 1, 1, '', 1, '2017-09-09 06:28:33', NULL, NULL, NULL, NULL, 1),
(3929, 54, 'SK- Back Page', 1, 16, '14000.00', 1, 1, '', 1, '2017-09-09 06:28:33', NULL, NULL, NULL, NULL, 1),
(3930, 54, 'SK- 3rd Page', 1, 40, '10000.00', 1, 1, '', 1, '2017-09-09 06:28:33', NULL, NULL, NULL, NULL, 1),
(3931, 54, 'SK- 3rd Page b/w', 2, 41, '7500.00', 1, 1, '', 1, '2017-09-09 06:28:33', NULL, NULL, NULL, NULL, 1),
(3932, 54, 'SK- Inner', 1, 24, '5000.00', 1, 1, '', 1, '2017-09-09 06:28:33', NULL, NULL, NULL, NULL, 1),
(3933, 54, 'SK- Inner b/w', 2, 24, '4000.00', 1, 1, '', 1, '2017-09-09 06:28:33', NULL, NULL, NULL, NULL, 1),
(3934, 54, 'SK- 5th Page', 1, 34, '7500.00', 1, 1, '', 1, '2017-09-09 06:28:33', NULL, NULL, NULL, NULL, 1),
(3935, 54, 'SK- 5th Page b/w', 2, 34, '5000.00', 1, 1, '', 1, '2017-09-09 06:28:33', NULL, NULL, NULL, NULL, 1),
(3936, 54, 'SK- Sports Page', 1, 23, '6500.00', 1, 1, '', 1, '2017-09-09 06:28:33', NULL, NULL, NULL, NULL, 1),
(3937, 54, 'SK- Sports Page b/w', 2, 23, '5500.00', 1, 1, '', 1, '2017-09-09 06:28:33', NULL, NULL, NULL, NULL, 1),
(3938, 54, 'SK- 2nd Page', 1, 39, '8000.00', 1, 1, '', 1, '2017-09-09 06:28:33', NULL, NULL, NULL, NULL, 1),
(3939, 54, 'SK- 2nd Page b/w', 2, 42, '6000.00', 1, 1, '', 1, '2017-09-09 06:28:33', NULL, NULL, NULL, NULL, 1),
(3940, 54, 'SK- Back Before', 1, 17, '7500.00', 1, 1, '', 1, '2017-09-09 06:28:33', NULL, NULL, NULL, NULL, 1),
(3941, 54, 'SK- Back Before b/w', 2, 17, '5500.00', 1, 1, '', 1, '2017-09-09 06:28:34', NULL, NULL, NULL, NULL, 1),
(3942, 54, 'SK- Entertainment', 1, 21, '7000.00', 1, 1, '', 1, '2017-09-09 06:28:34', NULL, NULL, NULL, NULL, 1),
(3943, 54, 'SK- Entertainment b/w', 2, 21, '4500.00', 1, 1, '', 1, '2017-09-09 06:28:34', NULL, NULL, NULL, NULL, 1),
(3944, 54, 'SK- Business Color', 1, 49, '5000.00', 1, 1, '', 1, '2017-09-09 06:28:34', NULL, NULL, NULL, NULL, 1),
(3945, 54, 'SK- Business B/W', 2, 49, '4000.00', 1, 1, '', 1, '2017-09-09 06:28:34', NULL, NULL, NULL, NULL, 1),
(3946, 54, 'SK- Business front Color', 1, 19, '5000.00', 1, 1, '', 1, '2017-09-09 06:28:34', NULL, NULL, NULL, NULL, 1),
(3947, 54, 'SK- Business front b/w', 2, 19, '4000.00', 1, 1, '', 1, '2017-09-09 06:28:34', NULL, NULL, NULL, NULL, 1),
(3948, 54, 'SK- Jacket 1st Page', 1, 56, '16000.00', 1, 1, '', 1, '2017-09-09 06:28:34', NULL, NULL, NULL, NULL, 1),
(3949, 54, 'SK- Jacket 2nd Page', 1, 57, '8000.00', 1, 1, '', 1, '2017-09-09 06:28:34', NULL, NULL, NULL, NULL, 1),
(3950, 54, 'SK- Jacket 3rd Page', 1, 58, '7500.00', 1, 1, '', 1, '2017-09-09 06:28:34', NULL, NULL, NULL, NULL, 1),
(3951, 54, 'SK- Jacket 4th Page', 1, 59, '14000.00', 1, 1, '', 1, '2017-09-09 06:28:34', NULL, NULL, NULL, NULL, 1),
(3952, 54, 'SK- Back Page b/w', 2, 16, '7500.00', 1, 1, '', 1, '2017-09-09 06:28:34', NULL, NULL, NULL, NULL, 1),
(3953, 54, 'SK- BAck Inside b/w', 2, 61, '4000.00', 1, 1, '', 1, '2017-09-09 06:28:34', NULL, NULL, NULL, NULL, 1),
(3954, 54, 'SK- BAck Inside color', 1, 61, '5000.00', 1, 1, '', 1, '2017-09-09 06:28:34', NULL, NULL, NULL, NULL, 1),
(4001, 74, 'BB- 1st Page', 1, 15, '10000.00', 1, 1, '', 1, '2017-09-09 06:47:59', NULL, NULL, NULL, NULL, 1),
(4002, 74, 'BB- Back Page', 1, 16, '8000.00', 1, 1, '', 1, '2017-09-09 06:47:59', NULL, NULL, NULL, NULL, 1),
(4003, 74, 'BB- 3rd Page', 1, 40, '7000.00', 1, 1, '', 1, '2017-09-09 06:47:59', NULL, NULL, NULL, NULL, 1),
(4004, 74, 'BB- Inner', 1, 24, '5000.00', 1, 1, '', 1, '2017-09-09 06:47:59', NULL, NULL, NULL, NULL, 1),
(4005, 74, 'BB- Inner b/w', 2, 24, '2500.00', 1, 1, '', 1, '2017-09-09 06:48:00', NULL, NULL, NULL, NULL, 1),
(4006, 74, 'BB- business Front Page color', 1, 19, '5000.00', 1, 1, '', 1, '2017-09-09 06:48:00', NULL, NULL, NULL, NULL, 1),
(4007, 74, 'BB- business Front  Page b/w', 2, 19, '2500.00', 1, 1, '', 1, '2017-09-09 06:48:00', NULL, NULL, NULL, NULL, 1),
(4008, 74, 'BB- Entertainment Page color', 1, 21, '5000.00', 1, 1, '', 1, '2017-09-09 06:48:00', NULL, NULL, NULL, NULL, 1),
(4009, 74, 'BB- Entertainment Page b/w', 2, 21, '2500.00', 1, 1, '', 1, '2017-09-09 06:48:00', NULL, NULL, NULL, NULL, 1),
(4010, 74, 'BB- business Page color', 1, 49, '5000.00', 1, 1, '', 1, '2017-09-09 06:48:00', NULL, NULL, NULL, NULL, 1),
(4011, 74, 'BB- business Page b/w', 2, 49, '2500.00', 1, 1, '', 1, '2017-09-09 06:48:00', NULL, NULL, NULL, NULL, 1),
(4012, 74, 'BB- Sports Page color', 1, 23, '5000.00', 1, 1, '', 1, '2017-09-09 06:48:00', NULL, NULL, NULL, NULL, 1),
(4013, 74, 'BB- Second Page b/w', 2, 42, '2500.00', 1, 1, '', 1, '2017-09-09 06:48:00', NULL, NULL, NULL, NULL, 1),
(4014, 74, 'BB- Back Inside', 2, 61, '2500.00', 1, 1, '', 1, '2017-09-09 06:48:00', NULL, NULL, NULL, NULL, 1),
(4042, 96, 'DS-SW Front', 1, 18, '4500.00', 1, 1, '', 1, '2017-09-09 06:59:02', NULL, NULL, NULL, NULL, 1),
(4043, 96, 'DS-SW Front Inner', 1, 33, '2500.00', 1, 1, '', 1, '2017-09-09 06:59:02', NULL, NULL, NULL, NULL, 1),
(4044, 96, 'DS-SW Back', 1, 46, '3000.00', 1, 1, '', 1, '2017-09-09 06:59:02', NULL, NULL, NULL, NULL, 1),
(4045, 96, 'DS-SW Back Inner', 1, 27, '2500.00', 1, 1, '', 1, '2017-09-09 06:59:02', NULL, NULL, NULL, NULL, 1),
(4046, 96, 'DS-SW Inner', 1, 24, '2000.00', 1, 1, '', 1, '2017-09-09 06:59:02', NULL, NULL, NULL, NULL, 1),
(4047, 96, 'DS-SW Front Inside Cover', 1, 28, '2500.00', 1, 1, '', 1, '2017-09-09 06:59:02', NULL, NULL, NULL, NULL, 1),
(4048, 155, 'DB Frist Page', 1, 15, '5000.00', 1, 1, '', 1, '2017-09-09 07:04:45', NULL, NULL, NULL, NULL, 1),
(4049, 155, 'DB Back Page', 1, 16, '4000.00', 1, 1, '', 1, '2017-09-09 07:04:45', NULL, NULL, NULL, NULL, 1),
(4050, 155, 'DB Inner Page', 1, 24, '3000.00', 1, 1, '', 1, '2017-09-09 07:04:45', NULL, NULL, NULL, NULL, 1),
(4051, 83, 'DJ- 1st Page', 1, 15, '8000.00', 1, 1, '', 1, '2017-09-09 07:09:51', NULL, NULL, NULL, NULL, 1),
(4052, 83, 'DJ- Back Page', 1, 16, '5000.00', 1, 1, '', 1, '2017-09-09 07:09:51', NULL, NULL, NULL, NULL, 1),
(4053, 83, 'DJ- Inner color', 1, 24, '3000.00', 1, 1, '', 1, '2017-09-09 07:09:51', NULL, NULL, NULL, NULL, 1),
(4054, 83, 'DJ- News 3rd page', 1, 40, '3000.00', 1, 1, '', 1, '2017-09-09 07:09:51', NULL, NULL, NULL, NULL, 1),
(4055, 83, 'DJ- Inner b/w', 2, 24, '3000.00', 1, 1, '', 1, '2017-09-09 07:09:51', NULL, NULL, NULL, NULL, 1),
(4056, 83, 'DJ- News 3rd page b/w', 2, 41, '3000.00', 1, 1, '', 1, '2017-09-09 07:09:51', NULL, NULL, NULL, NULL, 1),
(4057, 68, 'ID- 1st Page', 1, 15, '9000.00', 1, 1, '', 1, '2017-09-09 07:13:09', NULL, NULL, NULL, NULL, 1),
(4058, 68, 'ID- 1st Page b/w', 2, 15, '6500.00', 1, 1, '', 1, '2017-09-09 07:13:09', NULL, NULL, NULL, NULL, 1),
(4059, 68, 'ID- Back Page', 1, 16, '7000.00', 1, 1, '', 1, '2017-09-09 07:13:09', NULL, NULL, NULL, NULL, 1),
(4060, 68, 'ID- Back Page b/w', 2, 16, '5500.00', 1, 1, '', 1, '2017-09-09 07:13:09', NULL, NULL, NULL, NULL, 1),
(4061, 68, 'ID- 3rd Page', 1, 40, '5000.00', 1, 1, '', 1, '2017-09-09 07:13:09', NULL, NULL, NULL, NULL, 1),
(4062, 68, 'ID- 3rd Page b/w', 2, 41, '3000.00', 1, 1, '', 1, '2017-09-09 07:13:09', NULL, NULL, NULL, NULL, 1),
(4063, 68, 'ID- Inner', 1, 24, '3500.00', 1, 1, '', 1, '2017-09-09 07:13:09', NULL, NULL, NULL, NULL, 1),
(4064, 68, 'ID- Inner b/w', 2, 24, '2500.00', 1, 1, '', 1, '2017-09-09 07:13:09', NULL, NULL, NULL, NULL, 1),
(4065, 68, 'ID- business-color', 1, 49, '3500.00', 1, 1, '', 1, '2017-09-09 07:13:09', NULL, NULL, NULL, NULL, 1),
(4066, 68, 'ID- business b/w', 2, 49, '2500.00', 1, 1, '', 1, '2017-09-09 07:13:09', NULL, NULL, NULL, NULL, 1),
(4067, 68, 'ID- Business front color', 1, 19, '3500.00', 1, 1, '', 1, '2017-09-09 07:13:09', NULL, NULL, NULL, NULL, 1),
(4068, 68, 'ID- Business front  b/w', 2, 19, '2500.00', 1, 1, '', 1, '2017-09-09 07:13:09', NULL, NULL, NULL, NULL, 1),
(4069, 68, 'ID- Sports ', 1, 23, '3500.00', 1, 1, '', 1, '2017-09-09 07:13:09', NULL, NULL, NULL, NULL, 1),
(4070, 68, 'ID- Sports b/w', 2, 23, '2500.00', 1, 1, '', 1, '2017-09-09 07:13:09', NULL, NULL, NULL, NULL, 1),
(4071, 68, 'ID- Entertainment Color', 1, 21, '3500.00', 1, 1, '', 1, '2017-09-09 07:13:09', NULL, NULL, NULL, NULL, 1),
(4072, 68, 'ID- Entertainment b/w', 2, 21, '2500.00', 1, 1, '', 1, '2017-09-09 07:13:09', NULL, NULL, NULL, NULL, 1),
(4073, 68, 'ID- Front Inside Cover Color', 1, 28, '3500.00', 1, 1, '', 1, '2017-09-09 07:13:09', NULL, NULL, NULL, NULL, 1),
(4074, 68, 'ID- Front Inside Cover b/w', 2, 28, '2500.00', 1, 1, '', 1, '2017-09-09 07:13:09', NULL, NULL, NULL, NULL, 1),
(4075, 68, 'ID- Back Inside Color', 1, 61, '3500.00', 1, 1, '', 1, '2017-09-09 07:13:09', NULL, NULL, NULL, NULL, 1),
(4076, 68, 'ID- Back Inside b/w', 2, 61, '2500.00', 1, 1, '', 1, '2017-09-09 07:13:09', NULL, NULL, NULL, NULL, 1),
(4077, 68, 'DT- Business Back', 1, 20, '3500.00', 1, 1, '', 1, '2017-09-09 07:13:09', NULL, NULL, NULL, NULL, 1),
(4078, 61, 'IQ- 1st Page', 1, 15, '14000.00', 1, 1, '', 1, '2017-09-09 07:16:24', NULL, NULL, NULL, NULL, 1),
(4079, 61, 'IQ- 1st Page b/w', 2, 15, '10000.00', 1, 1, '', 1, '2017-09-09 07:16:24', NULL, NULL, NULL, NULL, 1),
(4080, 61, 'IQ- Back Page', 1, 16, '12000.00', 1, 1, '', 1, '2017-09-09 07:16:24', NULL, NULL, NULL, NULL, 1),
(4081, 61, 'IQ- Back Page b/w', 2, 16, '8000.00', 1, 1, '', 1, '2017-09-09 07:16:24', NULL, NULL, NULL, NULL, 1),
(4082, 61, 'IQ- 3rd Page', 1, 40, '8000.00', 1, 1, '', 1, '2017-09-09 07:16:24', NULL, NULL, NULL, NULL, 1),
(4083, 61, 'IQ- 3rd Page b/w', 2, 41, '5000.00', 1, 1, '', 1, '2017-09-09 07:16:24', NULL, NULL, NULL, NULL, 1),
(4084, 61, 'IQ- Inner', 1, 24, '5000.00', 1, 1, '', 1, '2017-09-09 07:16:24', NULL, NULL, NULL, NULL, 1),
(4085, 61, 'IQ- Inner b/w', 2, 24, '3000.00', 1, 1, '', 1, '2017-09-09 07:16:24', NULL, NULL, NULL, NULL, 1),
(4086, 61, 'IQ- Sports Page', 1, 23, '5000.00', 1, 1, '', 1, '2017-09-09 07:16:24', NULL, NULL, NULL, NULL, 1),
(4087, 61, 'IQ- Sports Page b/w', 2, 23, '4000.00', 1, 1, '', 1, '2017-09-09 07:16:24', NULL, NULL, NULL, NULL, 1),
(4088, 61, 'IQ- 2nd Page', 2, 42, '4000.00', 1, 1, '', 1, '2017-09-09 07:16:25', NULL, NULL, NULL, NULL, 1),
(4089, 61, 'IQ- Back Before', 2, 42, '4000.00', 1, 1, '', 1, '2017-09-09 07:16:25', NULL, NULL, NULL, NULL, 1),
(4090, 61, 'IQ- Entertainment', 1, 21, '5000.00', 1, 1, '', 1, '2017-09-09 07:16:25', NULL, NULL, NULL, NULL, 1),
(4091, 61, 'IQ- Entertainment b/w', 2, 21, '2600.00', 1, 1, '', 1, '2017-09-09 07:16:25', NULL, NULL, NULL, NULL, 1),
(4110, 76, 'MK- 1st Page', 1, 15, '14000.00', 1, 1, '', 1, '2017-09-09 07:21:55', NULL, NULL, NULL, NULL, 1),
(4111, 76, 'MK- Back Page', 1, 16, '12000.00', 1, 1, '', 1, '2017-09-09 07:21:55', NULL, NULL, NULL, NULL, 1),
(4112, 76, 'MK- 3rd Page', 1, 40, '8500.00', 1, 1, '', 1, '2017-09-09 07:21:55', NULL, NULL, NULL, NULL, 1),
(4113, 76, 'MK- 3rd Page b/w', 2, 41, '4000.00', 1, 1, '', 1, '2017-09-09 07:21:55', NULL, NULL, NULL, NULL, 1),
(4114, 76, 'MK- Inner', 1, 24, '4000.00', 1, 1, '', 1, '2017-09-09 07:21:55', NULL, NULL, NULL, NULL, 1),
(4115, 76, 'MK- Inner b/w', 2, 24, '3000.00', 1, 1, '', 1, '2017-09-09 07:21:55', NULL, NULL, NULL, NULL, 1),
(4116, 76, 'MK- 5th Page', 1, 34, '5500.00', 1, 1, '', 1, '2017-09-09 07:21:55', NULL, NULL, NULL, NULL, 1),
(4117, 76, 'MK- 5th Page b/w', 2, 34, '3000.00', 1, 1, '', 1, '2017-09-09 07:21:55', NULL, NULL, NULL, NULL, 1),
(4118, 76, 'MK- Sports Page', 1, 23, '5500.00', 1, 1, '', 1, '2017-09-09 07:21:55', NULL, NULL, NULL, NULL, 1),
(4119, 76, 'MK- Sports Page b/w', 2, 23, '3000.00', 1, 1, '', 1, '2017-09-09 07:21:55', NULL, NULL, NULL, NULL, 1),
(4120, 76, 'MK- 2nd Page', 2, 42, '2500.00', 1, 1, '', 1, '2017-09-09 07:21:55', NULL, NULL, NULL, NULL, 1),
(4121, 76, 'MK- Entertainment', 2, 21, '3000.00', 1, 1, '', 1, '2017-09-09 07:21:55', NULL, NULL, NULL, NULL, 1),
(4122, 71, 'NA-TD Back', 1, 46, '20000.00', 1, 1, '', 1, '2017-09-09 07:24:16', NULL, NULL, NULL, NULL, 1),
(4123, 71, 'NA-TD 2nd Cover', 1, 47, '20000.00', 1, 1, '', 1, '2017-09-09 07:24:16', NULL, NULL, NULL, NULL, 1),
(4124, 71, 'NA-TD 3rd Cover', 1, 48, '20000.00', 1, 1, '', 1, '2017-09-09 07:24:16', NULL, NULL, NULL, NULL, 1),
(4125, 71, 'NA-TD Inner', 1, 24, '500.00', 1, 1, '', 1, '2017-09-09 07:24:16', NULL, NULL, NULL, NULL, 1),
(4126, 71, 'NA-TD Middle', 1, 32, '500.00', 1, 1, '', 1, '2017-09-09 07:24:16', NULL, NULL, NULL, NULL, 1),
(4127, 71, 'NA-TD front inside Cover', 1, 28, '20000.00', 1, 1, '', 1, '2017-09-09 07:24:16', NULL, NULL, NULL, NULL, 1),
(4128, 71, 'NA-TD back inside Cover', 1, 27, '20000.00', 1, 1, '', 1, '2017-09-09 07:24:16', NULL, NULL, NULL, NULL, 1),
(4129, 71, 'NA-TD front Cover', 1, 18, '20000.00', 1, 1, '', 1, '2017-09-09 07:24:17', NULL, NULL, NULL, NULL, 1),
(4138, 79, 'NN- 1st Page', 1, 15, '8000.00', 1, 1, '', 1, '2017-09-09 07:34:47', NULL, NULL, NULL, NULL, 1),
(4139, 79, 'NN- Back Page', 1, 16, '6000.00', 1, 1, '', 1, '2017-09-09 07:34:47', NULL, NULL, NULL, NULL, 1),
(4140, 79, 'NN- 3rd Page', 1, 40, '4000.00', 1, 1, '', 1, '2017-09-09 07:34:47', NULL, NULL, NULL, NULL, 1),
(4141, 79, 'NN- 3rd Page b/w', 2, 41, '2500.00', 1, 1, '', 1, '2017-09-09 07:34:47', NULL, NULL, NULL, NULL, 1),
(4142, 79, 'NN- Inner', 1, 24, '3000.00', 1, 1, '', 1, '2017-09-09 07:34:47', NULL, NULL, NULL, NULL, 1),
(4143, 79, 'NN- Inner b/w', 2, 24, '2200.00', 1, 1, '', 1, '2017-09-09 07:34:47', NULL, NULL, NULL, NULL, 1),
(4144, 79, 'NN- Sports b/w', 2, 23, '2200.00', 1, 1, '', 1, '2017-09-09 07:34:47', NULL, NULL, NULL, NULL, 1),
(4145, 79, 'NN- Sports color', 1, 23, '3000.00', 1, 1, '', 1, '2017-09-09 07:34:47', NULL, NULL, NULL, NULL, 1),
(4146, 79, 'NN- business Front color', 1, 19, '3000.00', 1, 1, '', 1, '2017-09-09 07:34:47', NULL, NULL, NULL, NULL, 1),
(4147, 79, 'NN- business color', 1, 49, '3000.00', 1, 1, '', 1, '2017-09-09 07:34:47', NULL, NULL, NULL, NULL, 1),
(4148, 79, 'NN-Back Inside Cover', 2, 27, '2200.00', 1, 1, '', 1, '2017-09-09 07:34:47', NULL, NULL, NULL, NULL, 1),
(4165, 67, 'JJ-1st Page', 1, 15, '14000.00', 1, 1, '', 1, '2017-09-11 09:52:19', NULL, NULL, NULL, NULL, 1),
(4166, 67, 'JJ- Back Page', 1, 16, '10000.00', 1, 1, '', 1, '2017-09-11 09:52:19', NULL, NULL, NULL, NULL, 1),
(4167, 67, 'JJ- Back Page b/w', 2, 16, '8000.00', 1, 1, '', 1, '2017-09-11 09:52:19', NULL, NULL, NULL, NULL, 1),
(4168, 67, 'JJ- 3rd Page', 1, 40, '8000.00', 1, 1, '', 1, '2017-09-11 09:52:19', NULL, NULL, NULL, NULL, 1),
(4169, 67, 'JJ- 3rd Page b/w', 2, 41, '6000.00', 1, 1, '', 1, '2017-09-11 09:52:19', NULL, NULL, NULL, NULL, 1),
(4170, 67, 'JJ- Inner', 1, 24, '4000.00', 1, 1, '', 1, '2017-09-11 09:52:19', NULL, NULL, NULL, NULL, 1),
(4171, 67, 'JJ- Inner b/w', 2, 24, '3000.00', 1, 1, '', 1, '2017-09-11 09:52:19', NULL, NULL, NULL, NULL, 1),
(4172, 67, 'JJ- 5th Page', 1, 34, '7000.00', 1, 1, '', 1, '2017-09-11 09:52:19', NULL, NULL, NULL, NULL, 1),
(4173, 67, 'JJ- 5th Page b/w', 2, 34, '4000.00', 1, 1, '', 1, '2017-09-11 09:52:19', NULL, NULL, NULL, NULL, 1),
(4174, 67, 'JJ- Sports Page', 1, 23, '6000.00', 1, 1, '', 1, '2017-09-11 09:52:19', NULL, NULL, NULL, NULL, 1),
(4175, 67, 'JJ- Sports Page b/w', 2, 23, '3000.00', 1, 1, '', 1, '2017-09-11 09:52:19', NULL, NULL, NULL, NULL, 1),
(4176, 67, 'JJ-Business Color', 1, 49, '4000.00', 1, 1, '', 1, '2017-09-11 09:52:19', NULL, NULL, NULL, NULL, 1),
(4177, 67, 'JJ-Business B/W', 2, 49, '3000.00', 1, 1, '', 1, '2017-09-11 09:52:19', NULL, NULL, NULL, NULL, 1),
(4178, 67, 'JJ- 2nd Page color', 1, 39, '4000.00', 1, 1, '', 1, '2017-09-11 09:52:19', NULL, NULL, NULL, NULL, 1),
(4179, 67, 'JJ-Business front color', 1, 19, '4000.00', 1, 1, '', 1, '2017-09-11 09:52:20', NULL, NULL, NULL, NULL, 1),
(4180, 67, 'JJ-Business front  B/W', 2, 19, '3000.00', 1, 1, '', 1, '2017-09-11 09:52:20', NULL, NULL, NULL, NULL, 1),
(4181, 67, 'JJ- 2nd Page  b/w', 2, 42, '3000.00', 1, 1, '', 1, '2017-09-11 09:52:20', NULL, NULL, NULL, NULL, 1),
(4182, 67, 'JJ- 2nd Back Before Page  b/w', 2, 17, '3000.00', 1, 1, '', 1, '2017-09-11 09:52:20', NULL, NULL, NULL, NULL, 1),
(4183, 67, 'JJ- Back Inside', 2, 61, '3000.00', 1, 1, '', 1, '2017-09-11 09:52:20', NULL, NULL, NULL, NULL, 1),
(4184, 67, 'JJ- Back Inside Cover', 2, 27, '3000.00', 1, 1, '', 1, '2017-09-11 09:52:20', NULL, NULL, NULL, NULL, 1),
(4185, 67, 'JJ- Back Inside Cover b/w', 1, 27, '4000.00', 1, 1, '', 1, '2017-09-11 09:52:20', NULL, NULL, NULL, NULL, 1),
(4194, 64, 'BK- 1st Page', 1, 15, '10000.00', 1, 1, '', 1, '2017-09-11 09:59:21', NULL, NULL, NULL, NULL, 1),
(4195, 64, 'BK- 1st Page b/w', 2, 15, '9000.00', 1, 1, '', 1, '2017-09-11 09:59:21', NULL, NULL, NULL, NULL, 1),
(4196, 64, 'BK- Back Page', 1, 16, '9000.00', 1, 1, '', 1, '2017-09-11 09:59:21', NULL, NULL, NULL, NULL, 1),
(4197, 64, 'BK- Back Page b/w', 2, 16, '8500.00', 1, 1, '', 1, '2017-09-11 09:59:21', NULL, NULL, NULL, NULL, 1),
(4198, 64, 'BK- 3rd Page color', 1, 40, '6000.00', 1, 1, '', 1, '2017-09-11 09:59:21', NULL, NULL, NULL, NULL, 1),
(4199, 64, 'BK- 3rd Page b/w', 2, 41, '4000.00', 1, 1, '', 1, '2017-09-11 09:59:21', NULL, NULL, NULL, NULL, 1),
(4200, 64, 'BK- Inner Page', 1, 24, '4000.00', 1, 1, '', 1, '2017-09-11 09:59:21', NULL, NULL, NULL, NULL, 1),
(4201, 64, 'BK- Inner Page b/w', 2, 24, '2500.00', 1, 1, '', 1, '2017-09-11 09:59:21', NULL, NULL, NULL, NULL, 1),
(4202, 64, 'BK- Sports Page', 1, 23, '4000.00', 1, 1, '', 1, '2017-09-11 09:59:21', NULL, NULL, NULL, NULL, 1),
(4203, 64, 'BK- Sports Page b/w', 2, 23, '2500.00', 1, 1, '', 1, '2017-09-11 09:59:21', NULL, NULL, NULL, NULL, 1),
(4204, 64, 'BK- Business Page color', 1, 49, '4000.00', 1, 1, '', 1, '2017-09-11 09:59:21', NULL, NULL, NULL, NULL, 1),
(4205, 64, 'BK- Business Page b/w', 2, 49, '2500.00', 1, 1, '', 1, '2017-09-11 09:59:21', NULL, NULL, NULL, NULL, 1),
(4206, 64, 'BK- Business Front  Page color', 1, 19, '4000.00', 1, 1, '', 1, '2017-09-11 09:59:21', NULL, NULL, NULL, NULL, 1),
(4207, 64, 'BK- Business Front Page b/w', 2, 19, '2500.00', 1, 1, '', 1, '2017-09-11 09:59:22', NULL, NULL, NULL, NULL, 1),
(4208, 64, 'BK- 2nd Page color', 1, 39, '6000.00', 1, 1, '', 1, '2017-09-11 09:59:22', NULL, NULL, NULL, NULL, 1),
(4209, 64, 'BK- 2nd Page b/w', 2, 42, '4000.00', 1, 1, '', 1, '2017-09-11 09:59:22', NULL, NULL, NULL, NULL, 1),
(4210, 64, 'BK- Jacket 1st page', 1, 56, '10000.00', 1, 1, '', 1, '2017-09-11 09:59:22', NULL, NULL, NULL, NULL, 1),
(4211, 64, 'BK- inside', 2, 61, '2500.00', 1, 1, '', 1, '2017-09-11 09:59:22', NULL, NULL, NULL, NULL, 1),
(4212, 64, 'BK- Front Inside', 2, 33, '2500.00', 1, 1, '', 1, '2017-09-11 09:59:22', NULL, NULL, NULL, NULL, 1),
(4213, 156, 'MT Front Cover', 1, 18, '2800.00', 1, 1, '', 1, '2017-09-11 10:24:20', NULL, NULL, NULL, NULL, 1),
(4214, 156, 'MT Back Cover', 1, 46, '2800.00', 1, 1, '', 1, '2017-09-11 10:24:20', NULL, NULL, NULL, NULL, 1),
(4215, 156, 'MT Front Inside Cover', 1, 28, '2800.00', 1, 1, '', 1, '2017-09-11 10:24:20', NULL, NULL, NULL, NULL, 1),
(4216, 156, 'MT Back Inside Cover', 1, 27, '2800.00', 1, 1, '', 1, '2017-09-11 10:24:20', NULL, NULL, NULL, NULL, 1),
(4233, 152, 'A Age First Page', 1, 15, '16000.00', 1, 1, '', 1, '2017-09-12 08:04:23', NULL, NULL, NULL, NULL, 1),
(4234, 152, 'A Age Back Page', 1, 16, '14000.00', 1, 1, '', 1, '2017-09-12 08:04:23', NULL, NULL, NULL, NULL, 1),
(4235, 152, 'A Age Back Before', 1, 17, '9000.00', 1, 1, '', 1, '2017-09-12 08:04:23', NULL, NULL, NULL, NULL, 1),
(4236, 152, 'A Age Business Page', 1, 19, '5000.00', 1, 1, '', 1, '2017-09-12 08:04:23', NULL, NULL, NULL, NULL, 1),
(4237, 152, 'A Age Entertainment Page', 1, 21, '6500.00', 1, 1, '', 1, '2017-09-12 08:04:23', NULL, NULL, NULL, NULL, 1),
(4238, 152, 'A Age Sports Page', 1, 23, '6000.00', 1, 1, '', 1, '2017-09-12 08:04:23', NULL, NULL, NULL, NULL, 1),
(4239, 152, 'A Age Inner Page', 1, 24, '3500.00', 1, 1, '', 1, '2017-09-12 08:04:23', NULL, NULL, NULL, NULL, 1),
(4240, 152, 'A Age Back Cover Page', 1, 46, '3500.00', 1, 1, '', 1, '2017-09-12 08:04:23', NULL, NULL, NULL, NULL, 1),
(4241, 65, 'MZ- 1st Page', 1, 15, '14000.00', 1, 1, '', 1, '2017-09-14 11:43:18', NULL, NULL, NULL, NULL, 1),
(4242, 65, 'Ma- Backl Page', 1, 16, '12000.00', 1, 1, '', 1, '2017-09-14 11:43:18', NULL, NULL, NULL, NULL, 1),
(4243, 65, 'MZ- 3rd Page', 1, 40, '6000.00', 1, 1, '', 1, '2017-09-14 11:43:18', NULL, NULL, NULL, NULL, 1),
(4244, 65, 'MZ- 3rd Page b/w', 2, 41, '3500.00', 1, 1, '', 1, '2017-09-14 11:43:18', NULL, NULL, NULL, NULL, 1),
(4245, 65, 'MZ- Inner', 1, 24, '4000.00', 1, 1, '', 1, '2017-09-14 11:43:18', NULL, NULL, NULL, NULL, 1),
(4246, 65, 'MZ- Inner b/w', 2, 24, '2500.00', 1, 1, '', 1, '2017-09-14 11:43:18', NULL, NULL, NULL, NULL, 1),
(4247, 65, 'MZ- Sports Page', 1, 23, '4000.00', 1, 1, '', 1, '2017-09-14 11:43:18', NULL, NULL, NULL, NULL, 1),
(4248, 65, 'MZ- Entertainment', 1, 21, '45000.00', 1, 1, '', 1, '2017-09-14 11:43:18', NULL, NULL, NULL, NULL, 1),
(4249, 65, 'MZ- Entertainment b/w', 2, 21, '2500.00', 1, 1, '', 1, '2017-09-14 11:43:18', NULL, NULL, NULL, NULL, 1),
(4250, 65, 'MZ- Sports Page b/w', 2, 23, '4000.00', 1, 1, '', 1, '2017-09-14 11:43:18', NULL, NULL, NULL, NULL, 1),
(4251, 65, 'MZ- Business Front Page color', 1, 19, '4000.00', 1, 1, '', 1, '2017-09-14 11:43:18', NULL, NULL, NULL, NULL, 1),
(4252, 65, 'MZ- Business Front Page b/w', 2, 19, '2500.00', 1, 1, '', 1, '2017-09-14 11:43:18', NULL, NULL, NULL, NULL, 1),
(4253, 65, 'MZ- Business Page color', 1, 49, '4000.00', 1, 1, '', 1, '2017-09-14 11:43:18', NULL, NULL, NULL, NULL, 1),
(4254, 65, 'MZ- Business Page b/w', 2, 49, '2500.00', 1, 1, '', 1, '2017-09-14 11:43:18', NULL, NULL, NULL, NULL, 1),
(4255, 65, 'MZ- 2nd Page', 1, 39, '6000.00', 1, 1, '', 1, '2017-09-14 11:43:18', NULL, NULL, NULL, NULL, 1),
(4256, 65, 'MZ- 2nd Page b/w', 2, 42, '3500.00', 1, 1, '', 1, '2017-09-14 11:43:18', NULL, NULL, NULL, NULL, 1),
(4257, 130, 'saturday-morning Front', 1, 18, '17000.00', 1, 1, '', 1, '2017-09-17 10:35:15', NULL, NULL, NULL, NULL, 1),
(4258, 130, 'saturday-morning inner', 1, 24, '4500.00', 1, 1, '', 1, '2017-09-17 10:35:15', NULL, NULL, NULL, NULL, 1),
(4259, 130, 'saturday-morning Back', 1, 16, '6500.00', 1, 1, '', 1, '2017-09-17 10:35:15', NULL, NULL, NULL, NULL, 1),
(4260, 130, 'saturday-morning Third', 1, 40, '4500.00', 1, 1, '', 1, '2017-09-17 10:35:15', NULL, NULL, NULL, NULL, 1),
(4261, 130, 'saturday-morning Back cover', 1, 46, '6500.00', 1, 1, '', 1, '2017-09-17 10:35:15', NULL, NULL, NULL, NULL, 1),
(4262, 130, 'saturday-morning Back inside cover', 1, 27, '6500.00', 1, 1, '', 1, '2017-09-17 10:35:15', NULL, NULL, NULL, NULL, 1),
(4263, 130, 'saturday-morning Back folding Page', 1, 31, '8500.00', 1, 1, '', 1, '2017-09-17 10:35:15', NULL, NULL, NULL, NULL, 1),
(4269, 140, 'AS Front Cover ', 1, 18, '16000.00', 1, 1, '', 1, '2017-10-01 11:34:53', NULL, NULL, NULL, NULL, 1),
(4270, 140, 'AS  Back Cover', 1, 46, '9000.00', 1, 1, '', 1, '2017-10-01 11:34:53', NULL, NULL, NULL, NULL, 1),
(4271, 140, 'AS Inner', 1, 24, '5000.00', 1, 1, '', 1, '2017-10-01 11:34:53', NULL, NULL, NULL, NULL, 1),
(4272, 140, 'AS  Back Page', 1, 16, '9000.00', 1, 1, '', 1, '2017-10-01 11:34:53', NULL, NULL, NULL, NULL, 1),
(4273, 140, 'AS Front Inside Cover ', 1, 28, '5000.00', 1, 1, '', 1, '2017-10-01 11:34:53', NULL, NULL, NULL, NULL, 1),
(4274, 140, 'AS  Back Inside Cover', 1, 27, '5000.00', 1, 1, '', 1, '2017-10-01 11:34:53', NULL, NULL, NULL, NULL, 1),
(4296, 158, 'KK-Cam Front cover', 1, 18, '6000.00', 1, 1, '', 1, '2017-10-16 10:47:59', NULL, NULL, NULL, NULL, 1),
(4297, 158, 'KK-Cam Back cover', 1, 46, '5500.00', 1, 1, '', 1, '2017-10-16 10:47:59', NULL, NULL, NULL, NULL, 1),
(4298, 158, 'KK-Cam Inner', 1, 24, '4000.00', 1, 1, '', 1, '2017-10-16 10:47:59', NULL, NULL, NULL, NULL, 1),
(4299, 158, 'KK-Cam Inner b/w', 2, 24, '3000.00', 1, 1, '', 1, '2017-10-16 10:47:59', NULL, NULL, NULL, NULL, 1),
(4300, 43, 'JU- 1st Page', 1, 15, '14000.00', 1, 1, '', 1, '2017-10-17 11:23:04', NULL, NULL, NULL, NULL, 1),
(4301, 43, 'JU- Back Page', 1, 16, '12000.00', 1, 1, '', 1, '2017-10-17 11:23:04', NULL, NULL, NULL, NULL, 1),
(4302, 43, 'JU- 3rd Page', 1, 40, '9000.00', 1, 1, '', 1, '2017-10-17 11:23:04', NULL, NULL, NULL, NULL, 1),
(4303, 43, 'JU- 3rd Page b/w', 2, 41, '7000.00', 1, 1, '', 1, '2017-10-17 11:23:04', NULL, NULL, NULL, NULL, 1),
(4304, 43, 'JU- Inner Page', 1, 24, '4000.00', 1, 1, '', 1, '2017-10-17 11:23:04', NULL, NULL, NULL, NULL, 1),
(4305, 43, 'JU- Inner Page b/w', 2, 24, '3000.00', 1, 1, '', 1, '2017-10-17 11:23:04', NULL, NULL, NULL, NULL, 1),
(4306, 43, 'JU- 5th Page', 1, 34, '7500.00', 1, 1, '', 1, '2017-10-17 11:23:04', NULL, NULL, NULL, NULL, 1),
(4307, 43, 'JU- 5th Page b/w', 2, 34, '5000.00', 1, 1, '', 1, '2017-10-17 11:23:04', NULL, NULL, NULL, NULL, 1),
(4308, 43, 'JU- Sports Page', 1, 23, '5000.00', 1, 1, '', 1, '2017-10-17 11:23:05', NULL, NULL, NULL, NULL, 1),
(4309, 43, 'JU- Sports Page b/w', 2, 23, '4000.00', 1, 1, '', 1, '2017-10-17 11:23:05', NULL, NULL, NULL, NULL, 1),
(4310, 43, 'JU- Back Before', 1, 17, '5500.00', 1, 1, '', 1, '2017-10-17 11:23:05', NULL, NULL, NULL, NULL, 1),
(4311, 43, 'JU- Back Before b/w', 2, 17, '4000.00', 1, 1, '', 1, '2017-10-17 11:23:05', NULL, NULL, NULL, NULL, 1),
(4312, 43, 'JU- 2nd Page', 1, 39, '6500.00', 1, 1, '', 1, '2017-10-17 11:23:05', NULL, NULL, NULL, NULL, 1),
(4313, 43, 'JU- 2nd Page b/w', 2, 42, '5000.00', 1, 1, '', 1, '2017-10-17 11:23:05', NULL, NULL, NULL, NULL, 1),
(4314, 43, 'JU- Business Page Color', 1, 49, '4000.00', 1, 1, '', 1, '2017-10-17 11:23:05', NULL, NULL, NULL, NULL, 1),
(4315, 43, 'JU- Business Page B/W', 2, 49, '3000.00', 1, 1, '', 1, '2017-10-17 11:23:05', NULL, NULL, NULL, NULL, 1),
(4316, 43, 'JU- Entertainment Page color', 1, 21, '4000.00', 1, 1, '', 1, '2017-10-17 11:23:05', NULL, NULL, NULL, NULL, 1),
(4317, 43, 'JU- Entertainment Page B/W', 2, 21, '3000.00', 1, 1, '', 1, '2017-10-17 11:23:05', NULL, NULL, NULL, NULL, 1),
(4318, 43, 'JU- Back Inside B/W', 2, 61, '3000.00', 1, 1, '', 1, '2017-10-17 11:23:05', NULL, NULL, NULL, NULL, 1),
(4319, 43, 'JU- Back Inside Color', 1, 61, '4000.00', 1, 1, '', 1, '2017-10-17 11:23:05', NULL, NULL, NULL, NULL, 1),
(4320, 43, 'Ju Jacket 1st Page', 1, 56, '14000.00', 1, 1, '', 1, '2017-10-17 11:23:05', NULL, NULL, NULL, NULL, 1),
(4321, 43, 'Ju Jacket 2nd Page', 1, 57, '12000.00', 1, 1, '', 1, '2017-10-17 11:23:05', NULL, NULL, NULL, NULL, 1),
(4322, 43, 'Ju Jacket 3rd Page', 1, 58, '11000.00', 1, 1, '', 1, '2017-10-17 11:23:05', NULL, NULL, NULL, NULL, 1),
(4323, 43, 'Ju Jacket 4th Page', 1, 59, '13000.00', 1, 1, '', 1, '2017-10-17 11:23:05', NULL, NULL, NULL, NULL, 1),
(4379, 92, 'DS- 1ST ', 1, 15, '13500.00', 1, 1, '', 1, '2017-10-17 11:38:52', NULL, NULL, NULL, NULL, 1),
(4380, 92, 'DS- Back Page', 1, 16, '10500.00', 1, 1, '', 1, '2017-10-17 11:38:52', NULL, NULL, NULL, NULL, 1),
(4381, 92, 'DS-3rd Page', 1, 40, '7500.00', 1, 1, '', 1, '2017-10-17 11:38:52', NULL, NULL, NULL, NULL, 1),
(4382, 92, 'DS- Inner', 1, 24, '4200.00', 1, 1, '', 1, '2017-10-17 11:38:52', NULL, NULL, NULL, NULL, 1),
(4383, 92, 'DS- Inner b/w', 2, 24, '3200.00', 1, 1, '', 1, '2017-10-17 11:38:52', NULL, NULL, NULL, NULL, 1),
(4384, 92, 'DS- 5th Page', 1, 34, '6000.00', 1, 1, '', 1, '2017-10-17 11:38:52', NULL, NULL, NULL, NULL, 1),
(4385, 92, 'DS- 5th Page b/w', 2, 34, '4500.00', 1, 1, '', 1, '2017-10-17 11:38:52', NULL, NULL, NULL, NULL, 1),
(4386, 92, 'DS- 7th Page', 1, 35, '4800.00', 1, 1, '', 1, '2017-10-17 11:38:52', NULL, NULL, NULL, NULL, 1),
(4387, 92, 'DS- 7th Page b/w', 2, 35, '3600.00', 1, 1, '', 1, '2017-10-17 11:38:52', NULL, NULL, NULL, NULL, 1),
(4388, 92, 'DS-Sports Page', 1, 23, '4200.00', 1, 1, '', 1, '2017-10-17 11:38:52', NULL, NULL, NULL, NULL, 1),
(4389, 92, 'DS-Sports Page b/w', 2, 23, '3200.00', 1, 1, '', 1, '2017-10-17 11:38:52', NULL, NULL, NULL, NULL, 1),
(4390, 92, 'DS- Business', 1, 19, '6000.00', 1, 1, '', 1, '2017-10-17 11:38:52', NULL, NULL, NULL, NULL, 1),
(4391, 92, 'DS- Business back', 1, 20, '4500.00', 1, 1, '', 1, '2017-10-17 11:38:52', NULL, NULL, NULL, NULL, 1),
(4392, 92, 'DS- Business inner', 1, 24, '4000.00', 1, 1, '', 1, '2017-10-17 11:38:52', NULL, NULL, NULL, NULL, 1),
(4393, 92, 'DS- Business inner b/w', 2, 24, '3000.00', 1, 1, '', 1, '2017-10-17 11:38:52', NULL, NULL, NULL, NULL, 1),
(4394, 92, 'DS- Entertain inner', 1, 21, '4200.00', 1, 1, '', 1, '2017-10-17 11:38:52', NULL, NULL, NULL, NULL, 1),
(4395, 92, 'DS- Entertain inner b/w', 2, 21, '3200.00', 1, 1, '', 1, '2017-10-17 11:38:52', NULL, NULL, NULL, NULL, 1),
(4396, 92, 'DS-3rd Page b/w', 2, 42, '7500.00', 1, 1, '', 1, '2017-10-17 11:38:52', NULL, NULL, NULL, NULL, 1),
(4397, 92, 'DS-2nd Page', 1, 39, '7500.00', 1, 1, '', 1, '2017-10-17 11:38:52', NULL, NULL, NULL, NULL, 1),
(4398, 92, 'DS-3rd Page b/w', 2, 41, '7500.00', 1, 1, '', 1, '2017-10-17 11:38:52', NULL, NULL, NULL, NULL, 1),
(4399, 92, 'DS- Business color', 1, 49, '6000.00', 1, 1, '', 1, '2017-10-17 11:38:53', NULL, NULL, NULL, NULL, 1),
(4400, 92, 'DS- Business b/w', 2, 49, '4500.00', 1, 1, '', 1, '2017-10-17 11:38:53', NULL, NULL, NULL, NULL, 1),
(4401, 92, 'DS- Jacket 1s color', 1, 56, '13500.00', 1, 1, '', 1, '2017-10-17 11:38:53', NULL, NULL, NULL, NULL, 1),
(4402, 92, 'DS- Jacket 2nd color', 1, 57, '7500.00', 1, 1, '', 1, '2017-10-17 11:38:53', NULL, NULL, NULL, NULL, 1),
(4403, 92, 'DS- Front Inside Cover', 1, 28, '7500.00', 1, 1, '', 1, '2017-10-17 11:38:53', NULL, NULL, NULL, NULL, 1),
(4404, 92, 'DS- Back Inside Cover', 1, 27, '7500.00', 1, 1, '', 1, '2017-10-17 11:38:53', NULL, NULL, NULL, NULL, 1),
(4405, 92, 'DS- Back Cover', 1, 46, '7500.00', 1, 1, '', 1, '2017-10-17 11:38:53', NULL, NULL, NULL, NULL, 1),
(4406, 92, 'DS- Jacket 1st Page', 1, 56, '13500.00', 1, 1, '', 1, '2017-10-17 11:38:53', NULL, NULL, NULL, NULL, 1),
(4407, 92, 'DS- Jacket 2nd Page', 1, 57, '7500.00', 1, 1, '', 1, '2017-10-17 11:38:53', NULL, NULL, NULL, NULL, 1),
(4408, 92, 'DS- Jacket 3rd Page', 1, 58, '7500.00', 1, 1, '', 1, '2017-10-17 11:38:53', NULL, NULL, NULL, NULL, 1),
(4409, 92, 'DS- Jacket 4th Page', 1, 59, '10500.00', 1, 1, '', 1, '2017-10-17 11:38:53', NULL, NULL, NULL, NULL, 1),
(4410, 159, 'KK-S-sup-Back Cover', 1, 46, '1250.00', 1, 1, '', 1, '2017-10-23 11:43:21', NULL, NULL, NULL, NULL, 1),
(4411, 159, 'KK-S-sup-Inner', 1, 24, '550.00', 1, 1, '', 1, '2017-10-23 11:43:21', NULL, NULL, NULL, NULL, 1),
(4412, 159, 'KK-S-sup-Front Inside Cover', 1, 28, '1250.00', 1, 1, '', 1, '2017-10-23 11:43:21', NULL, NULL, NULL, NULL, 1),
(4413, 159, 'KK-S-sup-Front Cover', 1, 18, '1250.00', 1, 1, '', 1, '2017-10-23 11:43:21', NULL, NULL, NULL, NULL, 1),
(4414, 160, 'SK-S-Sup Front Cover', 1, 18, '7500.00', 1, 1, '', 1, '2017-10-23 11:48:09', NULL, NULL, NULL, NULL, 1),
(4415, 160, 'SK-S-Sup Back Cover', 1, 46, '6500.00', 1, 1, '', 1, '2017-10-23 11:48:09', NULL, NULL, NULL, NULL, 1),
(4416, 160, 'SK-S-Sup Inner', 1, 24, '5500.00', 1, 1, '', 1, '2017-10-23 11:48:09', NULL, NULL, NULL, NULL, 1),
(4417, 160, 'SK-S-Sup Front Inside Cover', 1, 28, '5500.00', 1, 1, '', 1, '2017-10-23 11:48:09', NULL, NULL, NULL, NULL, 1),
(4418, 38, 'BP- 1st Page', 1, 15, '17000.00', 1, 1, '', 1, '2017-10-23 11:56:26', NULL, NULL, NULL, NULL, 1),
(4419, 38, 'BP- Back Page', 1, 16, '15000.00', 1, 1, '', 1, '2017-10-23 11:56:26', NULL, NULL, NULL, NULL, 1),
(4420, 38, 'BP- 3rd Page', 1, 40, '10000.00', 1, 1, '', 1, '2017-10-23 11:56:26', NULL, NULL, NULL, NULL, 1),
(4421, 38, 'BP- 2nd Page', 2, 42, '9500.00', 1, 1, '', 1, '2017-10-23 11:56:26', NULL, NULL, NULL, NULL, 1),
(4422, 38, 'BP- 5th Page', 1, 34, '7500.00', 1, 1, '', 1, '2017-10-23 11:56:26', NULL, NULL, NULL, NULL, 1),
(4423, 38, 'BP- Sports', 1, 23, '7500.00', 1, 1, '', 1, '2017-10-23 11:56:26', NULL, NULL, NULL, NULL, 1),
(4424, 38, 'BP- Inner color', 1, 24, '7000.00', 1, 1, '', 1, '2017-10-23 11:56:26', NULL, NULL, NULL, NULL, 1),
(4425, 38, 'BP- Inner b/w', 2, 24, '4500.00', 1, 1, '', 1, '2017-10-23 11:56:26', NULL, NULL, NULL, NULL, 1),
(4426, 38, 'BP- Entertainment', 1, 21, '7000.00', 1, 1, '', 1, '2017-10-23 11:56:26', NULL, NULL, NULL, NULL, 1),
(4427, 38, 'BP- Back Before', 2, 17, '5000.00', 1, 1, '', 1, '2017-10-23 11:56:26', NULL, NULL, NULL, NULL, 1),
(4428, 38, 'BP- 2nd Page color', 1, 39, '11000.00', 1, 1, '', 1, '2017-10-23 11:56:26', NULL, NULL, NULL, NULL, 1),
(4429, 38, 'BP- 3rd Page b/w', 2, 41, '8500.00', 1, 1, '', 1, '2017-10-23 11:56:26', NULL, NULL, NULL, NULL, 1),
(4430, 38, 'BP- Back Inside', 2, 61, '5000.00', 1, 1, '', 1, '2017-10-23 11:56:26', NULL, NULL, NULL, NULL, 1),
(4431, 38, 'BP-Jacket 1st Page', 1, 56, '17000.00', 1, 1, '', 1, '2017-10-23 11:56:26', NULL, NULL, NULL, NULL, 1),
(4432, 38, 'BP-Jacket 2nd Page', 1, 57, '15000.00', 1, 1, '', 1, '2017-10-23 11:56:26', NULL, NULL, NULL, NULL, 1),
(4433, 38, 'BP-Jacket 3rdd Page', 1, 58, '9500.00', 1, 1, '', 1, '2017-10-23 11:56:26', NULL, NULL, NULL, NULL, 1),
(4434, 38, 'BP-Jacket 4th Page', 1, 59, '10000.00', 1, 1, '', 1, '2017-10-23 11:56:26', NULL, NULL, NULL, NULL, 1),
(4435, 38, 'BP- Sports b/w', 2, 23, '4500.00', 1, 1, '', 1, '2017-10-23 11:56:27', NULL, NULL, NULL, NULL, 1),
(4436, 62, 'ND- 1st Page', 1, 15, '15000.00', 1, 1, '', 1, '2017-10-23 11:59:30', NULL, NULL, NULL, NULL, 1),
(4437, 62, 'ND- Back Page', 1, 16, '12500.00', 1, 1, '', 1, '2017-10-23 11:59:30', NULL, NULL, NULL, NULL, 1),
(4438, 62, 'ND- Back Page b/w', 2, 16, '10000.00', 1, 1, '', 1, '2017-10-23 11:59:30', NULL, NULL, NULL, NULL, 1),
(4439, 62, 'ND- 3rd Page', 1, 40, '10000.00', 1, 1, '', 1, '2017-10-23 11:59:30', NULL, NULL, NULL, NULL, 1),
(4440, 62, 'ND- 3rd Page b/w', 2, 41, '7500.00', 1, 1, '', 1, '2017-10-23 11:59:30', NULL, NULL, NULL, NULL, 1),
(4441, 62, 'ND- Inner Page', 1, 24, '5000.00', 1, 1, '', 1, '2017-10-23 11:59:30', NULL, NULL, NULL, NULL, 1),
(4442, 62, 'ND- Inner Page b/w', 2, 24, '3500.00', 1, 1, '', 1, '2017-10-23 11:59:30', NULL, NULL, NULL, NULL, 1),
(4443, 62, 'ND- 5th Page', 1, 34, '7000.00', 1, 1, '', 1, '2017-10-23 11:59:30', NULL, NULL, NULL, NULL, 1),
(4444, 62, 'ND- 5th Page b/w', 2, 34, '5000.00', 1, 1, '', 1, '2017-10-23 11:59:30', NULL, NULL, NULL, NULL, 1),
(4445, 62, 'ND- Sports Page', 1, 23, '6000.00', 1, 1, '', 1, '2017-10-23 11:59:30', NULL, NULL, NULL, NULL, 1),
(4446, 62, 'ND- Sports Page b/w', 2, 23, '5000.00', 1, 1, '', 1, '2017-10-23 11:59:30', NULL, NULL, NULL, NULL, 1),
(4447, 62, 'ND- Back Before', 2, 17, '4500.00', 1, 1, '', 1, '2017-10-23 11:59:30', NULL, NULL, NULL, NULL, 1),
(4448, 62, 'ND- 2nd Page', 2, 42, '4500.00', 1, 1, '', 1, '2017-10-23 11:59:30', NULL, NULL, NULL, NULL, 1),
(4449, 62, 'ND- Entertainment', 1, 21, '5000.00', 1, 1, '', 1, '2017-10-23 11:59:30', NULL, NULL, NULL, NULL, 1),
(4450, 62, 'ND- Entertainment b/w', 2, 21, '4000.00', 1, 1, '', 1, '2017-10-23 11:59:30', NULL, NULL, NULL, NULL, 1),
(4451, 62, 'ND- Business', 1, 19, '5000.00', 1, 1, '', 1, '2017-10-23 11:59:30', NULL, NULL, NULL, NULL, 1),
(4452, 62, 'ND- Business b/w', 2, 20, '4000.00', 1, 1, '', 1, '2017-10-23 11:59:30', NULL, NULL, NULL, NULL, 1),
(4453, 62, 'ND- 2nd Page', 1, 39, '5000.00', 1, 1, '', 1, '2017-10-23 11:59:30', NULL, NULL, NULL, NULL, 1),
(4454, 62, 'ND- Business Page color', 1, 49, '5000.00', 1, 1, '', 1, '2017-10-23 11:59:30', NULL, NULL, NULL, NULL, 1),
(4455, 62, 'ND- Business Page b/w', 2, 49, '4000.00', 1, 1, '', 1, '2017-10-23 11:59:30', NULL, NULL, NULL, NULL, 1),
(4456, 62, 'ND- Front cover Page', 1, 18, '5000.00', 1, 1, '', 1, '2017-10-23 11:59:30', NULL, NULL, NULL, NULL, 1),
(4457, 62, 'ND- Back cover Page', 1, 46, '5000.00', 1, 1, '', 1, '2017-10-23 11:59:30', NULL, NULL, NULL, NULL, 1),
(4458, 62, 'ND- 1st Page b/w', 2, 15, '12000.00', 1, 1, '', 1, '2017-10-23 11:59:30', NULL, NULL, NULL, NULL, 1),
(4483, 84, 'DK-1st Page', 1, 15, '10000.00', 1, 1, '', 1, '2017-10-24 11:37:20', NULL, NULL, NULL, NULL, 1),
(4484, 84, 'DK- 1st Page b/w', 2, 15, '8000.00', 1, 1, '', 1, '2017-10-24 11:37:20', NULL, NULL, NULL, NULL, 1),
(4485, 84, 'DK- Back Page', 1, 16, '8000.00', 1, 1, '', 1, '2017-10-24 11:37:20', NULL, NULL, NULL, NULL, 1),
(4486, 84, 'DK- Back Page b/w', 2, 16, '7000.00', 1, 1, '', 1, '2017-10-24 11:37:20', NULL, NULL, NULL, NULL, 1),
(4487, 84, 'DK- Inner b/w', 2, 24, '2400.00', 1, 1, '', 1, '2017-10-24 11:37:20', NULL, NULL, NULL, NULL, 1),
(4488, 84, 'DK- 3rd Page color', 1, 40, '2500.00', 1, 1, '', 1, '2017-10-24 11:37:20', NULL, NULL, NULL, NULL, 1),
(4489, 84, 'DK- 3rd Page b/w', 2, 41, '2400.00', 1, 1, '', 1, '2017-10-24 11:37:20', NULL, NULL, NULL, NULL, 1),
(4490, 84, 'DK- Inner color', 1, 24, '2500.00', 1, 1, '', 1, '2017-10-24 11:37:20', NULL, NULL, NULL, NULL, 1),
(4527, 163, 'NT- SPS-Back Page Color', 1, 16, '8000.00', 1, 1, '', 1, '2017-10-29 07:48:01', NULL, NULL, NULL, NULL, 1),
(4528, 163, 'NT- SPS-Inner PageColor', 1, 24, '3500.00', 1, 1, '', 1, '2017-10-29 07:48:01', NULL, NULL, NULL, NULL, 1),
(4529, 164, 'NA-SpS-Inner Color', 1, 24, '3500.00', 1, 1, '', 1, '2017-10-29 07:52:10', NULL, NULL, NULL, NULL, 1),
(4530, 165, 'ND-SpS-Back Page Color', 1, 16, '12500.00', 1, 1, '', 1, '2017-10-29 07:55:18', NULL, NULL, NULL, NULL, 1),
(4531, 165, 'ND-SpS-Inner Page Color', 1, 24, '5000.00', 1, 1, '', 1, '2017-10-29 07:55:18', NULL, NULL, NULL, NULL, 1),
(4532, 72, 'DSU- 1st Page', 1, 15, '9000.00', 1, 1, '', 1, '2017-10-29 08:24:54', NULL, NULL, NULL, NULL, 1),
(4533, 72, 'DSU- Back Page', 1, 16, '8000.00', 1, 1, '', 1, '2017-10-29 08:24:54', NULL, NULL, NULL, NULL, 1),
(4534, 72, 'DSU- 3rd Page', 1, 40, '4500.00', 1, 1, '', 1, '2017-10-29 08:24:54', NULL, NULL, NULL, NULL, 1),
(4535, 72, 'DSU- Inner', 1, 24, '2800.00', 1, 1, '', 1, '2017-10-29 08:24:54', NULL, NULL, NULL, NULL, 1),
(4536, 72, 'DSU- Inner b/w', 2, 24, '2000.00', 1, 1, '', 1, '2017-10-29 08:24:54', NULL, NULL, NULL, NULL, 1),
(4537, 72, 'DSU- 5th Page', 1, 34, '3000.00', 1, 1, '', 1, '2017-10-29 08:24:54', NULL, NULL, NULL, NULL, 1),
(4538, 72, 'DSU- 5th Page b/w', 2, 34, '2000.00', 1, 1, '', 1, '2017-10-29 08:24:54', NULL, NULL, NULL, NULL, 1),
(4539, 72, 'DSU- business color', 1, 49, '2800.00', 1, 1, '', 1, '2017-10-29 08:24:54', NULL, NULL, NULL, NULL, 1),
(4540, 72, 'DSU- business b/w', 2, 49, '2000.00', 1, 1, '', 1, '2017-10-29 08:24:54', NULL, NULL, NULL, NULL, 1),
(4541, 72, 'DSU- business front  color', 1, 19, '2800.00', 1, 1, '', 1, '2017-10-29 08:24:54', NULL, NULL, NULL, NULL, 1),
(4542, 72, 'DSU- business front b/w', 2, 19, '2000.00', 1, 1, '', 1, '2017-10-29 08:24:54', NULL, NULL, NULL, NULL, 1),
(4543, 72, 'DSU- 3rd Page b/w', 2, 41, '2800.00', 1, 1, '', 1, '2017-10-29 08:24:54', NULL, NULL, NULL, NULL, 1),
(4544, 72, 'DSU- Sports color', 1, 23, '2800.00', 1, 1, '', 1, '2017-10-29 08:24:54', NULL, NULL, NULL, NULL, 1),
(4545, 72, 'DSU- Sports b/w', 2, 23, '2000.00', 1, 1, '', 1, '2017-10-29 08:24:54', NULL, NULL, NULL, NULL, 1),
(4546, 72, 'DSU- 2nd Page color', 1, 39, '2800.00', 1, 1, '', 1, '2017-10-29 08:24:54', NULL, NULL, NULL, NULL, 1),
(4547, 72, 'DSU- Entertainment color', 1, 21, '2800.00', 1, 1, '', 1, '2017-10-29 08:24:54', NULL, NULL, NULL, NULL, 1),
(4548, 72, 'DSU- Entertainment b/w', 2, 21, '2000.00', 1, 1, '', 1, '2017-10-29 08:24:54', NULL, NULL, NULL, NULL, 1),
(4549, 72, 'DSU- 1st Jacket', 1, 56, '9000.00', 1, 1, '', 1, '2017-10-29 08:24:54', NULL, NULL, NULL, NULL, 1),
(4550, 72, 'DSU- 2nd Jacket', 1, 57, '2800.00', 1, 1, '', 1, '2017-10-29 08:24:54', NULL, NULL, NULL, NULL, 1),
(4551, 72, 'DSU- 3rd Jacket', 1, 58, '2000.00', 1, 1, '', 1, '2017-10-29 08:24:54', NULL, NULL, NULL, NULL, 1),
(4552, 72, 'DSU- 4th Jacket', 1, 59, '8000.00', 1, 1, '', 1, '2017-10-29 08:24:54', NULL, NULL, NULL, NULL, 1),
(4553, 162, 'DT-SS-Front Cover', 1, 18, '3000.00', 1, 1, '', 1, '2017-10-29 08:37:30', NULL, NULL, NULL, NULL, 1),
(4554, 162, 'DT-SS-Back Cover', 1, 46, '3000.00', 1, 1, '', 1, '2017-10-29 08:37:30', NULL, NULL, NULL, NULL, 1),
(4555, 162, 'DT-SS-Front Inside Cover', 1, 28, '3000.00', 1, 1, '', 1, '2017-10-29 08:37:30', NULL, NULL, NULL, NULL, 1),
(4556, 162, 'DT-SS-Back Inside Cover', 1, 27, '3000.00', 1, 1, '', 1, '2017-10-29 08:37:30', NULL, NULL, NULL, NULL, 1),
(4557, 162, 'DT-SS-Inner', 1, 24, '3000.00', 1, 1, '', 1, '2017-10-29 08:37:30', NULL, NULL, NULL, NULL, 1),
(4563, 45, 'IT-1st Page', 1, 15, '14000.00', 1, 1, '', 1, '2017-10-29 08:54:48', NULL, NULL, NULL, NULL, 1),
(4564, 45, 'IT- Back Page', 1, 16, '12000.00', 1, 1, '', 1, '2017-10-29 08:54:48', NULL, NULL, NULL, NULL, 1),
(4565, 45, 'IT- 3rd Page', 1, 40, '9000.00', 1, 1, '', 1, '2017-10-29 08:54:48', NULL, NULL, NULL, NULL, 1),
(4566, 45, 'IT- Inner Page', 1, 24, '4000.00', 1, 1, '', 1, '2017-10-29 08:54:48', NULL, NULL, NULL, NULL, 1),
(4567, 45, 'IT- Inner Page b/w', 2, 24, '3000.00', 1, 1, '', 1, '2017-10-29 08:54:48', NULL, NULL, NULL, NULL, 1),
(4568, 45, 'IT- 5th Page', 1, 34, '7500.00', 1, 1, '', 1, '2017-10-29 08:54:48', NULL, NULL, NULL, NULL, 1),
(4569, 45, 'IT- 5th Page b/w', 2, 34, '5000.00', 1, 1, '', 1, '2017-10-29 08:54:48', NULL, NULL, NULL, NULL, 1),
(4570, 45, 'IT-Sports Page', 1, 23, '5000.00', 1, 1, '', 1, '2017-10-29 08:54:49', NULL, NULL, NULL, NULL, 1),
(4571, 45, 'IT-Sports Page b/w', 2, 23, '4000.00', 1, 1, '', 1, '2017-10-29 08:54:49', NULL, NULL, NULL, NULL, 1),
(4572, 45, 'IT- 2nd Page', 1, 39, '6500.00', 1, 1, '', 1, '2017-10-29 08:54:49', NULL, NULL, NULL, NULL, 1),
(4573, 45, 'IT- 2nd Page b/w', 2, 42, '5000.00', 1, 1, '', 1, '2017-10-29 08:54:49', NULL, NULL, NULL, NULL, 1),
(4574, 45, 'IT- Back Before', 1, 17, '6000.00', 1, 1, '', 1, '2017-10-29 08:54:49', NULL, NULL, NULL, NULL, 1),
(4575, 45, 'IT- Back Before b/w', 2, 17, '4500.00', 1, 1, '', 1, '2017-10-29 08:54:49', NULL, NULL, NULL, NULL, 1),
(4576, 45, 'IT- Jacket 1st Page', 1, 56, '14000.00', 1, 1, '', 1, '2017-10-29 08:54:49', NULL, NULL, NULL, NULL, 1),
(4577, 45, 'IT- Jacket 2nd Page', 1, 57, '6500.00', 1, 1, '', 1, '2017-10-29 08:54:49', NULL, NULL, NULL, NULL, 1),
(4578, 45, 'IT- Jacket 3rd Page', 1, 58, '6000.00', 1, 1, '', 1, '2017-10-29 08:54:49', NULL, NULL, NULL, NULL, 1),
(4579, 45, 'IT- Jacket 4th Page', 1, 59, '12000.00', 1, 1, '', 1, '2017-10-29 08:54:49', NULL, NULL, NULL, NULL, 1);
INSERT INTO `pricedetails` (`Id`, `PriceId`, `Name`, `Hue`, `PageNoId`, `Price`, `Col`, `Inch`, `Description`, `EntryBy`, `EntryDateTime`, `UpdateBy`, `UpdateTime`, `DeleteBy`, `DeleteDateTime`, `State`) VALUES
(4580, 45, 'IT- En Page color', 1, 21, '4000.00', 1, 1, '', 1, '2017-10-29 08:54:49', NULL, NULL, NULL, NULL, 1),
(4581, 45, 'IT- En Page b/w', 2, 21, '3000.00', 1, 1, '', 1, '2017-10-29 08:54:49', NULL, NULL, NULL, NULL, 1),
(4582, 45, 'IT- business b/w', 2, 49, '3000.00', 1, 1, '', 1, '2017-10-29 08:54:49', NULL, NULL, NULL, NULL, 1),
(4583, 45, 'IT- business color', 1, 49, '4000.00', 1, 1, '', 1, '2017-10-29 08:54:49', NULL, NULL, NULL, NULL, 1),
(4584, 45, 'IT- Back Inside color', 1, 61, '6000.00', 1, 1, '', 1, '2017-10-29 08:54:49', NULL, NULL, NULL, NULL, 1),
(4585, 45, 'IT- Back Inside b/w', 2, 61, '4500.00', 1, 1, '', 1, '2017-10-29 08:54:49', NULL, NULL, NULL, NULL, 1),
(4586, 45, 'IT- 3rd Page B/w', 2, 41, '5000.00', 1, 1, '', 1, '2017-10-29 08:54:49', NULL, NULL, NULL, NULL, 1),
(4587, 45, 'IT- business Front color', 1, 19, '4000.00', 1, 1, '', 1, '2017-10-29 08:54:49', NULL, NULL, NULL, NULL, 1),
(4588, 45, 'IT- business Back b/w', 2, 19, '3000.00', 1, 1, '', 1, '2017-10-29 08:54:49', NULL, NULL, NULL, NULL, 1),
(4589, 77, 'NT- 1st Page', 1, 15, '9500.00', 1, 1, '', 1, '2017-10-29 09:02:31', NULL, NULL, NULL, NULL, 1),
(4590, 77, 'NT- 1st Page b/w', 2, 15, '6000.00', 1, 1, '', 1, '2017-10-29 09:02:31', NULL, NULL, NULL, NULL, 1),
(4591, 77, 'NT- Back Page', 1, 16, '8000.00', 1, 1, '', 1, '2017-10-29 09:02:31', NULL, NULL, NULL, NULL, 1),
(4592, 77, 'NT- Back Page b/w', 2, 16, '5000.00', 1, 1, '', 1, '2017-10-29 09:02:31', NULL, NULL, NULL, NULL, 1),
(4593, 77, 'NT- 3rd Page', 1, 40, '5000.00', 1, 1, '', 1, '2017-10-29 09:02:31', NULL, NULL, NULL, NULL, 1),
(4594, 77, 'NT- 3rd Page b/w', 2, 41, '3000.00', 1, 1, '', 1, '2017-10-29 09:02:31', NULL, NULL, NULL, NULL, 1),
(4595, 77, 'NT- Inner', 1, 24, '3500.00', 1, 1, '', 1, '2017-10-29 09:02:31', NULL, NULL, NULL, NULL, 1),
(4596, 77, 'NT- Inner b/w', 2, 24, '2500.00', 1, 1, '', 1, '2017-10-29 09:02:31', NULL, NULL, NULL, NULL, 1),
(4597, 77, 'NT- 2nd Page b/w', 2, 42, '3000.00', 1, 1, '', 1, '2017-10-29 09:02:31', NULL, NULL, NULL, NULL, 1),
(4598, 77, 'NT- 2nd Page color', 1, 39, '5000.00', 1, 1, '', 1, '2017-10-29 09:02:31', NULL, NULL, NULL, NULL, 1),
(4599, 77, 'NT- Sports color', 1, 23, '3500.00', 1, 1, '', 1, '2017-10-29 09:02:31', NULL, NULL, NULL, NULL, 1),
(4600, 123, 'Back Cover (Multi Color)', 1, 46, '500.00', 1, 1, '', 1, '2017-11-05 03:31:43', NULL, NULL, NULL, NULL, 1),
(4601, 123, '1st Cover (Multi Color)', 1, 18, '500.00', 1, 1, '', 1, '2017-11-05 03:31:43', NULL, NULL, NULL, NULL, 1),
(4602, 123, '2nd Cover (Multi Color)', 1, 47, '500.00', 1, 1, '', 1, '2017-11-05 03:31:43', NULL, NULL, NULL, NULL, 1),
(4603, 123, 'Full Page (Inner Color)', 1, 24, '500.00', 1, 1, '', 1, '2017-11-05 03:31:43', NULL, NULL, NULL, NULL, 1),
(4604, 123, 'DC Back Inside Cover', 1, 27, '500.00', 1, 1, '', 1, '2017-11-05 03:31:43', NULL, NULL, NULL, NULL, 1),
(4605, 123, 'DC Front Inside', 1, 33, '500.00', 1, 1, '', 1, '2017-11-05 03:31:43', NULL, NULL, NULL, NULL, 1),
(4606, 123, 'DC Front Inside Cover', 1, 28, '500.00', 1, 1, '', 1, '2017-11-05 03:31:43', NULL, NULL, NULL, NULL, 1),
(4607, 123, 'DC Inner', 2, 24, '500.00', 1, 1, '', 1, '2017-11-05 03:31:43', NULL, NULL, NULL, NULL, 1),
(4608, 112, 'CB-Inner', 1, 24, '500.00', 1, 1, '', 1, '2017-11-05 03:37:49', NULL, NULL, NULL, NULL, 1),
(4609, 112, 'CB- Front cover', 1, 18, '1000.00', 1, 1, '', 1, '2017-11-05 03:37:49', NULL, NULL, NULL, NULL, 1),
(4610, 112, 'CB- Front Inside', 1, 28, '500.00', 1, 1, '', 1, '2017-11-05 03:37:49', NULL, NULL, NULL, NULL, 1),
(4611, 112, 'CB- Back cover', 1, 46, '500.00', 1, 1, '', 1, '2017-11-05 03:37:49', NULL, NULL, NULL, NULL, 1),
(4612, 112, 'CB- Front Inside cover', 1, 27, '500.00', 1, 1, '', 1, '2017-11-05 03:37:49', NULL, NULL, NULL, NULL, 1),
(4613, 110, 'CJ- Inner', 1, 24, '500.00', 1, 1, '', 1, '2017-11-05 03:42:42', NULL, NULL, NULL, NULL, 1),
(4614, 110, 'CJ- Front Inside Cover', 1, 28, '500.00', 1, 1, '', 1, '2017-11-05 03:42:42', NULL, NULL, NULL, NULL, 1),
(4615, 110, 'CJ- Back Inside Cover', 1, 27, '500.00', 1, 1, '', 1, '2017-11-05 03:42:42', NULL, NULL, NULL, NULL, 1),
(4616, 110, 'CJ- Back Cover', 1, 46, '500.00', 1, 1, '', 1, '2017-11-05 03:42:42', NULL, NULL, NULL, NULL, 1),
(4617, 110, 'CJ- Front Cover', 1, 18, '500.00', 1, 1, '', 1, '2017-11-05 03:42:42', NULL, NULL, NULL, NULL, 1),
(4618, 142, 'TW Inner ', 1, 24, '500.00', 1, 1, '', 1, '2017-11-05 03:48:11', NULL, NULL, NULL, NULL, 1),
(4619, 142, 'Tw back cover', 1, 46, '500.00', 1, 1, '', 1, '2017-11-05 03:48:11', NULL, NULL, NULL, NULL, 1),
(4620, 142, 'Tw back Folding page', 1, 31, '500.00', 1, 1, '', 1, '2017-11-05 03:48:11', NULL, NULL, NULL, NULL, 1),
(4621, 142, 'Tw front inside over', 1, 28, '500.00', 1, 1, '', 1, '2017-11-05 03:48:11', NULL, NULL, NULL, NULL, 1),
(4622, 142, 'Tw back Inside  cover', 1, 27, '500.00', 1, 1, '', 1, '2017-11-05 03:48:11', NULL, NULL, NULL, NULL, 1),
(4623, 142, 'Tw Front Folding cover', 1, 43, '500.00', 1, 1, '', 1, '2017-11-05 03:48:12', NULL, NULL, NULL, NULL, 1),
(4624, 166, 'SP-Inner', 1, 24, '5000.00', 1, 1, '', 1, '2017-11-05 04:01:04', NULL, NULL, NULL, NULL, 1),
(4625, 161, 'DSU-SS-Inner', 1, 24, '2800.00', 1, 1, '', 1, '2017-11-05 04:11:05', NULL, NULL, NULL, NULL, 1),
(4626, 161, 'DSU-SS-Front Cover', 1, 18, '2800.00', 1, 1, '', 1, '2017-11-05 04:11:05', NULL, NULL, NULL, NULL, 1),
(4627, 161, 'DSU-SS-Back Cover', 1, 46, '2800.00', 1, 1, '', 1, '2017-11-05 04:11:05', NULL, NULL, NULL, NULL, 1),
(4628, 161, 'DSU-SS-Back Inside Cover', 1, 27, '2800.00', 1, 1, '', 1, '2017-11-05 04:11:05', NULL, NULL, NULL, NULL, 1),
(4629, 161, 'DSU-SS-Back Page', 1, 16, '2800.00', 1, 1, '', 1, '2017-11-05 04:11:05', NULL, NULL, NULL, NULL, 1),
(4630, 161, 'DSU-SS-First Page', 1, 15, '2800.00', 1, 1, '', 1, '2017-11-05 04:11:05', NULL, NULL, NULL, NULL, 1),
(4631, 157, 'SS-FC', 1, 18, '6500.00', 1, 1, '', 1, '2017-11-05 06:52:00', NULL, NULL, NULL, NULL, 1),
(4632, 157, 'SS-BC', 1, 46, '6000.00', 1, 1, '', 1, '2017-11-05 06:52:00', NULL, NULL, NULL, NULL, 1),
(4633, 157, 'SS-FIC', 1, 28, '5500.00', 1, 1, '', 1, '2017-11-05 06:52:00', NULL, NULL, NULL, NULL, 1),
(4634, 157, 'SS-BIC', 1, 27, '5000.00', 1, 1, '', 1, '2017-11-05 06:52:00', NULL, NULL, NULL, NULL, 1),
(4635, 157, 'SS-I', 1, 24, '4000.00', 1, 1, '', 1, '2017-11-05 06:52:00', NULL, NULL, NULL, NULL, 1),
(4636, 157, 'SS-Back Page', 1, 16, '6000.00', 1, 1, '', 1, '2017-11-05 06:52:00', NULL, NULL, NULL, NULL, 1),
(4637, 121, 'Sangbad FP', 1, 15, '10000.00', 1, 1, '', 1, '2017-11-28 10:07:00', NULL, NULL, NULL, NULL, 1),
(4638, 121, 'SangbadBP', 1, 16, '8000.00', 1, 1, '', 1, '2017-11-28 10:07:01', NULL, NULL, NULL, NULL, 1),
(4639, 121, 'Sangbad 3rd color', 1, 40, '5000.00', 1, 1, '', 1, '2017-11-28 10:07:01', NULL, NULL, NULL, NULL, 1),
(4640, 121, 'Sangbad 3rd B/W', 2, 41, '4000.00', 1, 1, '', 1, '2017-11-28 10:07:01', NULL, NULL, NULL, NULL, 1),
(4641, 121, 'Sangbad Inner color', 1, 24, '3500.00', 1, 1, '', 1, '2017-11-28 10:07:01', NULL, NULL, NULL, NULL, 1),
(4642, 121, 'Sangbad inner B/w', 2, 24, '2800.00', 1, 1, '', 1, '2017-11-28 10:07:01', NULL, NULL, NULL, NULL, 1),
(4643, 121, 'Sangbad 5th color', 1, 34, '5500.00', 1, 1, '', 1, '2017-11-28 10:07:01', NULL, NULL, NULL, NULL, 1),
(4644, 121, 'Sangbad 5th B/w', 2, 34, '4000.00', 1, 1, '', 1, '2017-11-28 10:07:01', NULL, NULL, NULL, NULL, 1),
(4645, 121, 'Sangbad SP', 1, 23, '3500.00', 1, 1, '', 1, '2017-11-28 10:07:01', NULL, NULL, NULL, NULL, 1),
(4646, 121, 'Sangbad 2nd', 2, 42, '3000.00', 1, 1, '', 1, '2017-11-28 10:07:01', NULL, NULL, NULL, NULL, 1),
(4647, 121, 'Back before', 2, 17, '3000.00', 1, 1, '', 1, '2017-11-28 10:07:01', NULL, NULL, NULL, NULL, 1),
(4648, 121, 'Sangbad business color', 1, 49, '3500.00', 1, 1, '', 1, '2017-11-28 10:07:01', NULL, NULL, NULL, NULL, 1),
(4649, 121, 'Sangbad business b/w', 2, 49, '2800.00', 1, 1, '', 1, '2017-11-28 10:07:01', NULL, NULL, NULL, NULL, 1),
(4650, 121, 'Sangbad back Inside b/w', 2, 61, '2800.00', 1, 1, '', 1, '2017-11-28 10:07:01', NULL, NULL, NULL, NULL, 1),
(4651, 121, 'Sangbad back page b/w', 2, 16, '7000.00', 1, 1, '', 1, '2017-11-28 10:07:01', NULL, NULL, NULL, NULL, 1),
(4652, 81, 'AB- 1st Page color', 1, 15, '12000.00', 1, 1, '', 1, '2017-11-28 10:13:13', NULL, NULL, NULL, NULL, 1),
(4653, 81, 'AB- Back Page color', 1, 16, '10000.00', 1, 1, '', 1, '2017-11-28 10:13:13', NULL, NULL, NULL, NULL, 1),
(4654, 81, 'AB- 3rd Page color', 1, 40, '7500.00', 1, 1, '', 1, '2017-11-28 10:13:13', NULL, NULL, NULL, NULL, 1),
(4655, 81, 'AB- 3rd Page b/w', 2, 41, '6000.00', 1, 1, '', 1, '2017-11-28 10:13:13', NULL, NULL, NULL, NULL, 1),
(4656, 81, 'AB- Inner Page color', 1, 24, '3500.00', 1, 1, '', 1, '2017-11-28 10:13:13', NULL, NULL, NULL, NULL, 1),
(4657, 81, 'AB- Inner Page b/w', 2, 24, '2500.00', 1, 1, '', 1, '2017-11-28 10:13:13', NULL, NULL, NULL, NULL, 1),
(4658, 81, 'AB- 5th Page color', 1, 34, '5500.00', 1, 1, '', 1, '2017-11-28 10:13:13', NULL, NULL, NULL, NULL, 1),
(4659, 81, 'AB- 5th Page b/w', 2, 34, '4000.00', 1, 1, '', 1, '2017-11-28 10:13:13', NULL, NULL, NULL, NULL, 1),
(4660, 81, 'AB- Sports Page color', 1, 23, '4000.00', 1, 1, '', 1, '2017-11-28 10:13:13', NULL, NULL, NULL, NULL, 1),
(4661, 81, 'AB- Sports Page b/w', 2, 23, '3500.00', 1, 1, '', 1, '2017-11-28 10:13:13', NULL, NULL, NULL, NULL, 1),
(4662, 81, 'AN- 2nd Page color', 1, 39, '4000.00', 1, 1, '', 1, '2017-11-28 10:13:13', NULL, NULL, NULL, NULL, 1),
(4663, 81, 'AB- Business Front Page', 1, 19, '3500.00', 1, 1, '', 1, '2017-11-28 10:13:13', NULL, NULL, NULL, NULL, 1),
(4664, 81, 'AB- Business  Front  Page b/w', 2, 19, '2500.00', 1, 1, '', 1, '2017-11-28 10:13:13', NULL, NULL, NULL, NULL, 1),
(4665, 81, 'AB- Business Page Color', 1, 49, '3500.00', 1, 1, '', 1, '2017-11-28 10:13:13', NULL, NULL, NULL, NULL, 1),
(4666, 81, 'AB- Business Page b/w', 2, 49, '2500.00', 1, 1, '', 1, '2017-11-28 10:13:13', NULL, NULL, NULL, NULL, 1),
(4667, 81, 'AB- 1st Page b/w', 2, 15, '10000.00', 1, 1, '', 1, '2017-11-28 10:13:13', NULL, NULL, NULL, NULL, 1),
(4668, 81, 'AB- Back Page b/w', 2, 16, '8000.00', 1, 1, '', 1, '2017-11-28 10:13:13', NULL, NULL, NULL, NULL, 1),
(4669, 81, 'AN- 2nd Page b/w', 2, 42, '3500.00', 1, 1, '', 1, '2017-11-28 10:13:13', NULL, NULL, NULL, NULL, 1),
(4670, 81, 'AN- EntPage b/w', 2, 21, '2500.00', 1, 1, '', 1, '2017-11-28 10:13:13', NULL, NULL, NULL, NULL, 1),
(4671, 53, 'JK- 1st Page', 1, 15, '14000.00', 1, 1, '', 1, '2017-11-28 10:20:41', NULL, NULL, NULL, NULL, 1),
(4672, 53, 'JK- 2nd Page', 2, 42, '5000.00', 1, 1, '', 1, '2017-11-28 10:20:41', NULL, NULL, NULL, NULL, 1),
(4673, 53, 'JK- 3rd Page', 1, 40, '9000.00', 1, 1, '', 1, '2017-11-28 10:20:41', NULL, NULL, NULL, NULL, 1),
(4674, 53, 'JK- 3rd Page b/w', 2, 41, '7000.00', 1, 1, '', 1, '2017-11-28 10:20:41', NULL, NULL, NULL, NULL, 1),
(4675, 53, 'JK- Back Page', 1, 16, '12000.00', 1, 1, '', 1, '2017-11-28 10:20:41', NULL, NULL, NULL, NULL, 1),
(4676, 53, 'JK- Inner Page', 1, 24, '4000.00', 1, 1, '', 1, '2017-11-28 10:20:41', NULL, NULL, NULL, NULL, 1),
(4677, 53, 'JK- Inner Page b/w', 2, 24, '3000.00', 1, 1, '', 1, '2017-11-28 10:20:41', NULL, NULL, NULL, NULL, 1),
(4678, 53, 'JK- 5th Page', 1, 34, '7500.00', 1, 1, '', 1, '2017-11-28 10:20:41', NULL, NULL, NULL, NULL, 1),
(4679, 53, 'JK- 5th Page b/w', 2, 34, '5000.00', 1, 1, '', 1, '2017-11-28 10:20:41', NULL, NULL, NULL, NULL, 1),
(4680, 53, 'JK- Sports Page', 1, 23, '5500.00', 1, 1, '', 1, '2017-11-28 10:20:41', NULL, NULL, NULL, NULL, 1),
(4681, 53, 'JK- Sports Page b/w', 2, 23, '4000.00', 1, 1, '', 1, '2017-11-28 10:20:41', NULL, NULL, NULL, NULL, 1),
(4682, 53, 'JK- Back Before Page', 2, 17, '4500.00', 1, 1, '', 1, '2017-11-28 10:20:41', NULL, NULL, NULL, NULL, 1),
(4683, 53, 'JK- Entertainment Page', 1, 21, '4000.00', 1, 1, '', 1, '2017-11-28 10:20:41', NULL, NULL, NULL, NULL, 1),
(4684, 53, 'JK- Entertainment Page b/w', 2, 21, '3000.00', 1, 1, '', 1, '2017-11-28 10:20:41', NULL, NULL, NULL, NULL, 1),
(4685, 53, 'JK- Business Page b/w', 2, 49, '3000.00', 1, 1, '', 1, '2017-11-28 10:20:41', NULL, NULL, NULL, NULL, 1),
(4686, 53, 'JK- Business Page color', 1, 49, '4000.00', 1, 1, '', 1, '2017-11-28 10:20:41', NULL, NULL, NULL, NULL, 1),
(4687, 53, 'JK- Business Front color', 1, 19, '4000.00', 1, 1, '', 1, '2017-11-28 10:20:41', NULL, NULL, NULL, NULL, 1),
(4688, 53, 'JK- Business Front b/w', 2, 19, '3000.00', 1, 1, '', 1, '2017-11-28 10:20:41', NULL, NULL, NULL, NULL, 1),
(4689, 53, 'JK- Back Page b/w', 2, 16, '9000.00', 1, 1, '', 1, '2017-11-28 10:20:41', NULL, NULL, NULL, NULL, 1),
(4690, 70, 'NA- 1st Page', 1, 15, '10000.00', 1, 1, '', 1, '2017-11-28 10:22:55', NULL, NULL, NULL, NULL, 1),
(4691, 70, 'NA- 1st Page b/w', 2, 15, '7000.00', 1, 1, '', 1, '2017-11-28 10:22:55', NULL, NULL, NULL, NULL, 1),
(4692, 70, 'NA- Back Page', 1, 16, '8000.00', 1, 1, '', 1, '2017-11-28 10:22:55', NULL, NULL, NULL, NULL, 1),
(4693, 70, 'NA- Back Page b/w', 2, 16, '5500.00', 1, 1, '', 1, '2017-11-28 10:22:55', NULL, NULL, NULL, NULL, 1),
(4694, 70, 'NA- 3rd Page', 1, 40, '5500.00', 1, 1, '', 1, '2017-11-28 10:22:55', NULL, NULL, NULL, NULL, 1),
(4695, 70, 'NA- 3rd Page b/w', 2, 41, '3500.00', 1, 1, '', 1, '2017-11-28 10:22:55', NULL, NULL, NULL, NULL, 1),
(4696, 70, 'NA-Inner', 1, 24, '3500.00', 1, 1, '', 1, '2017-11-28 10:22:55', NULL, NULL, NULL, NULL, 1),
(4697, 70, 'NA-Inner b/w', 2, 24, '2500.00', 1, 1, '', 1, '2017-11-28 10:22:55', NULL, NULL, NULL, NULL, 1),
(4698, 70, 'NA-Business-color', 1, 49, '3500.00', 1, 1, '', 1, '2017-11-28 10:22:55', NULL, NULL, NULL, NULL, 1),
(4699, 70, 'NA-Business b/w', 2, 49, '2500.00', 1, 1, '', 1, '2017-11-28 10:22:55', NULL, NULL, NULL, NULL, 1),
(4700, 70, 'NA- 2nd Page color', 1, 40, '6500.00', 1, 1, '', 1, '2017-11-28 10:22:56', NULL, NULL, NULL, NULL, 1),
(4701, 70, 'NA- 2nd Page b/w', 2, 42, '6000.00', 1, 1, '', 1, '2017-11-28 10:22:56', NULL, NULL, NULL, NULL, 1),
(4702, 70, 'NA-Business-front-color', 1, 19, '3500.00', 1, 1, '', 1, '2017-11-28 10:22:56', NULL, NULL, NULL, NULL, 1),
(4703, 70, 'NA-Business-front-b/w', 2, 19, '2500.00', 1, 1, '', 1, '2017-11-28 10:22:56', NULL, NULL, NULL, NULL, 1),
(4704, 70, 'NA-Entertainment color', 1, 21, '3500.00', 1, 1, '', 1, '2017-11-28 10:22:56', NULL, NULL, NULL, NULL, 1),
(4705, 70, 'NA-Sports', 1, 23, '3500.00', 1, 1, '', 1, '2017-11-28 10:22:56', NULL, NULL, NULL, NULL, 1),
(4706, 70, 'NA-Ent-b/w', 2, 21, '3500.00', 1, 1, '', 1, '2017-11-28 10:22:56', NULL, NULL, NULL, NULL, 1);

-- --------------------------------------------------------

--
-- Table structure for table `product`
--

CREATE TABLE `product` (
  `Id` int(11) NOT NULL,
  `Name` varchar(50) COLLATE utf8_unicode_ci DEFAULT NULL,
  `Description` text COLLATE utf8_unicode_ci,
  `EntryBy` int(11) DEFAULT NULL,
  `EntryDateTime` datetime DEFAULT NULL,
  `UpdateBy` int(11) DEFAULT NULL,
  `UpdateTime` datetime DEFAULT NULL,
  `DeleteBy` int(11) DEFAULT NULL,
  `DeleteDateTime` datetime DEFAULT NULL,
  `State` tinyint(3) DEFAULT '1'
) ENGINE=InnoDB DEFAULT CHARSET=utf8 COLLATE=utf8_unicode_ci;

--
-- Dumping data for table `product`
--

INSERT INTO `product` (`Id`, `Name`, `Description`, `EntryBy`, `EntryDateTime`, `UpdateBy`, `UpdateTime`, `DeleteBy`, `DeleteDateTime`, `State`) VALUES
(79, 'Telecommunication', 'Telecommunication', 1, '2016-11-09 07:18:11', 1, '2017-08-09 11:20:01', NULL, NULL, 1),
(80, 'Mobile Phone & Accessories', 'Mobile Phone & Accessories', 1, '2016-11-09 07:19:45', NULL, NULL, NULL, NULL, 1),
(81, 'Foods', 'Foods', 1, '2016-11-09 07:21:09', 1, '2017-04-04 08:32:57', NULL, NULL, 1),
(83, 'Frozen Food', 'Frozen Food', 1, '2016-11-09 07:22:17', NULL, NULL, NULL, NULL, 1),
(84, 'Beverage', 'Beverage', 1, '2016-11-09 07:22:39', NULL, NULL, NULL, NULL, 1),
(85, 'Cosmetics & Toiletries', 'Cosmetics & Toiletries', 1, '2016-11-09 07:23:19', NULL, NULL, NULL, NULL, 1),
(86, 'Consumer Product', 'Consumer Product', 1, '2016-11-09 07:23:42', NULL, NULL, NULL, NULL, 1),
(87, 'Insect Killer', 'Insect Killer', 1, '2016-11-09 07:24:05', NULL, NULL, NULL, NULL, 1),
(88, 'Education', 'Education', 1, '2016-11-09 07:24:23', NULL, NULL, NULL, NULL, 1),
(89, 'Fashion & Lifestyle', 'Fashion & Lifestyle', 1, '2016-11-09 07:24:54', NULL, NULL, NULL, NULL, 1),
(90, 'Home Appliance', 'Home Appliance', 1, '2016-11-09 07:25:48', NULL, NULL, NULL, NULL, 1),
(91, 'Housing & Real estate', 'Housing & Real estate', 1, '2016-11-09 07:26:25', NULL, NULL, NULL, NULL, 1),
(92, 'Media & Publication', 'Media & Publication', 1, '2016-11-09 07:27:13', NULL, NULL, NULL, NULL, 1),
(93, 'Construction Materials', 'Construction Materials', 1, '2016-11-09 07:27:44', NULL, NULL, NULL, NULL, 1),
(94, 'Shopping Mall', 'Shopping Mall', 1, '2016-11-09 07:28:04', NULL, NULL, NULL, NULL, 1),
(95, 'Electric & Electronics', 'Electric & Electronics', 1, '2016-11-09 07:28:38', NULL, NULL, NULL, NULL, 1),
(96, 'Hotel & Tourism', 'Hotel & Tourism', 1, '2016-11-09 07:29:41', NULL, NULL, NULL, NULL, 1),
(97, 'Transport & Communication', 'Transport & Communication', 1, '2016-11-09 07:30:03', NULL, NULL, NULL, NULL, 1),
(98, 'Vehicle Accessories', 'Vehicle Accessories', 1, '2016-11-09 07:31:28', NULL, NULL, NULL, NULL, 1),
(99, 'Banking Services', 'Banking Services', 1, '2016-11-09 07:31:55', NULL, NULL, NULL, NULL, 1),
(100, 'Leisure & Entertainment', 'Leisure & Entertainment', 1, '2016-11-09 07:32:29', NULL, NULL, NULL, NULL, 1),
(101, 'Health & Hospital', 'Health & Hospital', 1, '2016-11-09 07:32:57', NULL, NULL, NULL, NULL, 1),
(102, 'Medicine & Pharmaceuticals', 'Medicine & Pharmaceuticals', 1, '2016-11-09 07:33:30', NULL, NULL, NULL, NULL, 1),
(103, 'Events', 'Events', 1, '2016-11-09 07:34:09', NULL, NULL, NULL, NULL, 1),
(104, 'Miscellaneous', 'Miscellaneous', 1, '2016-11-09 07:34:45', NULL, NULL, NULL, NULL, 1),
(105, 'Antiseptic', 'Antiseptic', 1, '2016-11-09 09:01:14', NULL, NULL, NULL, NULL, 1),
(106, 'Fabric Care', 'Fabric Care', 1, '2016-11-09 09:01:29', 1, '2016-11-09 10:38:52', NULL, NULL, 1),
(107, 'Kitchen Care', 'Kitchen Care', 1, '2016-11-09 09:01:51', NULL, NULL, NULL, NULL, 1),
(108, 'Plastic Products', 'Plastic Products', 1, '2016-11-09 10:37:57', 1, '2016-11-09 10:38:31', NULL, NULL, 1),
(109, 'Surface Cleaner', 'Surface Cleaner', 1, '2016-11-09 10:41:23', NULL, NULL, NULL, NULL, 1),
(110, 'Agro Product', '', 1, '2016-11-22 06:51:43', NULL, NULL, NULL, NULL, 1),
(111, 'Business & Economy', '', 1, '2017-04-12 10:15:51', NULL, NULL, NULL, NULL, 1),
(112, 'IT', '', 1, '2017-05-23 08:16:09', NULL, NULL, NULL, NULL, 1),
(113, 'Equipment & Solution', '', 1, '2017-07-17 08:08:48', NULL, NULL, NULL, NULL, 1),
(114, 'Decorative Paints', '', 1, '2017-11-05 08:14:10', 1, '2017-11-05 08:20:32', NULL, NULL, 1),
(116, 'General', '', 1, '2017-12-13 10:45:47', NULL, NULL, NULL, NULL, 1);

-- --------------------------------------------------------

--
-- Table structure for table `product_cat`
--

CREATE TABLE `product_cat` (
  `Id` int(11) NOT NULL,
  `ProductId` int(11) DEFAULT NULL,
  `Name` varchar(50) COLLATE utf8_unicode_ci DEFAULT NULL,
  `Description` text COLLATE utf8_unicode_ci,
  `EntryBy` int(11) DEFAULT NULL,
  `EntryDateTime` datetime DEFAULT NULL,
  `UpdateBy` int(11) DEFAULT NULL,
  `UpdateTime` datetime DEFAULT NULL,
  `DeleteBy` int(11) DEFAULT NULL,
  `DeleteDateTime` datetime DEFAULT NULL,
  `State` tinyint(3) DEFAULT '1'
) ENGINE=InnoDB DEFAULT CHARSET=utf8 COLLATE=utf8_unicode_ci;

--
-- Dumping data for table `product_cat`
--

INSERT INTO `product_cat` (`Id`, `ProductId`, `Name`, `Description`, `EntryBy`, `EntryDateTime`, `UpdateBy`, `UpdateTime`, `DeleteBy`, `DeleteDateTime`, `State`) VALUES
(64, 79, 'Mobile Phone Operator', '', 1, '2016-11-09 07:41:32', 1, '2016-11-09 09:02:53', NULL, NULL, 1),
(65, 79, 'Land Phone Operator', '', 1, '2016-11-09 07:49:00', 1, '2016-11-09 09:03:03', NULL, NULL, 1),
(66, 80, 'Battery', '', 1, '2016-11-09 07:49:22', 1, '2016-11-09 09:03:13', NULL, NULL, 1),
(67, 80, 'Charger', '', 1, '2016-11-09 07:50:07', 1, '2016-11-09 09:03:22', NULL, NULL, 1),
(68, 80, 'Handset', '', 1, '2016-11-09 07:50:40', 1, '2016-11-09 09:03:36', NULL, NULL, 1),
(69, 80, 'Phone Card', '', 1, '2016-11-09 07:53:53', NULL, NULL, NULL, NULL, 1),
(70, 80, 'Telephone Set', '', 1, '2016-11-09 07:54:21', NULL, NULL, NULL, NULL, 1),
(71, 80, 'Ring Tone', '', 1, '2016-11-09 07:54:38', NULL, NULL, NULL, NULL, 1),
(72, 84, 'Energy Drinks', '', 1, '2016-11-09 07:56:04', NULL, NULL, NULL, NULL, 1),
(73, 84, 'Juice', '', 1, '2016-11-09 07:59:11', NULL, NULL, NULL, NULL, 1),
(74, 84, 'Drinking Water', '', 1, '2016-11-09 07:59:28', NULL, NULL, NULL, NULL, 1),
(75, 84, 'Powder Juice', '', 1, '2016-11-09 07:59:41', NULL, NULL, NULL, NULL, 1),
(76, 84, 'Powder Soft Drink', '', 1, '2016-11-09 08:00:06', NULL, NULL, NULL, NULL, 1),
(77, 84, 'Soft Drinks', '', 1, '2016-11-09 08:01:08', 1, '2016-11-09 08:01:28', NULL, NULL, 1),
(81, 85, 'Baby Powder', '', 1, '2016-11-09 08:28:17', NULL, NULL, NULL, NULL, 1),
(85, 85, 'Body Lotion', '', 1, '2016-11-09 08:31:02', NULL, NULL, NULL, NULL, 1),
(86, 85, 'Cream', '', 1, '2016-11-09 08:31:16', NULL, NULL, NULL, NULL, 1),
(87, 85, 'Fairness Cream', '', 1, '2016-11-09 08:31:34', NULL, NULL, NULL, NULL, 1),
(88, 85, 'Deodorent', '', 1, '2016-11-09 08:31:46', NULL, NULL, NULL, NULL, 1),
(90, 85, 'Facewash', '', 1, '2016-11-09 08:32:15', 1, '2017-09-11 11:52:48', NULL, NULL, 1),
(91, 85, 'Glycerin', '', 1, '2016-11-09 08:33:26', NULL, NULL, NULL, NULL, 1),
(92, 85, 'Hair Color', '', 1, '2016-11-09 08:33:45', NULL, NULL, NULL, NULL, 1),
(93, 85, 'Hair Gel', '', 1, '2016-11-09 08:33:56', NULL, NULL, NULL, NULL, 1),
(94, 85, 'Hair Oil', '', 1, '2016-11-09 08:34:06', NULL, NULL, NULL, NULL, 1),
(95, 85, 'Hair Removal Cream', '', 1, '2016-11-09 08:34:29', NULL, NULL, NULL, NULL, 1),
(96, 85, 'Lipgel', '', 1, '2016-11-09 08:34:45', 1, '2017-08-30 10:39:58', NULL, NULL, 1),
(97, 85, 'Lipstick', '', 1, '2016-11-09 08:34:55', NULL, NULL, NULL, NULL, 1),
(98, 85, 'Mehedi', '', 1, '2016-11-09 08:35:10', NULL, NULL, NULL, NULL, 1),
(99, 85, 'Nail Polish', '', 1, '2016-11-09 08:35:48', NULL, NULL, NULL, NULL, 1),
(100, 85, 'Nail Polish Remover', '', 1, '2016-11-09 08:36:08', NULL, NULL, NULL, NULL, 1),
(101, 85, 'Olive Oil', '', 1, '2016-11-09 08:36:29', NULL, NULL, NULL, NULL, 1),
(102, 85, 'Perfume', '', 1, '2016-11-09 08:36:39', NULL, NULL, NULL, NULL, 1),
(104, 85, 'Razor', '', 1, '2016-11-09 08:37:26', NULL, NULL, NULL, NULL, 1),
(105, 85, 'Napkin', '', 1, '2016-11-09 08:39:46', 1, '2017-06-13 07:33:55', NULL, NULL, 1),
(106, 85, 'Shampoo', '', 1, '2016-11-09 08:40:09', NULL, NULL, NULL, NULL, 1),
(107, 85, 'Shaving Cream', '', 1, '2016-11-09 08:40:37', NULL, NULL, NULL, NULL, 1),
(108, 85, 'Toothbrush', '', 1, '2016-11-09 08:41:21', NULL, NULL, NULL, NULL, 1),
(109, 85, 'Tooth Powder', '', 1, '2016-11-09 08:41:36', NULL, NULL, NULL, NULL, 1),
(110, 85, 'Uptan', '', 1, '2016-11-09 08:42:00', NULL, NULL, NULL, NULL, 1),
(111, 85, 'Toothpaste', '', 1, '2016-11-09 08:42:12', NULL, NULL, NULL, NULL, 1),
(112, 85, 'Petrolium Jelly', '', 1, '2016-11-09 08:42:39', NULL, NULL, NULL, NULL, 1),
(113, 83, 'Nuggets', '', 1, '2016-11-09 09:16:48', NULL, NULL, NULL, NULL, 1),
(114, 83, 'Nuts Fry', '', 1, '2016-11-09 09:17:04', NULL, NULL, NULL, NULL, 1),
(115, 83, 'Hot Dog', '', 1, '2016-11-09 09:19:01', NULL, NULL, NULL, NULL, 1),
(116, 81, 'Biscuit', '', 1, '2016-11-09 09:20:06', NULL, NULL, NULL, NULL, 1),
(117, 81, 'Bubble Gum', '', 1, '2016-11-09 09:20:22', NULL, NULL, NULL, NULL, 1),
(118, 81, 'Candy', '', 1, '2016-11-09 09:37:19', NULL, NULL, NULL, NULL, 1),
(119, 81, 'Chanachur', '', 1, '2016-11-09 09:37:29', NULL, NULL, NULL, NULL, 1),
(120, 81, 'Chips', '', 1, '2016-11-09 09:37:39', NULL, NULL, NULL, NULL, 1),
(121, 81, 'Chocolate', '', 1, '2016-11-09 09:37:49', NULL, NULL, NULL, NULL, 1),
(122, 81, 'Coffee', '', 1, '2016-11-09 09:38:02', NULL, NULL, NULL, NULL, 1),
(123, 81, 'Condensed Milk', '', 1, '2016-11-09 09:38:29', NULL, NULL, NULL, NULL, 1),
(124, 81, 'Dal Bhaja', '', 1, '2016-11-09 09:38:45', NULL, NULL, NULL, NULL, 1),
(126, 81, 'Flour', '', 1, '2016-11-09 09:39:37', NULL, NULL, NULL, NULL, 1),
(127, 81, 'Ghee', '', 1, '2016-11-09 09:40:09', NULL, NULL, NULL, NULL, 1),
(128, 81, 'Halim Mix', '', 1, '2016-11-09 09:40:22', NULL, NULL, NULL, NULL, 1),
(129, 81, 'Honey', '', 1, '2016-11-09 09:40:37', NULL, NULL, NULL, NULL, 1),
(131, 81, 'Ice cream', '', 1, '2016-11-09 09:40:59', 1, '2017-10-30 09:48:41', NULL, NULL, 1),
(132, 81, 'Jelly', '', 1, '2016-11-09 09:41:12', NULL, NULL, NULL, NULL, 1),
(133, 81, 'Ketchup', '', 1, '2016-11-09 09:41:25', NULL, NULL, NULL, NULL, 1),
(134, 81, 'Khir Mix', '', 1, '2016-11-09 09:41:35', NULL, NULL, NULL, NULL, 1),
(135, 81, 'Mango Bar', '', 1, '2016-11-09 09:41:57', NULL, NULL, NULL, NULL, 1),
(136, 81, 'Milk', '', 1, '2016-11-09 09:42:16', NULL, NULL, NULL, NULL, 1),
(137, 81, 'Milk Powder', '', 1, '2016-11-09 09:42:26', NULL, NULL, NULL, NULL, 1),
(138, 81, 'Noodles', '', 1, '2016-11-09 09:42:35', NULL, NULL, NULL, NULL, 1),
(139, 81, 'Achar', '', 1, '2016-11-09 09:42:58', 1, '2017-07-20 12:16:37', NULL, NULL, 1),
(140, 81, 'Rice', '', 1, '2016-11-09 09:43:32', NULL, NULL, NULL, NULL, 1),
(141, 81, 'Salt', '', 1, '2016-11-09 09:43:40', NULL, NULL, NULL, NULL, 1),
(142, 81, 'Semai', '', 1, '2016-11-09 09:43:47', NULL, NULL, NULL, NULL, 1),
(143, 81, 'Soup', '', 1, '2016-11-09 09:43:53', NULL, NULL, NULL, NULL, 1),
(144, 81, 'Spice', '', 1, '2016-11-09 09:43:59', 1, '2017-05-08 11:02:22', NULL, NULL, 1),
(145, 81, 'Sweets', '', 1, '2016-11-09 09:44:07', NULL, NULL, NULL, NULL, 1),
(146, 81, 'Tea', '', 1, '2016-11-09 09:44:16', NULL, NULL, NULL, NULL, 1),
(147, 81, 'Zarda', '', 1, '2016-11-09 09:44:26', NULL, NULL, NULL, NULL, 1),
(148, 81, 'Suji', '', 1, '2016-11-09 09:44:36', NULL, NULL, NULL, NULL, 1),
(149, 86, 'Glue', '', 1, '2016-11-09 09:46:05', NULL, NULL, NULL, NULL, 1),
(151, 86, 'Match', '', 1, '2016-11-09 09:46:29', NULL, NULL, NULL, NULL, 1),
(152, 86, 'Melamine Products', '', 1, '2016-11-09 09:46:44', NULL, NULL, NULL, NULL, 1),
(153, 86, 'Nipple', '', 1, '2016-11-09 09:46:55', NULL, NULL, NULL, NULL, 1),
(154, 86, 'Tissue', '', 1, '2016-11-09 09:47:06', NULL, NULL, NULL, NULL, 1),
(155, 86, 'Condom', '', 1, '2016-11-09 09:47:53', NULL, NULL, NULL, NULL, 1),
(156, 87, 'Aerosol', '', 1, '2016-11-09 09:48:17', NULL, NULL, NULL, NULL, 1),
(157, 87, 'Coil', '', 1, '2016-11-09 09:48:25', NULL, NULL, NULL, NULL, 1),
(158, 88, 'Book', '', 1, '2016-11-09 09:48:34', NULL, NULL, NULL, NULL, 1),
(159, 88, 'Collage', '', 1, '2016-11-09 09:50:15', 1, '2017-06-21 11:06:29', NULL, NULL, 1),
(160, 88, 'Consultant', '', 1, '2016-11-09 09:50:30', NULL, NULL, NULL, NULL, 1),
(161, 88, 'Library', '', 1, '2016-11-09 09:50:46', NULL, NULL, NULL, NULL, 1),
(162, 88, 'Pen', '', 1, '2016-11-09 09:50:55', NULL, NULL, NULL, NULL, 1),
(163, 88, 'Pencil', '', 1, '2016-11-09 09:51:07', NULL, NULL, NULL, NULL, 1),
(164, 88, 'School', '', 1, '2016-11-09 09:51:21', NULL, NULL, NULL, NULL, 1),
(165, 88, 'Stationary', '', 1, '2016-11-09 09:51:35', NULL, NULL, NULL, NULL, 1),
(166, 88, 'University', '', 1, '2016-11-09 09:51:47', NULL, NULL, NULL, NULL, 1),
(167, 89, 'Clothings', '', 1, '2016-11-09 09:56:46', NULL, NULL, NULL, NULL, 1),
(168, 89, 'Fabrics', '', 1, '2016-11-09 09:59:50', NULL, NULL, NULL, NULL, 1),
(170, 89, 'Sharee', '', 1, '2016-11-09 10:00:22', NULL, NULL, NULL, NULL, 1),
(171, 89, 'Textile', '', 1, '2016-11-09 10:00:34', NULL, NULL, NULL, NULL, 1),
(172, 89, 'Watch', '', 1, '2016-11-09 10:00:45', NULL, NULL, NULL, NULL, 1),
(173, 89, 'Sunglass', '', 1, '2016-11-09 10:01:09', NULL, NULL, NULL, NULL, 1),
(174, 90, 'Foam', '', 1, '2016-11-09 10:01:23', NULL, NULL, NULL, NULL, 1),
(175, 90, 'Furniture', '', 1, '2016-11-09 10:02:40', NULL, NULL, NULL, NULL, 1),
(176, 90, 'Mattress', '', 1, '2016-11-09 10:03:08', NULL, NULL, NULL, NULL, 1),
(177, 90, 'Wares', '', 1, '2016-11-09 10:03:23', NULL, NULL, NULL, NULL, 1),
(178, 91, 'Apartment', '', 1, '2016-11-09 10:03:50', NULL, NULL, NULL, NULL, 1),
(179, 91, 'Land', '', 1, '2016-11-09 10:05:53', 1, '2017-04-09 12:09:58', NULL, NULL, 1),
(180, 91, 'Space/Possession', '', 1, '2016-11-09 10:06:21', NULL, NULL, NULL, NULL, 1),
(181, 92, 'Magazine', '', 1, '2016-11-09 10:08:21', NULL, NULL, NULL, NULL, 1),
(182, 91, 'Flat', '', 1, '2016-11-09 10:08:54', NULL, NULL, NULL, NULL, 1),
(183, 92, 'News paper', '', 1, '2016-11-09 10:09:10', 1, '2017-04-12 12:34:20', NULL, NULL, 1),
(184, 92, 'TV Channel', '', 1, '2016-11-09 10:10:54', NULL, NULL, NULL, NULL, 1),
(185, 93, 'Alkatra', '', 1, '2016-11-09 10:11:12', NULL, NULL, NULL, NULL, 1),
(187, 93, 'Cement', '', 1, '2016-11-09 10:11:46', NULL, NULL, NULL, NULL, 1),
(188, 93, 'Ceramics', '', 1, '2016-11-09 10:12:04', NULL, NULL, NULL, NULL, 1),
(189, 93, 'Deformed Bar', '', 1, '2016-11-09 10:12:21', NULL, NULL, NULL, NULL, 1),
(193, 93, 'Glass', '', 1, '2016-11-09 10:14:01', NULL, NULL, NULL, NULL, 1),
(194, 93, 'Melamine Board', '', 1, '2016-11-09 10:14:11', NULL, NULL, NULL, NULL, 1),
(195, 114, 'Paints', '', 1, '2016-11-09 10:14:22', 1, '2017-11-05 08:37:25', NULL, NULL, 1),
(196, 93, 'Pipe', '', 1, '2016-11-09 10:14:32', NULL, NULL, NULL, NULL, 1),
(197, 93, 'Water Pumps', '', 1, '2016-11-09 10:14:57', NULL, NULL, NULL, NULL, 1),
(198, 93, 'Water Tank', '', 1, '2016-11-09 10:15:19', NULL, NULL, NULL, NULL, 1),
(199, 93, 'Tin', '', 1, '2016-11-09 10:15:37', NULL, NULL, NULL, NULL, 1),
(200, 94, 'Market', '', 1, '2016-11-09 10:16:00', NULL, NULL, NULL, NULL, 1),
(201, 94, 'Super Shop', '', 1, '2016-11-09 10:16:18', 1, '2017-04-18 10:15:33', NULL, NULL, 1),
(202, 95, 'Air Cooler', '', 1, '2016-11-09 10:16:38', NULL, NULL, NULL, NULL, 1),
(203, 112, 'Speaker', '', 1, '2016-11-09 10:16:56', 1, '2017-07-24 12:03:56', NULL, NULL, 1),
(204, 95, 'Cable', '', 1, '2016-11-09 10:17:11', NULL, NULL, NULL, NULL, 1),
(205, 112, 'Computer', '', 1, '2016-11-09 10:17:29', 1, '2017-08-29 08:36:04', NULL, NULL, 1),
(206, 95, 'DVD Player', '', 1, '2016-11-09 10:17:43', NULL, NULL, NULL, NULL, 1),
(207, 95, 'Generator', '', 1, '2016-11-09 10:17:59', NULL, NULL, NULL, NULL, 1),
(208, 95, 'IPS', '', 1, '2016-11-09 10:18:10', NULL, NULL, NULL, NULL, 1),
(209, 95, 'Laptop', '', 1, '2016-11-09 10:18:23', NULL, NULL, NULL, NULL, 1),
(210, 95, 'Microwave Oven', '', 1, '2016-11-09 10:18:42', 1, '2017-08-29 09:18:39', NULL, NULL, 1),
(211, 95, 'Refrigerator', '', 1, '2016-11-09 10:19:10', NULL, NULL, NULL, NULL, 1),
(212, 95, 'Television', '', 1, '2016-11-09 10:19:20', NULL, NULL, NULL, NULL, 1),
(213, 95, 'VCD', '', 1, '2016-11-09 10:19:33', NULL, NULL, NULL, NULL, 1),
(215, 96, 'Hotel', '', 1, '2016-11-09 10:20:23', NULL, NULL, NULL, NULL, 1),
(216, 96, 'Restaurent', '', 1, '2016-11-09 10:20:51', NULL, NULL, NULL, NULL, 1),
(217, 96, 'Tourist Guide', '', 1, '2016-11-09 10:21:08', NULL, NULL, NULL, NULL, 1),
(218, 96, 'Travel Agency', '', 1, '2016-11-09 10:21:25', NULL, NULL, NULL, NULL, 1),
(219, 97, 'Bus', '', 1, '2016-11-09 10:21:54', NULL, NULL, NULL, NULL, 1),
(220, 97, 'Car', '', 1, '2016-11-09 10:22:08', NULL, NULL, NULL, NULL, 1),
(221, 97, 'Courier Service', '', 1, '2016-11-09 10:22:25', NULL, NULL, NULL, NULL, 1),
(222, 97, 'Freight', '', 1, '2016-11-09 10:22:52', NULL, NULL, NULL, NULL, 1),
(223, 97, 'Motorcycle', '', 1, '2016-11-09 10:23:33', NULL, NULL, NULL, NULL, 1),
(224, 97, 'Truck', '', 1, '2016-11-09 10:23:49', NULL, NULL, NULL, NULL, 1),
(227, 98, 'Car Battery', '', 1, '2016-11-09 10:24:43', NULL, NULL, NULL, NULL, 1),
(228, 98, 'Car Washing Shampoo', '', 1, '2016-11-09 10:25:03', NULL, NULL, NULL, NULL, 1),
(229, 98, 'Lubricating Oil', '', 1, '2016-11-09 10:25:19', NULL, NULL, NULL, NULL, 1),
(230, 98, 'Petrol Pump', '', 1, '2016-11-09 10:25:47', NULL, NULL, NULL, NULL, 1),
(231, 98, 'Tyre', '', 1, '2016-11-09 10:25:59', 1, '2017-04-06 10:03:39', NULL, NULL, 1),
(232, 98, 'Tubes', '', 1, '2016-11-09 10:26:07', NULL, NULL, NULL, NULL, 1),
(233, 99, 'Bank-Corporate', '', 1, '2016-11-09 10:27:06', 1, '2017-04-09 09:24:08', NULL, NULL, 1),
(234, 99, 'Insurance', '', 1, '2016-11-09 10:27:18', NULL, NULL, NULL, NULL, 1),
(235, 99, 'Loan', '', 1, '2016-11-09 10:27:29', NULL, NULL, NULL, NULL, 1),
(236, 99, 'Money Transfer', '', 1, '2016-11-09 10:27:52', NULL, NULL, NULL, NULL, 1),
(238, 100, 'Amusement Park', '', 1, '2016-11-09 10:28:38', NULL, NULL, NULL, NULL, 1),
(239, 100, 'Cinema', '', 1, '2016-11-09 10:28:53', NULL, NULL, NULL, NULL, 1),
(240, 100, 'Drama', '', 1, '2016-11-09 10:29:09', NULL, NULL, NULL, NULL, 1),
(241, 101, 'Clinic', '', 1, '2016-11-09 10:29:29', NULL, NULL, NULL, NULL, 1),
(242, 101, 'Diagonostic Center', '', 1, '2016-11-09 10:29:52', NULL, NULL, NULL, NULL, 1),
(243, 101, 'Gym', '', 1, '2016-11-09 10:30:07', NULL, NULL, NULL, NULL, 1),
(244, 101, 'Hospital', '', 1, '2016-11-09 10:30:21', NULL, NULL, NULL, NULL, 1),
(245, 101, 'Lance', '', 1, '2016-11-09 10:30:36', NULL, NULL, NULL, NULL, 1),
(246, 102, 'Balm', '', 1, '2016-11-09 10:30:57', NULL, NULL, NULL, NULL, 1),
(247, 102, 'Medicine', '', 1, '2016-11-09 10:31:16', NULL, NULL, NULL, NULL, 1),
(248, 102, 'Pill', '', 1, '2016-11-09 10:31:29', NULL, NULL, NULL, NULL, 1),
(249, 102, 'Saline', '', 1, '2016-11-09 10:31:39', NULL, NULL, NULL, NULL, 1),
(250, 102, 'Sticks', '', 1, '2016-11-09 10:32:00', NULL, NULL, NULL, NULL, 1),
(251, 103, 'Exhibition', '', 1, '2016-11-09 10:32:22', NULL, NULL, NULL, NULL, 1),
(252, 103, 'Fair', '', 1, '2016-11-09 10:32:34', NULL, NULL, NULL, NULL, 1),
(253, 103, 'Festival', '', 1, '2016-11-09 10:32:50', NULL, NULL, NULL, NULL, 1),
(254, 104, 'Departmental Store', '', 1, '2016-11-09 10:33:20', NULL, NULL, NULL, NULL, 1),
(255, 105, 'Handwash', '', 1, '2016-11-09 10:33:32', NULL, NULL, NULL, NULL, 1),
(257, 105, 'Antiseptic', '', 1, '2016-11-09 10:34:43', 1, '2017-06-12 07:27:36', NULL, NULL, 1),
(258, 106, 'AP-DE', '', 1, '2016-11-09 10:35:24', 1, '2017-07-30 10:53:56', NULL, NULL, 1),
(259, 106, 'Detergent Powder', '', 1, '2016-11-09 10:35:56', NULL, NULL, NULL, NULL, 1),
(260, 106, 'Fabric Whitener', '', 1, '2016-11-09 10:36:09', NULL, NULL, NULL, NULL, 1),
(261, 107, 'Dishwashing Bar', '', 1, '2016-11-09 10:36:49', NULL, NULL, NULL, NULL, 1),
(262, 107, 'Dishwashing Liquid', '', 1, '2016-11-09 10:37:12', NULL, NULL, NULL, NULL, 1),
(263, 86, 'Air Frieshener', '', 1, '2016-11-09 10:39:29', 1, '2017-05-23 11:55:21', NULL, NULL, 1),
(264, 108, 'Bucket', '', 1, '2016-11-09 10:40:23', NULL, NULL, NULL, NULL, 1),
(265, 109, 'Toilet Cleaner', '', 1, '2016-11-09 10:41:57', NULL, NULL, NULL, NULL, 1),
(266, 109, 'Floor Cleaner', '', 1, '2016-11-09 10:42:13', NULL, NULL, NULL, NULL, 1),
(267, 109, 'Glass Cleaner', '', 1, '2016-11-09 10:42:26', NULL, NULL, NULL, NULL, 1),
(268, 95, 'Blender', '', 1, '2016-11-10 06:41:21', NULL, NULL, NULL, NULL, 1),
(269, 95, 'Air Conditioner', '', 1, '2016-11-10 06:42:01', NULL, NULL, NULL, NULL, 1),
(270, 81, 'Yogurt', '', 1, '2016-11-17 09:39:55', NULL, NULL, NULL, NULL, 1),
(271, 81, 'Puffed Rice', '', 1, '2016-11-17 09:40:38', NULL, NULL, NULL, NULL, 1),
(272, 83, 'Chicken Popcorn', '', 1, '2016-11-17 09:50:20', NULL, NULL, NULL, NULL, 1),
(273, 83, 'Spring Roll', '', 1, '2016-11-17 09:50:55', NULL, NULL, NULL, NULL, 1),
(274, 81, 'Cheese', '', 1, '2016-11-19 10:14:18', NULL, NULL, NULL, NULL, 1),
(275, 108, 'Chair', '', 1, '2016-11-20 07:14:46', NULL, NULL, NULL, NULL, 1),
(276, 108, 'Table', '', 1, '2016-11-20 07:14:57', NULL, NULL, NULL, NULL, 1),
(277, 108, 'Stool', '', 1, '2016-11-20 07:15:09', NULL, NULL, NULL, NULL, 1),
(278, 108, 'Basket', '', 1, '2016-11-20 07:16:21', NULL, NULL, NULL, NULL, 1),
(279, 108, 'Mug', '', 1, '2016-11-20 07:16:56', NULL, NULL, NULL, NULL, 1),
(280, 108, 'Tray', '', 1, '2016-11-20 07:17:05', NULL, NULL, NULL, NULL, 1),
(281, 108, 'Bowl', '', 1, '2016-11-20 07:17:49', NULL, NULL, NULL, NULL, 1),
(282, 108, 'Bottle', '', 1, '2016-11-20 07:18:58', NULL, NULL, NULL, NULL, 1),
(283, 108, 'Tiffin Box', '', 1, '2016-11-20 07:19:35', NULL, NULL, NULL, NULL, 1),
(284, 108, 'Toy', '', 1, '2016-11-20 07:19:52', NULL, NULL, NULL, NULL, 1),
(285, 95, 'Light', '', 1, '2016-11-21 08:02:12', NULL, NULL, NULL, NULL, 1),
(286, 95, 'Fan', '', 1, '2016-11-21 08:02:23', NULL, NULL, NULL, NULL, 1),
(287, 95, 'Printer', '', 1, '2016-11-21 08:08:34', NULL, NULL, NULL, NULL, 1),
(288, 81, 'Sauce', '', 1, '2016-11-21 08:20:21', NULL, NULL, NULL, NULL, 1),
(289, 81, 'Food', '', 1, '2016-11-21 08:42:28', NULL, NULL, NULL, NULL, 1),
(290, 97, 'Tructor', '', 1, '2016-11-21 08:46:10', NULL, NULL, NULL, NULL, 1),
(291, 108, 'File', '', 1, '2016-11-21 08:48:22', NULL, NULL, NULL, NULL, 1),
(292, 85, 'Lotion', '', 1, '2016-11-21 08:58:17', NULL, NULL, NULL, NULL, 1),
(293, 97, 'Airlines', '', 1, '2016-11-22 06:31:25', NULL, NULL, NULL, NULL, 1),
(294, 110, 'Ripper', '', 1, '2016-11-22 06:59:54', NULL, NULL, NULL, NULL, 1),
(295, 108, 'Plastic Products', '', 1, '2016-11-22 08:05:07', 1, '2017-09-25 07:35:54', NULL, NULL, 1),
(296, 108, 'Box', '', 1, '2016-11-22 09:12:26', NULL, NULL, NULL, NULL, 1),
(297, 93, 'Crane', '', 1, '2016-11-22 09:19:30', NULL, NULL, NULL, NULL, 1),
(298, 97, 'Fuel', '', 1, '2016-11-22 09:46:26', NULL, NULL, NULL, NULL, 1),
(299, 93, 'Steel', '', 1, '2016-11-23 08:10:05', NULL, NULL, NULL, NULL, 1),
(300, 99, 'Mobile Banking', '', 1, '2016-11-23 08:23:46', NULL, NULL, NULL, NULL, 1),
(301, 95, 'Switch', '', 1, '2016-11-23 10:04:57', NULL, NULL, NULL, NULL, 1),
(302, 85, 'Diaper', '', 1, '2016-11-27 09:26:10', 1, '2017-07-08 11:39:39', NULL, NULL, 1),
(303, 81, 'Cake', '', 1, '2016-11-27 09:54:18', NULL, NULL, NULL, NULL, 1),
(304, 93, 'Loader', '', 1, '2016-11-27 10:24:13', NULL, NULL, NULL, NULL, 1),
(305, 97, 'Pickup', '', 1, '2016-11-27 10:37:04', NULL, NULL, NULL, NULL, 1),
(306, 95, 'Water Heater', '', 1, '2016-11-28 07:47:51', NULL, NULL, NULL, NULL, 1),
(307, 90, 'Crockeries', '', 1, '2016-11-28 07:49:05', NULL, NULL, NULL, NULL, 1),
(309, 93, 'Adhesive', '', 1, '2016-11-28 08:22:08', NULL, NULL, NULL, NULL, 1),
(318, 92, 'Radio Station', '', 1, '2017-03-22 09:16:40', NULL, NULL, NULL, NULL, 1),
(332, 97, 'Auto Rickshaw', '', 1, '2017-04-04 07:48:34', NULL, NULL, NULL, NULL, 1),
(333, 81, 'Matha', '', 1, '2017-04-04 08:33:16', NULL, NULL, NULL, NULL, 1),
(335, 99, 'Notice Bank', '', 1, '2017-04-04 10:59:08', 1, '2017-11-06 08:59:58', NULL, NULL, 1),
(336, 90, 'Combined Electronics', '', 1, '2017-04-04 11:33:47', 1, '2017-08-07 10:12:58', NULL, NULL, 1),
(338, 81, 'Mustard Oil', '', 1, '2017-04-05 10:10:04', NULL, NULL, NULL, NULL, 1),
(340, 81, 'Sugar', '', 1, '2017-04-05 11:03:53', NULL, NULL, NULL, NULL, 1),
(341, 97, 'Bicycle', '', 1, '2017-04-06 07:03:19', NULL, NULL, NULL, NULL, 1),
(342, 97, 'Cargo', '', 1, '2017-04-06 08:08:02', NULL, NULL, NULL, NULL, 1),
(343, 88, 'Coaching Center', '', 1, '2017-04-06 08:20:31', NULL, NULL, NULL, NULL, 1),
(344, 81, 'Atta', '', 1, '2017-04-06 08:36:24', NULL, NULL, NULL, NULL, 1),
(345, 81, 'Bread', 'Bread', 1, '2017-04-06 08:57:16', NULL, NULL, NULL, NULL, 1),
(346, 95, 'Air Conditoner', '', 1, '2017-04-06 11:22:34', NULL, NULL, NULL, NULL, 1),
(347, 95, 'Electrical Appliance', '', 1, '2017-04-06 11:34:03', NULL, NULL, NULL, NULL, 1),
(351, 92, 'Notice Other', '', 1, '2017-04-09 09:45:15', 1, '2017-11-06 08:59:33', NULL, NULL, 1),
(352, 99, 'Car Loan', '', 1, '2017-04-09 09:45:29', NULL, NULL, NULL, NULL, 1),
(353, 99, 'Consumer Loan', '', 1, '2017-04-09 09:45:40', NULL, NULL, NULL, NULL, 1),
(354, 99, 'Internet Banking', '', 1, '2017-04-09 09:45:49', NULL, NULL, NULL, NULL, 1),
(355, 99, 'Consumer Deposit', '', 1, '2017-04-09 09:45:57', NULL, NULL, NULL, NULL, 1),
(356, 99, 'Credit Card', '', 1, '2017-04-09 09:46:13', NULL, NULL, NULL, NULL, 1),
(357, 99, 'Credit Card & Debit Card', '', 1, '2017-04-09 09:46:22', NULL, NULL, NULL, NULL, 1),
(358, 99, 'Agent Banking', '', 1, '2017-04-09 09:46:29', NULL, NULL, NULL, NULL, 1),
(359, 99, 'Corporate Banking', '', 1, '2017-04-09 09:46:37', NULL, NULL, NULL, NULL, 1),
(360, 103, 'Reality Show', '', 1, '2017-04-09 11:23:21', 1, '2017-07-12 10:49:27', NULL, NULL, 1),
(361, 93, 'Aluminium', '', 1, '2017-04-10 15:32:34', NULL, NULL, NULL, NULL, 1),
(362, 95, 'Generator Parts', '', 1, '2017-04-11 07:52:24', NULL, NULL, NULL, NULL, 1),
(363, 90, 'Gas Stoves', '', 1, '2017-04-11 10:11:26', NULL, NULL, NULL, NULL, 1),
(364, 95, 'CCTV', '', 1, '2017-04-11 11:11:35', NULL, NULL, NULL, NULL, 1),
(365, 99, 'Call Center', '', 1, '2017-04-12 07:28:47', NULL, NULL, NULL, NULL, 1),
(366, 95, 'Air Compressor', '', 1, '2017-04-12 09:11:07', NULL, NULL, NULL, NULL, 1),
(367, 111, 'Non Banking Service', '', 1, '2017-04-12 10:18:10', NULL, NULL, NULL, NULL, 1),
(368, 93, 'Escalators', '', 1, '2017-04-12 11:53:31', NULL, NULL, NULL, NULL, 1),
(369, 88, 'Paper', '', 1, '2017-04-12 12:34:49', NULL, NULL, NULL, NULL, 1),
(371, 81, 'Soyabean Oil', '', 1, '2017-04-15 08:38:05', 1, '2017-08-03 08:40:39', NULL, NULL, 1),
(372, 85, 'Conditioner', '', 1, '2017-04-16 10:18:17', NULL, NULL, NULL, NULL, 1),
(373, 95, 'Water Purifier', '', 1, '2017-04-16 11:06:22', NULL, NULL, NULL, NULL, 1),
(374, 90, 'Kitchen Sink', '', 1, '2017-04-17 09:29:06', NULL, NULL, NULL, NULL, 1),
(375, 93, 'Cement Sheet', '', 1, '2017-04-18 09:52:50', NULL, NULL, NULL, NULL, 1),
(376, 95, 'Rice Cooker', '', 1, '2017-04-18 11:07:23', NULL, NULL, NULL, NULL, 1),
(377, 95, 'Multi Plug', '', 1, '2017-04-19 10:54:15', NULL, NULL, NULL, NULL, 1),
(378, 101, 'Health Service', '', 1, '2017-04-19 11:41:16', NULL, NULL, NULL, NULL, 1),
(379, 90, 'Door', '', 1, '2017-04-20 07:40:51', NULL, NULL, NULL, NULL, 1),
(380, 87, 'Mosquito catcher', '', 1, '2017-04-20 09:27:32', NULL, NULL, NULL, NULL, 1),
(381, 85, 'Powder', '', 1, '2017-04-23 08:55:03', NULL, NULL, NULL, NULL, 1),
(382, 108, 'Glass Stand', '', 1, '2017-04-23 09:16:00', NULL, NULL, NULL, NULL, 1),
(383, 89, 'Shoes', '', 1, '2017-04-23 09:37:33', NULL, NULL, NULL, NULL, 1),
(384, 93, 'Hardware Tools', '', 1, '2017-05-08 07:08:33', NULL, NULL, NULL, NULL, 1),
(386, 81, 'Kashundi', '', 1, '2017-05-08 08:55:06', NULL, NULL, NULL, NULL, 1),
(387, 108, 'Tool', '', 1, '2017-05-08 08:56:17', NULL, NULL, NULL, NULL, 1),
(388, 90, 'Cookware', '', 1, '2017-05-09 08:19:12', 1, '2017-08-14 08:33:32', NULL, NULL, 1),
(389, 97, 'Rental Fleet', '', 1, '2017-05-09 11:59:30', NULL, NULL, NULL, NULL, 1),
(390, 85, 'Lotto All Product', '', 1, '2017-05-09 12:18:28', NULL, NULL, NULL, NULL, 1),
(391, 81, 'Mixed Dal', '', 1, '2017-05-10 08:22:32', NULL, NULL, NULL, NULL, 1),
(393, 97, 'All Products', '', 1, '2017-05-10 09:23:48', NULL, NULL, NULL, NULL, 1),
(394, 90, 'Gas', '', 1, '2017-05-10 10:29:04', 1, '2017-08-03 09:11:59', NULL, NULL, 1),
(400, 95, 'Socket', '', 1, '2017-05-10 12:25:07', NULL, NULL, NULL, NULL, 1),
(401, 94, 'Shop', '', 1, '2017-05-11 09:09:47', NULL, NULL, NULL, NULL, 1),
(402, 95, 'Drill Matchine', '', 1, '2017-05-14 09:27:14', NULL, NULL, NULL, NULL, 1),
(403, 95, 'Drill Machine', '', 1, '2017-05-14 09:36:17', NULL, NULL, NULL, NULL, 1),
(404, 95, 'Washing Machine', '', 1, '2017-05-14 12:29:02', NULL, NULL, NULL, NULL, 1),
(405, 97, 'Forklift', '', 1, '2017-05-15 12:17:23', NULL, NULL, NULL, NULL, 1),
(406, 90, 'Ware & Fittings', '', 1, '2017-05-16 07:45:08', NULL, NULL, NULL, NULL, 1),
(407, 93, 'Pei floter', '', 1, '2017-05-16 10:55:21', NULL, NULL, NULL, NULL, 1),
(408, 93, 'Machineries Parts', '', 1, '2017-05-17 07:04:55', NULL, NULL, NULL, NULL, 1),
(409, 97, 'Machineries Tools', '', 1, '2017-05-17 07:46:50', 1, '2017-07-13 11:48:23', NULL, NULL, 1),
(410, 85, 'Ator', '', 1, '2017-05-17 08:22:09', NULL, NULL, NULL, NULL, 1),
(411, 81, 'Rice Bran Oil', '', 1, '2017-05-17 10:20:05', NULL, NULL, NULL, NULL, 1),
(413, 104, 'Weighting scale', '', 1, '2017-05-18 07:37:55', 1, '2017-08-05 12:07:41', NULL, NULL, 1),
(414, 93, 'Workshop', '', 1, '2017-05-18 08:48:46', NULL, NULL, NULL, NULL, 1),
(415, 90, 'Electric Iron', '', 1, '2017-05-18 11:55:31', NULL, NULL, NULL, NULL, 1),
(416, 81, 'Isabgol', '', 1, '2017-05-20 10:38:36', NULL, NULL, NULL, NULL, 1),
(417, 81, 'Muri', '', 1, '2017-05-21 11:58:23', NULL, NULL, NULL, NULL, 1),
(418, 80, 'Mobile Tab', '', 1, '2017-05-22 08:20:59', 1, '2017-06-07 11:49:19', NULL, NULL, 1),
(419, 99, 'Debit Card', '', 1, '2017-05-22 10:00:23', NULL, NULL, NULL, NULL, 1),
(420, 90, 'Net', '', 1, '2017-05-22 11:35:09', NULL, NULL, NULL, NULL, 1),
(422, 112, 'Software', '', 1, '2017-05-23 08:17:31', NULL, NULL, NULL, NULL, 1),
(423, 81, 'Fried Chicken Mix', '', 1, '2017-05-23 09:53:49', 1, '2017-06-11 09:35:54', NULL, NULL, 1),
(424, 81, 'Lolli Pop', '', 1, '2017-05-24 07:55:50', NULL, NULL, NULL, NULL, 1),
(425, 108, 'Closat', '', 1, '2017-05-24 08:55:38', NULL, NULL, NULL, NULL, 1),
(427, 91, 'Plote', '', 1, '2017-05-24 09:18:23', NULL, NULL, NULL, NULL, 1),
(429, 108, 'Hotpot', '', 1, '2017-05-24 09:29:24', NULL, NULL, NULL, NULL, 1),
(430, 113, 'Fire Extingusher', '', 1, '2017-05-24 10:08:46', 1, '2017-07-17 10:46:48', NULL, NULL, 1),
(431, 90, 'Wardrobe', '', 1, '2017-05-29 07:42:55', NULL, NULL, NULL, NULL, 1),
(432, 95, 'Induction Cooker', '', 1, '2017-05-29 08:05:00', NULL, NULL, NULL, NULL, 1),
(433, 90, 'Almirah', '', 1, '2017-05-30 08:07:30', NULL, NULL, NULL, NULL, 1),
(434, 81, 'Chewing Gum', '', 1, '2017-05-31 07:23:43', NULL, NULL, NULL, NULL, 1),
(435, 81, 'Butter', '', 1, '2017-06-04 10:17:40', 1, '2017-08-07 10:31:22', NULL, NULL, 1),
(436, 95, 'Projector', '', 1, '2017-06-05 06:39:21', NULL, NULL, NULL, NULL, 1),
(437, 95, 'CC Camera Device', '', 1, '2017-06-05 06:47:53', NULL, NULL, NULL, NULL, 1),
(438, 112, 'Pen drive', '', 1, '2017-06-05 07:02:29', 1, '2017-06-05 07:24:12', NULL, NULL, 1),
(439, 112, 'Monitor', '', 1, '2017-06-05 07:14:13', 1, '2017-06-05 07:24:30', NULL, NULL, 1),
(440, 112, 'Mouse', '', 1, '2017-06-05 07:24:53', NULL, NULL, NULL, NULL, 1),
(441, 112, 'Wifi', '', 1, '2017-06-05 07:26:10', 1, '2017-07-24 10:50:04', NULL, NULL, 1),
(442, 112, 'Computer Parts', '', 1, '2017-06-05 07:45:00', NULL, NULL, NULL, NULL, 1),
(443, 90, 'Drying Table', '', 1, '2017-06-05 09:38:53', NULL, NULL, NULL, NULL, 1),
(445, 95, 'Infrared Cooker', '', 1, '2017-06-08 11:08:15', 1, '2017-08-22 10:15:50', NULL, NULL, 1),
(446, 81, 'Lacchi', '', 1, '2017-06-10 11:50:46', NULL, NULL, NULL, NULL, 1),
(447, 95, 'Power', '', 1, '2017-06-11 08:56:32', NULL, NULL, NULL, NULL, 1),
(448, 81, 'Meat', '', 1, '2017-06-13 06:32:39', NULL, NULL, NULL, NULL, 1),
(449, 81, 'Pasta', '', 1, '2017-06-14 09:43:10', NULL, NULL, NULL, NULL, 1),
(450, 98, 'Motor', '', 1, '2017-06-19 08:57:50', NULL, NULL, NULL, NULL, 1),
(451, 90, 'Kitchen Self', '', 1, '2017-06-19 09:35:47', NULL, NULL, NULL, NULL, 1),
(452, 108, 'Jar', '', 1, '2017-06-19 10:51:56', NULL, NULL, NULL, NULL, 1),
(453, 95, 'Iron', '', 1, '2017-06-19 11:44:13', NULL, NULL, NULL, NULL, 1),
(454, 85, 'Purfume', '', 1, '2017-06-20 08:34:23', NULL, NULL, NULL, NULL, 1),
(455, 95, 'Stabilizer', '', 1, '2017-06-20 09:47:08', NULL, NULL, NULL, NULL, 1),
(456, 89, 'Jewellery', '', 1, '2017-06-20 10:22:27', NULL, NULL, NULL, NULL, 1),
(457, 95, 'Circuit Breaker', '', 1, '2017-06-20 11:41:01', NULL, NULL, NULL, NULL, 1),
(459, 81, 'Fast Food', '', 1, '2017-07-01 10:08:50', 1, '2017-11-06 08:44:37', NULL, NULL, 1),
(460, 90, 'Window', '', 1, '2017-07-02 08:54:06', NULL, NULL, NULL, NULL, 1),
(462, 81, 'Faluda', '', 1, '2017-07-02 10:17:57', NULL, NULL, NULL, NULL, 1),
(463, 85, 'Face Makup', '', 1, '2017-07-03 09:22:14', NULL, NULL, NULL, NULL, 1),
(464, 81, 'Chinigura Rice', '', 1, '2017-07-03 09:39:20', NULL, NULL, NULL, NULL, 1),
(466, 93, 'Router', '', 1, '2017-07-04 09:21:55', NULL, NULL, NULL, NULL, 1),
(467, 108, 'Jug', '', 1, '2017-07-05 07:29:15', 1, '2017-07-05 07:30:43', NULL, NULL, 1),
(468, 108, 'Chopping Board', '', 1, '2017-07-05 07:35:04', NULL, NULL, NULL, NULL, 1),
(469, 85, 'Shower Clean', '', 1, '2017-07-05 09:19:54', NULL, NULL, NULL, NULL, 1),
(470, 100, 'Park', '', 1, '2017-07-06 06:51:46', NULL, NULL, NULL, NULL, 1),
(471, 81, 'Gura Morich', '', 1, '2017-07-09 07:27:53', 1, '2017-08-30 10:18:37', NULL, NULL, 1),
(472, 90, 'Pressure Cooker', '', 1, '2017-07-09 10:51:32', NULL, NULL, NULL, NULL, 1),
(473, 90, 'Flask', '', 1, '2017-07-09 11:47:06', NULL, NULL, NULL, NULL, 1),
(474, 81, 'Firni', '', 1, '2017-07-09 12:15:53', 1, '2017-07-23 09:05:42', NULL, NULL, 1),
(475, 81, 'Ready Mix', '', 1, '2017-07-10 07:02:18', 1, '2017-07-10 07:22:03', NULL, NULL, 1),
(476, 95, 'Scanner', '', 1, '2017-07-10 07:27:36', NULL, NULL, NULL, NULL, 1),
(477, 81, 'Jorda', '', 1, '2017-07-10 07:28:21', 1, '2017-07-23 09:06:08', NULL, NULL, 1),
(478, 81, 'Faluda Mix', '', 1, '2017-07-10 07:54:27', NULL, NULL, NULL, NULL, 1),
(479, 81, 'Vineger', '', 1, '2017-07-10 07:59:45', NULL, NULL, NULL, NULL, 1),
(480, 93, 'Copper', '', 1, '2017-07-10 08:49:43', NULL, NULL, NULL, NULL, 1),
(481, 112, 'Mother Board', '', 1, '2017-07-10 09:46:06', NULL, NULL, NULL, NULL, 1),
(482, 112, 'Keyboard', '', 1, '2017-07-10 09:56:06', NULL, NULL, NULL, NULL, 1),
(484, 90, 'Cloth Pin', '', 1, '2017-07-11 09:41:21', NULL, NULL, NULL, NULL, 1),
(485, 103, 'Other', '', 1, '2017-07-15 11:16:25', NULL, NULL, NULL, NULL, 1),
(486, 85, 'Soap', '', 1, '2017-07-15 11:54:09', NULL, NULL, NULL, NULL, 1),
(487, 90, 'Floor Mat', '', 1, '2017-07-16 08:49:20', NULL, NULL, NULL, NULL, 1),
(488, 81, 'Toffee', '', 1, '2017-07-16 10:49:22', NULL, NULL, NULL, NULL, 1),
(489, 90, 'Gas Cylinder', '', 1, '2017-07-17 06:57:59', NULL, NULL, NULL, NULL, 1),
(490, 113, 'Fire Safety', '', 1, '2017-07-17 08:09:36', NULL, NULL, NULL, NULL, 1),
(491, 81, 'Loban', '', 1, '2017-07-17 09:19:14', NULL, NULL, NULL, NULL, 1),
(492, 108, 'Water Bottle', '', 1, '2017-07-17 09:35:49', 1, '2017-10-15 08:34:54', NULL, NULL, 1),
(493, 110, 'Seed', '', 1, '2017-07-19 06:38:46', NULL, NULL, NULL, NULL, 1),
(494, 108, 'Pallet', '', 1, '2017-07-19 09:05:06', NULL, NULL, NULL, NULL, 1),
(495, 112, 'Notebook', '', 1, '2017-07-20 10:29:17', NULL, NULL, NULL, NULL, 1),
(496, 81, 'Cookies', '', 1, '2017-07-23 07:21:23', NULL, NULL, NULL, NULL, 1),
(497, 81, 'Borhani', '', 1, '2017-07-23 09:38:28', NULL, NULL, NULL, NULL, 1),
(498, 90, 'Roti Maker', '', 1, '2017-07-23 10:53:57', NULL, NULL, NULL, NULL, 1),
(499, 95, 'Photocopier', '', 1, '2017-07-24 07:37:43', NULL, NULL, NULL, NULL, 1),
(500, 88, 'Khata', '', 1, '2017-07-24 07:43:25', NULL, NULL, NULL, NULL, 1),
(501, 112, 'UPS', '', 1, '2017-07-24 11:24:48', NULL, NULL, NULL, NULL, 1),
(502, 112, 'Server Rack', '', 1, '2017-07-24 12:14:27', 1, '2017-07-25 08:37:05', NULL, NULL, 1),
(503, 112, 'Connector', '', 1, '2017-07-25 10:22:35', NULL, NULL, NULL, NULL, 1),
(504, 81, 'Sunflower Oil', '', 1, '2017-07-26 10:50:47', NULL, NULL, NULL, NULL, 1),
(505, 108, 'Walker', '', 1, '2017-07-29 11:05:05', NULL, NULL, NULL, NULL, 1),
(506, 95, 'Specker', '', 1, '2017-07-30 10:00:25', NULL, NULL, NULL, NULL, 1),
(508, 81, 'Lozenges', '', 1, '2017-08-01 12:09:03', NULL, NULL, NULL, NULL, 1),
(509, 93, 'Pump', '', 1, '2017-08-16 10:05:36', NULL, NULL, NULL, NULL, 1),
(510, 85, 'Body Spray', '', 1, '2017-08-20 09:05:44', NULL, NULL, NULL, NULL, 1),
(511, 94, 'Showroom', '', 1, '2017-08-20 11:31:42', NULL, NULL, NULL, NULL, 1),
(512, 95, 'Bearing', '', 1, '2017-08-20 11:39:33', NULL, NULL, NULL, NULL, 1),
(513, 97, 'Tempoo', '', 1, '2017-08-24 10:12:59', NULL, NULL, NULL, NULL, 1),
(514, 111, 'Online Service', '', 1, '2017-08-27 06:13:19', NULL, NULL, NULL, NULL, 1),
(515, 90, 'Cocker Hood ', '', 1, '2017-08-27 08:21:25', NULL, NULL, NULL, NULL, 1),
(516, 93, 'Vulb', '', 1, '2017-08-27 10:10:34', NULL, NULL, NULL, NULL, 1),
(517, 95, 'Camera', '', 1, '2017-08-29 09:26:30', NULL, NULL, NULL, NULL, 1),
(518, 84, 'Powder Soft Drinks', '', 1, '2017-08-30 07:30:38', NULL, NULL, NULL, NULL, 1),
(519, 112, 'Toner', '', 1, '2017-09-07 06:35:34', NULL, NULL, NULL, NULL, 1),
(520, 112, 'Memory Card', '', 1, '2017-09-07 07:14:09', NULL, NULL, NULL, NULL, 1),
(521, 90, 'Kettle', '', 1, '2017-09-07 09:05:44', 1, '2017-09-18 10:12:01', NULL, NULL, 1),
(522, 112, 'Service', '', 1, '2017-09-11 09:23:00', NULL, NULL, NULL, NULL, 1),
(523, 90, 'Kitchen rack', '', 1, '2017-09-13 07:50:58', NULL, NULL, NULL, NULL, 1),
(524, 90, 'Ladder', '', 1, '2017-09-13 09:16:41', NULL, NULL, NULL, NULL, 1),
(525, 89, 'Jeans', '', 1, '2017-09-20 07:23:32', NULL, NULL, NULL, NULL, 1),
(526, 81, 'Various Products', '', 1, '2017-10-01 08:01:03', NULL, NULL, NULL, NULL, 1),
(527, 110, 'Harvester', '', 1, '2017-10-02 05:34:52', NULL, NULL, NULL, NULL, 1),
(528, 95, 'Ruti Maker', '', 1, '2017-10-02 07:12:39', NULL, NULL, NULL, NULL, 1),
(529, 112, 'Network Switch', '', 1, '2017-10-03 05:54:34', NULL, NULL, NULL, NULL, 1),
(530, 81, 'Butter Bun', '', 1, '2017-10-04 07:36:26', NULL, NULL, NULL, NULL, 1),
(531, 81, 'Milk Nutrition', '', 1, '2017-10-11 08:01:40', NULL, NULL, NULL, NULL, 1),
(532, 95, 'Chiller', '', 1, '2017-10-11 09:05:10', NULL, NULL, NULL, NULL, 1),
(533, 85, 'Chap Stick', '', 1, '2017-10-12 10:06:26', NULL, NULL, NULL, NULL, 1),
(534, 81, 'Pulm Oil', '', 1, '2017-10-18 09:10:59', NULL, NULL, NULL, NULL, 1),
(535, 83, 'Snacks', '', 1, '2017-10-25 11:41:06', NULL, NULL, NULL, NULL, 1),
(536, 97, 'Scooter', '', 1, '2017-10-25 12:08:50', NULL, NULL, NULL, NULL, 1),
(537, 90, 'Gas Regulator', '', 1, '2017-10-26 09:51:23', NULL, NULL, NULL, NULL, 1),
(538, 101, 'Nebulizer', '', 1, '2017-10-30 09:11:38', NULL, NULL, NULL, NULL, 1),
(539, 90, 'Sofa', '', 1, '2017-11-01 07:56:26', NULL, NULL, NULL, NULL, 1),
(540, 81, 'Pastry', '', 1, '2017-11-01 10:55:19', NULL, NULL, NULL, NULL, 1),
(541, 112, 'Ram', '', 1, '2017-11-02 10:36:43', NULL, NULL, NULL, NULL, 1),
(542, 112, 'CPU', '', 1, '2017-11-04 10:24:33', NULL, NULL, NULL, NULL, 1),
(543, 106, 'Neel', '', 1, '2017-11-05 09:04:47', NULL, NULL, NULL, NULL, 1),
(544, 92, 'Public Relations Management', '', 1, '2017-11-05 09:32:25', NULL, NULL, NULL, NULL, 1),
(545, 85, 'Petroleum Jelly', '', 1, '2017-11-07 08:02:14', NULL, NULL, NULL, NULL, 1),
(546, 106, 'Detergent Soap', '', 1, '2017-11-08 07:21:17', NULL, NULL, NULL, NULL, 1),
(547, 90, 'Gezer', '', 1, '2017-11-13 10:35:12', NULL, NULL, NULL, NULL, 1),
(548, 95, 'Room Heater', '', 1, '2017-11-14 10:00:53', NULL, NULL, NULL, NULL, 1),
(549, 116, 'Corruption', '', 1, '2017-12-13 10:17:47', 1, '2017-12-13 10:54:23', NULL, NULL, 1),
(552, 111, 'Bussiness & Economy', '', 1, '2017-12-13 11:05:39', NULL, NULL, NULL, NULL, 1),
(553, 79, 'BTRC', '', 1, '2017-12-14 06:03:58', NULL, NULL, NULL, NULL, 1),
(554, 116, 'Airport', '', 1, '2017-12-14 09:47:29', NULL, NULL, NULL, NULL, 1),
(555, 116, 'General', '', 1, '2017-12-14 10:06:05', NULL, NULL, NULL, NULL, 1),
(556, 116, 'Sea Port', '', 1, '2017-12-14 10:21:24', NULL, NULL, NULL, NULL, 1),
(557, 97, 'Tunnel', '', 1, '2017-12-14 10:26:29', NULL, NULL, NULL, NULL, 1),
(558, 97, 'Metro Rail', '', 1, '2017-12-14 10:30:31', NULL, NULL, NULL, NULL, 1),
(559, 116, 'All Project', '', 1, '2017-12-14 10:36:07', NULL, NULL, NULL, NULL, 1),
(560, 97, 'Bridge & Culvert', '', 1, '2017-12-14 10:45:27', NULL, NULL, NULL, NULL, 1);

-- --------------------------------------------------------

--
-- Table structure for table `pubfrequency`
--

CREATE TABLE `pubfrequency` (
  `Id` int(11) NOT NULL,
  `Name` varchar(50) COLLATE utf8_unicode_ci DEFAULT NULL,
  `Description` text COLLATE utf8_unicode_ci,
  `EntryBy` int(11) DEFAULT NULL,
  `EntryDateTime` datetime DEFAULT NULL,
  `UpdateBy` int(11) DEFAULT NULL,
  `UpdateTime` datetime DEFAULT NULL,
  `DeleteBy` int(11) DEFAULT NULL,
  `DeleteDateTime` datetime DEFAULT NULL,
  `State` tinyint(3) DEFAULT '1'
) ENGINE=InnoDB DEFAULT CHARSET=utf8 COLLATE=utf8_unicode_ci;

--
-- Dumping data for table `pubfrequency`
--

INSERT INTO `pubfrequency` (`Id`, `Name`, `Description`, `EntryBy`, `EntryDateTime`, `UpdateBy`, `UpdateTime`, `DeleteBy`, `DeleteDateTime`, `State`) VALUES
(1, 'Daily', 'Daily', 1, '2016-11-08 07:00:17', NULL, NULL, NULL, NULL, 1),
(2, 'Weekly', 'Weekly', 1, '2016-11-08 07:00:29', NULL, NULL, NULL, NULL, 1),
(3, 'Fortnightly', 'Fortnightly', 1, '2016-11-08 07:00:42', NULL, NULL, NULL, NULL, 1),
(4, 'Monthly', 'Monthly', 1, '2016-11-08 07:00:55', NULL, NULL, NULL, NULL, 1),
(5, 'Yearly', 'Yearly', 1, '2016-11-08 07:01:13', NULL, NULL, NULL, NULL, 1);

-- --------------------------------------------------------

--
-- Table structure for table `publication`
--

CREATE TABLE `publication` (
  `Id` int(11) NOT NULL,
  `Name` varchar(50) COLLATE utf8_unicode_ci DEFAULT NULL,
  `MediaId` int(11) DEFAULT NULL,
  `PublicationType` int(11) DEFAULT NULL,
  `PubPlaceId` int(3) DEFAULT NULL,
  `PubFreQuencyId` int(3) DEFAULT NULL,
  `PublicationLan` varchar(50) COLLATE utf8_unicode_ci DEFAULT NULL,
  `Description` text COLLATE utf8_unicode_ci,
  `Logo` varchar(50) COLLATE utf8_unicode_ci DEFAULT NULL,
  `EntryBy` int(11) DEFAULT NULL,
  `EntryDateTime` datetime DEFAULT NULL,
  `UpdateBy` int(11) DEFAULT NULL,
  `UpdateTime` datetime DEFAULT NULL,
  `DeleteBy` int(11) DEFAULT NULL,
  `DeleteDateTime` datetime DEFAULT NULL,
  `State` tinyint(3) DEFAULT '1'
) ENGINE=InnoDB DEFAULT CHARSET=utf8 COLLATE=utf8_unicode_ci;

--
-- Dumping data for table `publication`
--

INSERT INTO `publication` (`Id`, `Name`, `MediaId`, `PublicationType`, `PubPlaceId`, `PubFreQuencyId`, `PublicationLan`, `Description`, `Logo`, `EntryBy`, `EntryDateTime`, `UpdateBy`, `UpdateTime`, `DeleteBy`, `DeleteDateTime`, `State`) VALUES
(2, 'General', 2, 1, 1, 1, 'Bangla', 'Daily newspaper', '_logo_45222016-11-08_1478586936.png', 0, '2015-03-08 17:47:11', 0, '2016-11-08 07:35:41', NULL, NULL, 1),
(8, 'Lifestyle', 17, 2, 1, 2, 'English', 'Tabulate Paper size [Tuesday]', '_logo_29502016-11-08_1478588299.png', 0, '2016-01-19 09:08:27', 0, '2016-11-09 03:30:46', NULL, NULL, 1),
(9, 'Rosh Alo', 1, 2, 1, 2, 'Bangla', 'Tabulate Paper size [Monday]\r\n', '_logo_55522016-11-08_1478588359.png', 0, '2016-01-19 09:11:42', 0, '2016-11-08 07:59:24', NULL, NULL, 1),
(10, 'Chutir Dine', 1, 2, 1, 2, 'Bangla', 'Tabulate Paper size [Saturday]\r\n', '_logo_41642016-11-08_1478588435.png', 0, '2016-01-19 09:13:42', 0, '2016-11-08 08:00:40', NULL, NULL, 1),
(11, 'Naksha', 1, 2, 1, 2, 'Bangla', 'Tabulate Paper size [Tuesday]', '_logo_74602016-11-08_1478588477.png', 0, '2016-01-19 09:18:55', 0, '2016-11-08 08:01:22', NULL, NULL, 1),
(12, 'Projonmo', 1, 2, 1, 2, 'Bangla', 'Paper size supp \r\n [Friday]', '_logo_69032016-11-08_1478588900.png', 0, '2016-01-19 09:20:15', 0, '2016-11-08 08:08:25', NULL, NULL, 1),
(13, 'Adhuna', 1, 2, 1, 2, 'Bangla', 'Paper size supp\r\n[Wednesday]', '_logo_77032016-11-08_1478588972.png', 0, '2016-01-19 09:21:27', 0, '2016-11-08 08:09:37', NULL, NULL, 1),
(14, 'Bondhu shova', 1, 2, 1, 2, 'Bangla', 'Paper size supp\r\n[Sunday]\r\n', '_logo_13472016-11-08_1478589956.jpg', 0, '2016-01-19 09:22:48', 0, '2016-11-08 08:26:01', NULL, NULL, 1),
(15, 'Shopno Niye', 1, 2, 1, 2, 'Bangla', 'Paper size supp\r\n[Sunday]', '_logo_64562016-11-08_1478592109.jpg', 0, '2016-01-19 09:23:59', 0, '2016-11-08 09:01:54', NULL, NULL, 1),
(16, 'Anondo', 1, 2, 1, 2, 'Bangla', 'Paper size supp\r\n[Thursday]', '_logo_27932016-11-08_1478592298.png', 0, '2016-01-19 09:25:00', 0, '2016-11-08 09:05:03', NULL, NULL, 1),
(17, 'Ghorar Dim', 3, 2, 1, 2, 'Bangla', 'Tabulate Paper size\r\n[Saturday]', '_logo_91462016-11-08_1478592507.png', 0, '2016-01-19 09:25:55', 0, '2016-11-08 09:08:32', NULL, NULL, 1),
(18, 'Mogoj Dholai', 3, 2, 1, 2, 'Bangla', 'Tabulate Paper size\r\n[Sunday]', '_logo_11972016-11-08_1478592576.png', 0, '2016-01-19 09:27:01', 0, '2016-11-08 09:09:42', NULL, NULL, 1),
(19, 'Rajkut', 3, 2, 1, 2, 'Bangla', 'Tabulate Paper size\r\n[Tuesday]\r\n', '', 0, '2016-01-19 09:28:21', 0, '2016-11-08 09:25:33', NULL, NULL, 1),
(20, 'A to Z', 3, 2, 1, 2, 'Bangla', 'Tabulate Paper size\r\n[Monday]', '_logo_93292016-11-08_1478593591.png', 0, '2016-01-19 09:30:59', 0, '2016-11-08 09:26:36', NULL, NULL, 1),
(21, 'Tech Bissho', 3, 2, 1, 2, 'Bangla', 'Tabulated size/ Paper Size Supp\r\n[Wednesday]\r\n\r\n', '', 0, '2016-01-19 09:35:03', 0, '2016-11-08 09:32:49', NULL, NULL, 1),
(22, 'Ronger Mela', 3, 2, 1, 2, 'Bangla', 'Paper size supp\r\n[Thursday]', '', 0, '2016-01-19 09:38:36', 0, '2016-11-08 09:36:44', NULL, NULL, 1),
(23, 'Kaler Kheya', 8, 2, 1, 2, 'Bangla', 'Paper size supp\r\n[Friday]', '_logo_90902016-11-08_1478595029.png', 0, '2016-01-19 09:39:22', 0, '2016-11-08 09:50:34', NULL, NULL, 1),
(24, 'Pechal', 8, 2, 1, 2, 'Bangla', 'Tabulate Paper size\r\n[Monday]', '_logo_25112016-11-08_1478595203.png', 0, '2016-01-19 09:41:02', 0, '2016-11-08 09:53:28', NULL, NULL, 1),
(25, 'Kaler kheya', 66, 2, 1, 17, 'Bangla', 'Tabulate Paper size\n[Friday]', NULL, 0, '2016-01-19 09:41:52', NULL, NULL, 1, '2016-11-08 09:54:08', 0),
(26, 'Shoili', 8, 2, 1, 2, 'Bangla', 'Tabulate Paper size\r\n[Wednesday]', '_logo_69532016-11-08_1478595629.jpg', 0, '2016-01-19 09:42:56', 0, '2016-11-08 10:00:34', NULL, NULL, 1),
(27, 'Nondon', 8, 2, 1, 2, 'Bangla', 'Paper size supp\r\n[Thursday]', '_logo_1842016-11-08_1478595872.jpg', 0, '2016-01-19 09:44:09', 0, '2016-11-08 10:04:37', NULL, NULL, 1),
(28, 'Ghore Baire', 5, 2, 1, 2, 'Bangla', 'Tabulate Paper size\r\n[Tuesday]', '_logo_59232016-11-08_1478596255.png', 0, '2016-01-19 09:48:33', 0, '2016-11-08 10:11:00', NULL, NULL, 1),
(29, 'Showbiz', 17, 2, 1, 2, 'English', 'Tabulate Paper size\r\n[Saturday]', '_logo_82202016-11-08_1478597556.jpg', 0, '2016-01-19 09:49:30', 0, '2016-11-08 10:32:41', NULL, NULL, 1),
(30, 'Shout', 17, 2, 1, 2, 'English', 'Tabulate Paper size\r\n[Thursday]', '_logo_71922016-11-08_1478598156.png', 0, '2016-01-19 09:50:31', 0, '2016-11-08 10:42:41', NULL, NULL, 1),
(31, 'Star Weekend', 17, 2, 1, 2, 'English', 'Tabulate Paper size\r\n[Friday]', '_logo_96962016-11-09_1478658730.png', 0, '2016-01-19 09:53:36', 0, '2016-11-09 03:32:15', NULL, NULL, 1),
(32, 'Thatta', 6, 2, 1, 2, 'Bangla', 'Tabulate Paper size\r\n[Sunday]', '_logo_24632016-11-09_1478658813.png', 0, '2016-01-19 09:55:29', 0, '2016-11-09 03:33:38', NULL, NULL, 1),
(33, 'Korcha', 6, 2, 1, 2, 'Bangla', 'Tabulate Paper size\r\n[Tuesday]', '_logo_75562016-11-09_1478658867.png', 0, '2016-01-19 09:56:13', 0, '2016-11-09 03:34:32', NULL, NULL, 1),
(34, 'Tottho Projukti', 6, 2, 1, 2, 'Bangla', 'Paper size supp\r\n[Friday]', '', 0, '2016-01-19 09:56:58', 0, '2016-11-09 03:56:05', 1, '2016-11-13 08:01:38', 0),
(35, 'Projonmo', 6, 2, 1, 2, 'Bangla', 'Paper size supp\r\n[Monday]', '_logo_47772016-11-09_1478660283.png', 0, '2016-01-19 09:57:43', 0, '2016-11-09 03:58:08', NULL, NULL, 1),
(36, 'Campus', 6, 2, 1, 2, 'Bangla', 'Paper size supp\r\n[Wednesday]', '_logo_64272016-11-09_1478660708.png', 0, '2016-01-19 09:58:21', 0, '2016-11-09 04:05:13', NULL, NULL, 1),
(37, 'Anondo Binodon', 6, 2, 1, 2, 'Bangla', 'Paper size supp\r\n[Thursday]', '_logo_84612016-11-09_1478660781.png', 0, '2016-01-19 09:59:21', 0, '2016-11-09 04:06:26', NULL, NULL, 1),
(38, 'Tarun Kantho', 6, 2, 1, 2, 'Bangla', 'Paper size supp\r\n[Saturday]', '_logo_5902016-11-09_1478661596.png', 0, '2016-01-19 10:01:02', 0, '2016-11-09 04:20:01', NULL, NULL, 1),
(39, 'Trends', 20, 2, 1, 2, 'English', 'Tabulate Paper size\r\n[Tuesday]', '_logo_5272016-11-09_1478661797.png', 0, '2016-01-19 10:01:49', 0, '2016-11-09 04:23:22', NULL, NULL, 1),
(40, 'Ayna Shomoy', 4, 2, 1, 2, 'Bangla', 'Tabulate Paper size\r\n[Wednesday]', '_logo_45052016-11-09_1478662241.png', 0, '2016-01-19 10:02:33', 0, '2017-05-21 09:19:46', NULL, NULL, 1),
(41, 'Friday', 17, 2, 1, 2, 'Bangla', 'Tabulate Paper size\r\n[Friday]', '_logo_4532016-11-09_1478662666.png', 0, '2016-01-19 10:03:26', 0, '2017-01-30 08:32:45', NULL, NULL, 1),
(42, 'Abosore', 3, 2, 1, 2, 'Bangla', '[Saturday]', '_logo_2172016-11-09_1478663232.png', 0, '2016-01-19 10:05:33', 0, '2016-11-09 04:47:17', NULL, NULL, 1),
(43, 'Fashion', 13, 2, 1, 2, 'Bangla', 'Tabulate Paper size \r\n[Sunday]', '_logo_25352016-11-09_1478663314.png', 0, '2016-01-19 10:07:10', 0, '2016-11-09 04:48:39', NULL, NULL, 1),
(44, 'Groove', 21, 2, 1, 2, 'English', 'Tabulate Paper size \r\n[Monday] ', '_logo_88182016-11-09_1478663843.png', 0, '2016-01-19 10:10:04', 0, '2016-11-09 04:57:28', NULL, NULL, 1),
(45, 'Gollachut', 1, 2, 1, 2, 'Bangla', '[Friday]', '_logo_64952016-11-09_1478664344.png', 0, '2016-01-19 10:12:27', 0, '2016-11-09 05:05:49', NULL, NULL, 1),
(46, 'Morning tea', 21, 2, 1, 2, 'English', '[Friday]', '_logo_50652016-11-09_1478664807.png', 0, '2016-01-19 10:14:51', 0, '2017-01-30 08:34:56', NULL, NULL, 1),
(47, 'Silk Route', 22, 2, 1, 2, 'Bangla', 'Tabulate Paper size [Friday] ', '_logo_62392016-11-09_1478664931.png', 0, '2016-01-19 10:16:02', 0, '2017-06-11 11:41:13', NULL, NULL, 1),
(48, 'The Weekend', 18, 2, 1, 2, 'English', '[Friday]', '', 0, '2016-01-19 10:17:28', 0, '2016-11-09 05:38:15', NULL, NULL, 1),
(49, 'Stethoscope', 18, 2, 1, 2, 'English', 'Tabulate Paper size\r\n [Monday]', '_logo_16652016-11-09_1478666564.png', 0, '2016-01-19 10:18:37', 0, '2016-11-09 05:42:49', NULL, NULL, 1),
(50, 'Y & i', 18, 2, 1, 2, 'English', 'Tabulate Paper size [Thursday]', '_logo_22762016-11-09_1478666748.png', 0, '2016-01-19 10:20:05', 0, '2016-11-09 05:45:53', NULL, NULL, 1),
(51, 'Weekend Tribune', 36, 2, 1, 2, 'English', 'Tabulate Paper size [Friday]', '_logo_35992016-11-09_1478667343.png', 0, '2016-01-19 10:20:39', 0, '2016-11-09 05:55:48', NULL, NULL, 1),
(52, 'Udoyon', 67, 2, 1, 0, 'Bangla', '....', NULL, 0, '2016-01-19 10:22:03', NULL, NULL, 1, '2016-11-09 06:07:46', 0),
(53, 'General', 3, 1, 1, 1, 'Bangla', 'Main News Paper', '_logo_87592016-11-09_1478668168.png', 0, '2016-01-19 10:36:32', 0, '2016-11-09 06:09:33', NULL, NULL, 1),
(57, 'General', 1, 1, 1, 1, 'Bangla', 'Daily newspaper', '_logo_2972016-11-08_1478586735.png', 0, '2016-11-08 07:32:20', 0, '2016-12-03 06:50:23', NULL, NULL, 1),
(58, 'General', 4, 1, 1, 1, 'Bangla', 'Daily Newspaper', '_logo_57722016-11-09_1478668286.jpg', 0, '2016-11-09 06:11:31', NULL, NULL, NULL, NULL, 1),
(59, 'General', 5, 1, 1, 1, 'Bangla', 'Daily Newspaper', '_logo_62402016-11-09_1478668329.png', 0, '2016-11-09 06:12:14', NULL, NULL, NULL, NULL, 1),
(60, 'General', 6, 1, 1, 1, 'Bangla', 'Daily Newspaper', '_logo_89532016-11-09_1478668362.png', 0, '2016-11-09 06:12:47', NULL, NULL, NULL, NULL, 1),
(61, 'General', 7, 1, 1, 1, 'Bangla', 'Daily Newspaper', '_logo_19822016-11-09_1478668425.png', 0, '2016-11-09 06:13:50', NULL, NULL, NULL, NULL, 1),
(62, 'General', 8, 1, 1, 1, 'Bangla', 'Daily Newspaper', '_logo_25972016-11-09_1478668464.png', 0, '2016-11-09 06:14:29', NULL, NULL, NULL, NULL, 1),
(63, 'General', 9, 1, 1, 1, 'Bangla', 'Daily Newspaper', '_logo_7842016-11-09_1478668551.png', 0, '2016-11-09 06:15:56', NULL, NULL, NULL, NULL, 1),
(64, 'General', 10, 1, 1, 1, 'Bangla', 'Daily Newspaper', '_logo_24482016-11-09_1478668594.png', 0, '2016-11-09 06:16:39', NULL, NULL, NULL, NULL, 1),
(65, 'General', 11, 1, 1, 1, 'Bangla', 'Daily Newspaper', '_logo_85482016-11-09_1478668634.png', 0, '2016-11-09 06:17:19', NULL, NULL, NULL, NULL, 1),
(66, 'General', 12, 1, 1, 1, 'Bangla', 'Daily Newspaper', '_logo_52012016-11-09_1478668677.png', 0, '2016-11-09 06:18:02', NULL, NULL, NULL, NULL, 1),
(67, 'General', 13, 1, 1, 1, 'Bangla', 'Daily Newspaper', '_logo_88842016-11-09_1478668714.png', 0, '2016-11-09 06:18:39', NULL, NULL, NULL, NULL, 1),
(68, 'General', 14, 1, 1, 1, 'Bangla', 'Daily Newspaper', '_logo_11492016-11-09_1478668766.png', 0, '2016-11-09 06:19:31', NULL, NULL, NULL, NULL, 1),
(69, 'General', 15, 1, 1, 1, 'Bangla', 'Daily Newspaper', '_logo_3422016-11-09_1478668818.png', 0, '2016-11-09 06:20:23', NULL, NULL, NULL, NULL, 1),
(70, 'General', 16, 1, 1, 1, 'Bangla', 'Daily Newspaper', '_logo_44042016-11-09_1478668862.png', 0, '2016-11-09 06:21:07', NULL, NULL, NULL, NULL, 1),
(71, 'General', 17, 1, 1, 1, 'English', 'Daily Newspaper', '_logo_7502016-11-09_1478668907.png', 0, '2016-11-09 06:21:52', NULL, NULL, NULL, NULL, 1),
(72, 'General', 18, 1, 1, 1, 'English', 'Daily Newspaper', '_logo_50102016-11-09_1478668990.png', 0, '2016-11-09 06:23:15', NULL, NULL, NULL, NULL, 1),
(73, 'General', 19, 1, 1, 1, 'English', 'Daily Newspaper', '_logo_48322016-11-09_1478669035.png', 0, '2016-11-09 06:24:00', NULL, NULL, NULL, NULL, 1),
(74, 'General', 20, 1, 1, 1, 'English', 'Daily Newspaper', '_logo_27822016-11-09_1478669164.png', 0, '2016-11-09 06:26:09', NULL, NULL, NULL, NULL, 1),
(75, 'General', 21, 1, 1, 1, 'English', 'Daily Newspaper', '_logo_952016-11-09_1478669282.png', 0, '2016-11-09 06:28:07', NULL, NULL, NULL, NULL, 1),
(76, 'General', 22, 1, 1, 1, 'Bangla', 'Daily Newspaper', '_logo_53962016-11-09_1478669552.png', 0, '2016-11-09 06:32:37', NULL, NULL, NULL, NULL, 1),
(77, 'General', 23, 1, 1, 1, 'Bangla', 'Daily Newspaper', '_logo_42302016-11-09_1478669627.png', 0, '2016-11-09 06:33:52', NULL, NULL, NULL, NULL, 1),
(78, 'General', 24, 1, 1, 1, 'English', 'Daily Newspaper', '_logo_41842016-11-09_1478669691.png', 0, '2016-11-09 06:34:56', NULL, NULL, NULL, NULL, 1),
(79, 'General', 25, 1, 1, 1, 'Bangla', 'Daily Newspaper', '_logo_90392016-11-09_1478669757.png', 0, '2016-11-09 06:36:02', NULL, NULL, NULL, NULL, 1),
(80, 'General', 28, 1, 1, 1, 'Bangla', 'Daily Newspaper', '_logo_98002016-11-09_1478669829.png', 0, '2016-11-09 06:37:14', NULL, NULL, NULL, NULL, 1),
(81, 'General', 29, 1, 1, 1, 'English', 'Daily Newspaper', '_logo_44462016-11-09_1478669883.png', 0, '2016-11-09 06:38:08', NULL, NULL, NULL, NULL, 1),
(82, 'General', 30, 1, 1, 0, 'English', 'Daily Newspaper', '_logo_14342016-11-09_1478669921.png', 0, '2016-11-09 06:38:46', NULL, NULL, NULL, NULL, 1),
(83, 'General', 31, 1, 1, 1, 'Bangla', 'Daily Newspaper', '_logo_78342016-11-09_1478670925.png', 0, '2016-11-09 06:55:30', NULL, NULL, NULL, NULL, 1),
(84, 'General', 32, 1, 1, 1, 'Bangla', 'Daily Newspaper', '_logo_85112016-11-09_1478670979.png', 0, '2016-11-09 06:56:24', NULL, NULL, NULL, NULL, 1),
(85, 'General', 33, 1, 1, 1, 'Bangla', 'Daily Newspaper', '_logo_73892016-11-09_1478671028.jpg', 0, '2016-11-09 06:57:13', NULL, NULL, NULL, NULL, 1),
(86, 'General', 34, 1, 1, 1, 'Bangla', 'Daily Newspaper', '_logo_71612016-11-09_1478671069.png', 0, '2016-11-09 06:57:54', NULL, NULL, NULL, NULL, 1),
(87, 'General', 35, 1, 1, 1, 'Bangla', 'Daily Newspaper', '_logo_2812016-11-09_1478671119.png', 0, '2016-11-09 06:58:44', NULL, NULL, NULL, NULL, 1),
(88, 'General', 36, 1, 1, 1, 'English', 'Daily Newspaper', '_logo_90022016-11-09_1478671161.png', 0, '2016-11-09 06:59:26', NULL, NULL, NULL, NULL, 1),
(89, 'General', 37, 1, 1, 1, 'Bangla', 'Daily Newspaper', '_logo_61772016-11-09_1478671261.png', 0, '2016-11-09 07:01:06', NULL, NULL, NULL, NULL, 1),
(90, 'Ananda Dhara', 51, 3, 1, 4, 'Bangla', 'Monthly Magazine', '_logo_502016-11-09_1478683577.png', 0, '2016-11-09 10:26:22', NULL, NULL, NULL, NULL, 1),
(91, 'Projonmo.com', 1, 2, 1, 2, 'Bangla', 'Projonmo.com', '', 0, '2016-11-10 09:11:10', NULL, NULL, 1, '2016-11-10 09:13:56', 0),
(92, 'Friday', 2, 2, 1, 2, 'Bangla', 'Friday', '', 0, '2016-11-10 09:57:29', NULL, NULL, 1, '2016-11-14 07:49:57', 0),
(93, 'Ananda Bhuban', 45, 3, 1, 3, 'Bangla', 'Fortnightly Magazine', '', 0, '2016-11-16 08:47:34', 0, '2016-11-16 08:48:37', NULL, NULL, 1),
(94, 'Anando Alo', 52, 3, 1, 4, 'Bangla', 'Monthly Magazine', '', 0, '2016-11-16 09:11:52', NULL, NULL, NULL, NULL, 1),
(95, 'Anannya', 53, 3, 1, 3, 'Bangla', 'Fortnightly Magazine', '', 0, '2016-11-16 09:44:09', 0, '2016-11-16 09:48:37', NULL, NULL, 1),
(96, 'Anyadin', 54, 3, 1, 4, 'Bangla', 'Fortnightly Magazine', '', 0, '2016-11-16 09:59:22', 0, '2017-06-10 10:37:38', NULL, NULL, 1),
(97, 'Canvas', 55, 3, 1, 4, 'Bangla', 'Monthly Magazine', '', 0, '2016-11-16 10:16:03', NULL, NULL, NULL, NULL, 1),
(98, 'ICE Business Times', 56, 3, 1, 4, 'English', 'Monthly Magazine', '', 0, '2016-11-16 10:25:43', NULL, NULL, NULL, NULL, 1),
(99, 'ICE Today', 57, 3, 1, 4, 'English', 'Monthly Magazine', '_logo_22672017-06-12_1497242356.png', 0, '2016-11-16 10:34:23', 0, '2017-06-12 06:39:21', NULL, NULL, 1),
(100, 'Mirror', 58, 3, 1, 4, 'English', 'Monthly Magazine', '', 0, '2016-11-16 10:45:56', NULL, NULL, NULL, NULL, 1),
(101, 'Shaptahik', 59, 3, 1, 2, 'Bangla', 'Weekly Magazine', '', 0, '2016-11-17 06:50:33', NULL, NULL, NULL, NULL, 1),
(102, 'Splash', 60, 3, 1, 4, 'English', 'Monthly Magazine', '', 0, '2016-11-17 07:11:25', NULL, NULL, NULL, NULL, 1),
(103, 'Computer Jagat', 61, 3, 1, 4, 'Bangla', 'Monthly Magazine', '_logo_4362017-06-12_1497241347.jpg', 0, '2016-11-17 07:21:11', 0, '2017-06-12 06:22:32', NULL, NULL, 1),
(104, 'Corporate', 62, 3, 1, 4, 'Bangla', 'Monthly Magazine', '_logo_19852017-06-12_1497239801.jpg', 0, '2016-11-17 07:32:57', 0, '2017-06-12 05:56:46', NULL, NULL, 1),
(105, 'Computer Bicitra', 63, 3, 1, 4, 'Bangla', 'Monthly Magazine', '_logo_56612017-06-12_1497238363.jpg', 0, '2016-11-17 08:00:12', 0, '2017-06-12 05:32:48', NULL, NULL, 1),
(106, 'Binodon', 64, 3, 1, 3, 'Bangla', 'Fortnightly Magzine', '', 0, '2016-11-17 08:15:39', NULL, NULL, NULL, NULL, 1),
(107, 'General', 50, 1, 1, 1, 'Bangla', '', '_logo_59212017-02-01_1485923410.jpg', 0, '2017-02-01 05:30:15', 0, '2017-02-01 05:46:29', NULL, NULL, 1),
(108, 'General', 49, 1, 1, 1, 'English', '', '_logo_62232017-02-01_1485924362.jpg', 0, '2017-02-01 05:46:07', NULL, NULL, NULL, NULL, 1),
(109, 'General', 48, 1, 1, 1, 'Bangla', '', '_logo_67452017-02-01_1485924573.jpg', 0, '2017-02-01 05:49:38', NULL, NULL, NULL, NULL, 1),
(110, 'General', 47, 1, 1, 1, 'Bangla', '', '_logo_91622017-02-01_1485924734.png', 0, '2017-02-01 05:52:19', NULL, NULL, NULL, NULL, 1),
(111, 'General', 46, 1, 1, 1, 'Bangla', '', '_logo_5282017-02-01_1485926613.png', 0, '2017-02-01 06:23:38', NULL, NULL, NULL, NULL, 1),
(112, 'General', 44, 1, 1, 1, 'Bangla', '', '_logo_35022017-02-01_1485926710.jpg', 0, '2017-02-01 06:25:15', NULL, NULL, NULL, NULL, 1),
(113, 'General', 43, 1, 2, 1, 'Bangla', '', '_logo_12552017-02-01_1485926785.jpg', 0, '2017-02-01 06:26:30', NULL, NULL, NULL, NULL, 1),
(114, 'General', 42, 1, 1, 1, 'Bangla', '', '_logo_80502017-02-01_1485927541.jpg', 0, '2017-02-01 06:39:06', NULL, NULL, NULL, NULL, 1),
(115, 'General', 41, 1, 2, 1, 'Bangla', '', '_logo_60202017-02-01_1485927701.jpg', 0, '2017-02-01 06:41:46', NULL, NULL, NULL, NULL, 1),
(116, 'General', 40, 1, 1, 1, 'Bangla', '', '_logo_52492017-02-01_1485927847.png', 0, '2017-02-01 06:44:12', NULL, NULL, NULL, NULL, 1),
(117, 'General', 39, 1, 2, 1, 'Bangla', '', '', 0, '2017-02-01 06:48:18', NULL, NULL, NULL, NULL, 1),
(118, 'General', 38, 3, 1, 2, 'English', '', '_logo_22842017-02-01_1485928197.jpg', 0, '2017-02-01 06:50:02', 0, '2017-06-12 05:11:21', NULL, NULL, 1),
(119, 'Friday (General)', 65, 1, 1, 2, 'English', 'Daily Star (Friday General)', '_logo_41922017-02-20_1487559290.png', 0, '2017-02-20 03:54:55', 0, '2017-02-20 04:04:32', NULL, NULL, 1),
(120, 'General', 66, 1, 1, 1, 'English', '', '_logo_15972017-02-23_1487827984.jpg', 0, '2017-02-23 06:33:09', NULL, NULL, NULL, NULL, 1),
(121, 'Dhaka Courier', 38, 3, 1, 2, 'English', '', '_logo_63602017-02-26_1488080456.png', 0, '2017-02-26 04:41:01', NULL, NULL, NULL, NULL, 1),
(122, 'Prothom Alo online', 1, 1, 1, 1, 'Bangla', '', '_logo_72852017-03-22_1490152169.png', 0, '2017-03-22 04:09:34', NULL, NULL, NULL, NULL, 1),
(123, 'www.banglatribunecom', 77, 4, 1, 1, 'Bangla', '', '_logo_33492017-04-11_1491884763.png', 0, '2017-04-11 06:26:09', NULL, NULL, NULL, NULL, 1),
(124, 'www.banglanews24.com', 82, 4, 1, 1, 'Bangla', '', '_logo_65512017-04-11_1491885433.png', 0, '2017-04-11 06:37:18', NULL, NULL, NULL, NULL, 1),
(125, 'www.bd24live.com', 76, 4, 1, 1, 'Bangla', '', '_logo_28352017-04-11_1491885677.png', 0, '2017-04-11 06:41:22', NULL, NULL, NULL, NULL, 1),
(126, 'www.newsevent24.com', 74, 4, 1, 1, 'Bangla', '', '_logo_62532017-04-11_1491886048.png', 0, '2017-04-11 06:47:33', NULL, NULL, NULL, NULL, 1),
(127, 'Showbiz', 21, 2, 1, 2, 'English', '', '', 0, '2017-04-17 11:20:42', NULL, NULL, NULL, NULL, 1),
(128, 'Sonibarer Shokal', 2, 2, 1, 2, 'Bangla', '', '_logo_5482017-04-18_1492484808.png', 0, '2017-04-18 05:06:53', 0, '2017-06-12 04:58:12', NULL, NULL, 1),
(129, 'alokitobangladesh online', 84, 4, 1, 1, 'Bangla', 'Link www.alokitobangladesh.com/', '_logo_63602017-04-19_1492569710.png', 0, '2017-04-19 04:41:55', 0, '2017-04-19 04:42:21', NULL, NULL, 1),
(130, 'dainikamadershomoy online', 85, 4, 1, 1, 'Bangla', 'www.dainikamadershomoy.com\r\n', '_logo_7922017-04-19_1492570518.png', 0, '2017-04-19 04:55:23', NULL, NULL, NULL, NULL, 1),
(131, 'bhorerkagoj online', 87, 4, 1, 1, 'Bangla', '', '_logo_24142017-04-19_1492571740.png', 0, '2017-04-19 05:15:45', NULL, NULL, NULL, NULL, 1),
(132, 'bonikbarta online', 88, 4, 1, 1, 'Bangla', 'www.bonikbarta.net\r\n', '_logo_45762017-04-19_1492572661.png', 0, '2017-04-19 05:31:06', NULL, NULL, NULL, NULL, 1),
(133, 'dainik-destiny online', 89, 4, 1, 1, 'Bangla', 'www.dainik-destiny.com\r\n', '_logo_21932017-04-19_1492573070.png', 0, '2017-04-19 05:37:55', NULL, NULL, NULL, NULL, 1),
(134, ' dailydinkal online', 90, 4, 1, 1, 'Bangla', 'www.dailydinkal.net\r\n', '_logo_29062017-04-19_1492573426.jpg', 0, '2017-04-19 05:43:51', NULL, NULL, NULL, NULL, 1),
(135, 'dailyinqilab online', 91, 4, 1, 1, 'Bangla', 'www.dailyinqilab.com\r\n', '_logo_27102017-04-19_1492574044.png', 0, '2017-04-19 05:54:09', NULL, NULL, NULL, NULL, 1),
(136, 'ittefaq online', 92, 4, 1, 1, 'Bangla', 'www.ittefaq.com.bd', '_logo_81972017-04-19_1492574484.png', 0, '2017-04-19 06:01:29', NULL, NULL, NULL, NULL, 1),
(137, 'dailyjanakantha online', 93, 4, 1, 1, 'Bangla', 'www.dailyjanakantha.com\r\n', '_logo_79302017-04-19_1492574947.png', 0, '2017-04-19 06:09:12', NULL, NULL, NULL, NULL, 1),
(139, 'jugantor online', 94, 4, 1, 1, 'Bangla', 'www.jugantor.com\r\n', '_logo_82832017-04-19_1492575807.jpg', 0, '2017-04-19 06:23:32', NULL, NULL, NULL, NULL, 1),
(140, 'dailynayadiganta online', 96, 4, 1, 1, 'Bangla', 'www.dailynayadiganta.com', '_logo_65932017-04-19_1492577676.png', 0, '2017-04-19 06:54:41', NULL, NULL, NULL, NULL, 1),
(141, 'dailysangram online', 97, 4, 1, 1, 'Bangla', 'www.dailysangram.com\r\n', '_logo_79092017-04-19_1492578092.jpg', 0, '2017-04-19 07:01:37', NULL, NULL, NULL, NULL, 1),
(142, 'jaijaidinbd online', 98, 4, 1, 1, 'Bangla', 'www.jaijaidinbd.com\r\n', '_logo_60522017-04-19_1492578408.gif', 0, '2017-04-19 07:06:53', NULL, NULL, NULL, NULL, 1),
(143, 'kalerkantho online', 99, 4, 1, 1, 'Bangla', 'www.kalerkantho.com', '_logo_47122017-04-19_1492580365.jpg', 0, '2017-04-19 07:39:30', NULL, NULL, NULL, NULL, 1),
(144, '0', 0, 0, 0, 0, '0', '0', '', 0, '2017-04-19 07:55:15', NULL, NULL, 1, '2017-04-19 07:56:12', 0),
(145, 'karatoa online', 100, 4, 1, 1, 'Bangla', 'www.karatoa.com.bd\r\n', '_logo_9802017-04-19_1492581412.png', 0, '2017-04-19 07:56:57', NULL, NULL, NULL, NULL, 1),
(146, 'prothom-alo online', 101, 4, 1, 1, 'Bangla', 'www.prothom-alo.com\r\n', '_logo_8592017-04-19_1492581811.png', 0, '2017-04-19 08:03:36', NULL, NULL, NULL, NULL, 1),
(147, 'samakal online', 102, 4, 1, 1, 'Bangla', 'www.bangla.samakal.net\r\n\r\n', '_logo_74402017-04-19_1492582438.jpg', 0, '2017-04-19 08:14:03', NULL, NULL, NULL, NULL, 1),
(148, 'shokalerkhobor24 online', 103, 4, 1, 1, 'Bangla', 'www.shokalerkhobor24.com\r\n', '_logo_9412017-04-19_1492583106.png', 0, '2017-04-19 08:25:11', NULL, NULL, NULL, NULL, 1),
(149, 'suprobhat online', 104, 4, 2, 1, 'Bangla', 'www.suprobhat.com\r\n', '_logo_56072017-04-19_1492583702.png', 0, '2017-04-19 08:35:08', NULL, NULL, NULL, NULL, 1),
(150, 'thebangladeshtoday online', 105, 4, 1, 1, 'English', 'www.thebangladeshtoday.com\r\n', '_logo_92722017-04-19_1492583915.png', 0, '2017-04-19 08:38:40', NULL, NULL, NULL, NULL, 1),
(151, 'dhakacourier', 106, 4, 1, 1, 'Bangla', 'www.dhakacourier.com.bd\r\n', '_logo_49542017-04-19_1492584092.png', 0, '2017-04-19 08:41:37', NULL, NULL, NULL, NULL, 1),
(152, 'dhakatribune online', 107, 4, 1, 1, 'English', 'www.dhakatribune.com\r\n', '_logo_97162017-04-19_1492584905.png', 0, '2017-04-19 08:55:10', NULL, NULL, NULL, NULL, 1),
(153, 'thedailystar', 108, 4, 1, 1, 'English', 'www.thedailystar.net\r\n', '_logo_63022017-04-19_1492585205.png', 0, '2017-04-19 09:00:10', NULL, NULL, NULL, NULL, 1),
(154, 'daily-sun online', 109, 4, 1, 1, 'English', 'www.daily-sun.com\r\n', '_logo_67042017-04-19_1492585466.png', 0, '2017-04-19 09:04:31', NULL, NULL, NULL, NULL, 1),
(155, 'thefinancialexpress online', 110, 4, 1, 1, 'English', 'www.thefinancialexpress-bd.com\r\n', '_logo_58882017-04-19_1492587224.png', 0, '2017-04-19 09:33:49', NULL, NULL, NULL, NULL, 1),
(156, 'theindependentbd online', 111, 4, 1, 1, 'English', 'www.theindependentbd.com', '_logo_53362017-04-19_1492587676.gif', 0, '2017-04-19 09:41:21', NULL, NULL, NULL, NULL, 1),
(157, 'newagebd online', 112, 4, 1, 1, 'English', 'www.newagebd.net', '_logo_60642017-04-19_1492587857.png', 0, '2017-04-19 09:44:22', NULL, NULL, NULL, NULL, 1),
(158, 'thedailynewnation online', 113, 4, 1, 1, 'English', 'www.thedailynewnation.com', '_logo_19912017-04-19_1492588190.png', 0, '2017-04-19 09:49:55', NULL, NULL, NULL, NULL, 1),
(159, 'newstoday', 114, 4, 1, 1, 'English', 'www.newstoday.com.bd\r\n', '_logo_6492017-04-19_1492590177.gif', 0, '2017-04-19 10:23:02', NULL, NULL, NULL, NULL, 1),
(160, 'gonokantho online', 115, 4, 1, 1, 'Bangla', 'www.gonokantho.com', '_logo_98022017-04-19_1492590469.jpg', 0, '2017-04-19 10:27:54', NULL, NULL, NULL, NULL, 1),
(161, 'manobkantha online', 116, 4, 1, 1, 'Bangla', 'www.manobkantha.com', '_logo_89552017-04-19_1492590908.png', 0, '2017-04-19 10:35:13', NULL, NULL, NULL, NULL, 1),
(162, 'amaderorthoneeti', 117, 4, 1, 1, 'Bangla', 'www.amaderorthoneeti.net', '_logo_43072017-04-19_1492591408.gif', 0, '2017-04-19 10:43:33', NULL, NULL, NULL, NULL, 1),
(163, 'Sobar Agee Sisu', 1, 2, 1, 2, 'Bangla', '', '', 0, '2017-04-25 07:28:06', NULL, NULL, NULL, NULL, 1),
(164, 'Onno Alo', 1, 2, 1, 2, 'Bangla', '', '', 0, '2017-04-25 07:29:17', NULL, NULL, NULL, NULL, 1),
(165, 'Silpo O Sahitto', 1, 2, 1, 2, 'Bangla', '', '', 0, '2017-04-25 07:30:01', NULL, NULL, NULL, NULL, 1),
(166, 'Ammar Chottogram', 1, 2, 1, 2, 'Bangla', '', '', 0, '2017-04-25 07:30:37', NULL, NULL, NULL, NULL, 1),
(167, 'Amader Kotha Sono', 1, 2, 1, 2, 'Bangla', '', '', 0, '2017-04-25 07:30:59', NULL, NULL, NULL, NULL, 1),
(168, 'Sahitto Samoeki', 6, 2, 1, 2, 'Bangla', '', '_logo_20902017-04-25_1493099329.png', 0, '2017-04-25 07:48:54', NULL, NULL, NULL, NULL, 1),
(169, 'Vinno Chokhe', 6, 2, 1, 2, 'Bangla', '', '_logo_7042017-04-25_1493099368.png', 0, '2017-04-25 07:49:33', NULL, NULL, NULL, NULL, 1),
(170, 'Kochi Kachar Asor', 6, 2, 1, 2, 'Bangla', '', '_logo_15602017-04-25_1493099531.png', 0, '2017-04-25 07:52:16', NULL, NULL, NULL, NULL, 1),
(171, 'Carrier', 6, 2, 1, 2, 'Bangla', '', '_logo_49162017-04-25_1493099795.png', 0, '2017-04-25 07:56:40', NULL, NULL, NULL, NULL, 1),
(172, 'Pothikkrit', 6, 2, 1, 2, 'Bangla', '', '_logo_38382017-04-25_1493099862.png', 0, '2017-04-25 07:57:47', NULL, NULL, NULL, NULL, 1),
(173, 'mohila Aoggon', 6, 2, 1, 2, 'Bangla', '', '_logo_11902017-04-25_1493100350.png', 0, '2017-04-25 08:05:55', NULL, NULL, NULL, NULL, 1),
(174, 'Dhaka 360 Degree', 3, 2, 1, 2, 'Bangla', '', '_logo_93522017-04-25_1493101990.png', 0, '2017-04-25 08:33:15', NULL, NULL, NULL, NULL, 1),
(175, 'Chakri Ase', 3, 2, 1, 2, 'Bangla', '', '_logo_13762017-04-25_1493102111.png', 0, '2017-04-25 08:35:16', NULL, NULL, NULL, NULL, 1),
(176, 'Campus', 3, 2, 1, 2, 'Bangla', '', '_logo_38622017-04-25_1493102208.png', 0, '2017-04-25 08:36:53', NULL, NULL, NULL, NULL, 1),
(177, 'Dos Dik', 3, 2, 1, 2, 'Bangla', '', '_logo_72592017-04-25_1493102524.png', 0, '2017-04-25 08:42:10', NULL, NULL, NULL, NULL, 1),
(178, 'Tonton', 3, 2, 1, 2, 'Bangla', '', '_logo_27282017-04-25_1493102648.png', 0, '2017-04-25 08:44:14', NULL, NULL, NULL, NULL, 1),
(179, 'Kothay kothay', 3, 2, 1, 2, 'Bangla', '', '_logo_47992017-04-25_1493102735.png', 0, '2017-04-25 08:45:40', NULL, NULL, NULL, NULL, 1),
(180, 'Doctor Asen', 3, 2, 1, 2, 'Bangla', '', '_logo_92742017-04-25_1493102869.png', 0, '2017-04-25 08:47:54', NULL, NULL, NULL, NULL, 1),
(181, 'Ditio Rajdhani', 3, 2, 1, 2, 'Bangla', '', '_logo_71922017-04-25_1493103235.png', 0, '2017-04-25 08:54:01', NULL, NULL, NULL, NULL, 1),
(182, 'Suvo Songho', 3, 2, 1, 2, 'Bangla', '', '_logo_91112017-04-25_1493103467.png', 0, '2017-04-25 08:57:52', NULL, NULL, NULL, NULL, 1),
(183, 'Susto Thakun', 5, 2, 1, 2, 'Bangla', '', '_logo_73942017-04-25_1493106224.png', 0, '2017-04-25 09:43:49', NULL, NULL, NULL, NULL, 1),
(184, 'Prokiti o Jibon', 5, 2, 1, 2, 'Bangla', '', '_logo_76012017-04-25_1493106461.png', 0, '2017-04-25 09:47:46', NULL, NULL, NULL, NULL, 1),
(185, 'Bicchu', 5, 2, 1, 2, 'Bangla', '', '_logo_51942017-04-25_1493106581.png', 0, '2017-04-25 09:49:47', 0, '2017-06-11 11:47:27', NULL, NULL, 1),
(186, 'Suronjona', 5, 2, 1, 2, 'Bangla', '', '_logo_32942017-04-25_1493106716.png', 0, '2017-04-25 09:52:01', NULL, NULL, NULL, NULL, 1),
(187, 'Proti Moncho', 5, 2, 1, 2, 'Bangla', '', '_logo_31822017-04-25_1493106903.png', 0, '2017-04-25 09:55:08', NULL, NULL, NULL, NULL, 1),
(188, 'Sojon Somabes', 5, 2, 1, 2, 'Bangla', '', '_logo_48852017-04-25_1493107277.png', 0, '2017-04-25 10:01:23', NULL, NULL, NULL, NULL, 1),
(189, 'Tarazilmil', 5, 2, 1, 2, 'Bangla', '', '_logo_4002017-04-25_1493107423.png', 0, '2017-04-25 10:03:48', NULL, NULL, NULL, NULL, 1),
(190, 'Chakrir Khoj', 5, 2, 1, 2, 'Bangla', '', '_logo_50102017-04-25_1493107615.png', 0, '2017-04-25 10:07:00', NULL, NULL, NULL, NULL, 1),
(191, 'Porbas', 5, 2, 1, 2, 'Bangla', '', '_logo_85372017-04-25_1493107993.png', 0, '2017-04-25 10:13:18', NULL, NULL, NULL, NULL, 1),
(193, 'Friday (Bangladesh Protidin)', 2, 2, 1, 2, 'Bangla', '', '_logo_60132017-04-25_1493109141.png', 0, '2017-04-25 10:32:27', NULL, NULL, NULL, NULL, 1),
(195, 'Life Style (Samakal)', 8, 2, 1, 1, 'Bangla', '', '', 0, '2017-04-25 11:04:14', NULL, NULL, NULL, NULL, 1),
(196, 'Chakri Nia (Samakal)', 8, 2, 1, 1, 'Bangla', '', '', 0, '2017-04-25 11:04:50', NULL, NULL, NULL, NULL, 1),
(197, 'Khabar (Samakal)', 8, 2, 1, 2, 'Bangla', '', '', 0, '2017-04-25 11:05:18', NULL, NULL, NULL, NULL, 1),
(198, 'Pathshala (Samakal)', 8, 2, 1, 2, 'Bangla', '', '', 0, '2017-04-25 11:05:56', NULL, NULL, NULL, NULL, 1),
(199, 'Srabela (Samakal)', 8, 2, 1, 2, 'Bangla', '', '', 0, '2017-04-25 11:06:25', NULL, NULL, NULL, NULL, 1),
(200, 'Charu Pata', 33, 2, 1, 2, 'Bangla', '', '', 0, '2017-04-25 11:32:26', NULL, NULL, NULL, NULL, 1),
(201, 'Vromon', 7, 2, 1, 2, 'Bangla', '', '_logo_78582017-04-25_1493113821.png', 0, '2017-04-25 11:50:26', NULL, NULL, NULL, NULL, 1),
(202, 'Oporazita', 7, 2, 1, 2, 'Bangla', '', '_logo_71282017-04-25_1493113889.png', 0, '2017-04-25 11:51:34', NULL, NULL, NULL, NULL, 1),
(203, 'Prokriti o Biggan', 7, 2, 1, 2, 'Bangla', '', '_logo_60012017-04-25_1493114015.png', 0, '2017-04-25 11:53:40', NULL, NULL, NULL, NULL, 1),
(204, 'Sahitto (Janakantha)', 7, 2, 1, 2, 'Bangla', '', '_logo_85302017-04-25_1493114141.png', 0, '2017-04-25 11:55:46', NULL, NULL, NULL, NULL, 1),
(205, 'Shamoyiki (Janakantha)', 7, 2, 1, 2, 'Bangla', '', '_logo_1832017-04-25_1493114274.png', 0, '2017-04-25 11:57:59', 0, '2017-04-25 11:58:51', NULL, NULL, 1),
(206, 'Sat Sotero', 7, 2, 1, 2, 'Bangla', '', '_logo_99762017-04-25_1493114466.png', 0, '2017-04-25 12:01:11', NULL, NULL, NULL, NULL, 1),
(207, 'Fashion', 7, 2, 1, 2, 'Bangla', '', '_logo_76862017-04-25_1493114734.png', 0, '2017-04-25 12:05:39', NULL, NULL, NULL, NULL, 1),
(208, 'Sonket', 22, 2, 1, 2, 'Bangla', '', '', 0, '2017-05-15 07:52:24', NULL, NULL, NULL, NULL, 1),
(209, 'Satrong', 10, 2, 1, 2, 'Bangla', '', '_logo_33752017-05-16_1494928154.jpg', 0, '2017-05-16 11:49:19', NULL, NULL, NULL, NULL, 1),
(210, 'Sports Tribune', 36, 2, 1, 2, 'English', '', '_logo_84892017-05-18_1495082365.jpg', 0, '2017-05-18 06:39:30', 0, '2017-05-18 06:44:34', NULL, NULL, 1),
(211, 'Ma ke nia', 1, 2, 1, 5, 'Bangla', '', '', 0, '2017-05-18 11:38:29', NULL, NULL, NULL, NULL, 1),
(212, 'Krira Jagat', 118, 3, 1, 3, 'Bangla', '', '', 0, '2017-06-04 11:33:02', 0, '2017-06-06 12:06:40', NULL, NULL, 1),
(213, 'First News', 119, 3, 1, 4, 'English', '', '_logo_36892017-06-04_1496568979.jpg', 0, '2017-06-04 11:36:24', 0, '2017-06-06 11:24:03', NULL, NULL, 1),
(214, 'Tech World', 120, 3, 1, 4, 'English', '', '_logo_30562017-06-05_1496643698.jpg', 0, '2017-06-05 08:21:43', 0, '2017-06-06 12:03:07', NULL, NULL, 1),
(215, 'Eid binodon', 3, 2, 1, 5, 'Bangla', '', '', 0, '2017-07-04 10:56:41', NULL, NULL, NULL, NULL, 1),
(216, 'Eid Upohar', 1, 2, 1, 5, 'Bangla', '', '', 0, '2017-07-04 11:11:14', 0, '2017-07-04 11:12:30', NULL, NULL, 1),
(217, 'Eid Binodon', 1, 2, 1, 5, 'Bangla', '', '', 0, '2017-07-05 08:05:28', NULL, NULL, NULL, NULL, 1),
(218, 'C News', 121, 3, 1, 4, 'Bangla', '', '_logo_52462017-07-10_1499672190.png', 0, '2017-07-10 09:36:35', NULL, NULL, NULL, NULL, 1),
(219, 'General', 122, 1, 1, 1, 'English', '', '_logo_60162017-08-09_1502256746.png', 0, '2017-08-09 07:32:31', 0, '2017-09-12 08:03:03', NULL, NULL, 1),
(220, 'Naksha Eid Festival-1', 1, 2, 1, 5, 'Bangla', '', '_logo_89972017-08-29_1503995948.jpg', 0, '2017-08-29 10:39:13', NULL, NULL, NULL, NULL, 1),
(221, 'Naksha Eid Festival 2', 1, 2, 1, 5, 'Bangla', '', '_logo_27162017-08-29_1503995975.jpg', 0, '2017-08-29 10:39:40', NULL, NULL, NULL, NULL, 1),
(222, 'Special Supplementary', 1, 2, 1, 5, 'Bangla', '', '', 0, '2017-09-25 07:54:16', 0, '2017-10-26 11:51:06', NULL, NULL, 1),
(224, 'Campus (Kaler Kantha)', 3, 2, 1, 2, 'Bangla', '', '', 0, '2017-10-16 10:31:07', 0, '2017-10-16 10:32:23', 1, '2017-10-16 10:33:58', 0),
(225, 'Special Supplementary', 3, 2, 1, 5, 'Bangla', '', '', 0, '2017-10-22 11:55:59', NULL, NULL, NULL, NULL, 1),
(226, 'Special Supplementary ', 8, 2, 1, 5, 'Bangla', '', '', 0, '2017-10-23 11:35:09', NULL, NULL, NULL, NULL, 1),
(227, 'Special Supplementary', 122, 2, 1, 5, 'English', '', '', 0, '2017-10-24 09:32:12', NULL, NULL, NULL, NULL, 1),
(228, 'Special Supplementary', 66, 2, 1, 5, 'English', '', '', 0, '2017-10-24 09:32:54', NULL, NULL, NULL, NULL, 1),
(229, 'Special Supplementary', 50, 2, 1, 5, 'Bangla', '', '', 0, '2017-10-24 09:33:24', NULL, NULL, NULL, NULL, 1),
(230, 'Special Supplementary', 12, 2, 1, 5, 'Bangla', '', '', 0, '2017-10-24 09:33:49', NULL, NULL, NULL, NULL, 1),
(231, 'Special Supplementary', 9, 2, 1, 5, 'Bangla', '', '', 0, '2017-10-24 09:34:06', NULL, NULL, NULL, NULL, 1),
(232, 'Special Supplementary', 47, 2, 1, 5, 'Bangla', '', '', 0, '2017-10-24 09:34:37', NULL, NULL, NULL, NULL, 1),
(233, 'Special Supplementary', 20, 2, 1, 5, 'English', '', '', 0, '2017-10-24 09:34:53', NULL, NULL, NULL, NULL, 1),
(234, 'Special Supplementary', 22, 2, 1, 5, 'Bangla', '', '', 0, '2017-10-24 09:35:13', NULL, NULL, NULL, NULL, 1),
(235, 'Special Supplementary', 33, 2, 1, 5, 'Bangla', '', '', 0, '2017-10-24 09:35:43', NULL, NULL, NULL, NULL, 1),
(236, 'Special Supplementary', 36, 2, 1, 5, 'English', '', '', 0, '2017-10-24 09:36:27', NULL, NULL, NULL, NULL, 1),
(237, 'Special Supplementary', 21, 2, 1, 5, 'English', '', '', 0, '2017-10-24 11:26:00', NULL, NULL, NULL, NULL, 1),
(238, 'Special Supplementary', 24, 2, 1, 5, 'English', '', '', 0, '2017-10-26 11:50:08', NULL, NULL, NULL, NULL, 1),
(239, 'Special Supplementary', 10, 2, 1, 5, 'Bangla', '', '', 0, '2017-10-26 11:51:39', NULL, NULL, NULL, NULL, 1),
(240, 'Special Supplementary', 2, 2, 1, 5, 'Bangla', '', '', 0, '2017-10-26 11:53:58', NULL, NULL, NULL, NULL, 1),
(241, 'Special Supplementary', 4, 2, 1, 5, 'Bangla', '', '', 0, '2017-10-26 11:54:36', NULL, NULL, NULL, NULL, 1),
(242, 'Special Supplementary', 5, 2, 1, 5, 'Bangla', '', '', 0, '2017-10-26 11:55:17', NULL, NULL, NULL, NULL, 1),
(243, 'Special Supplementary', 6, 2, 1, 5, 'Bangla', '', '', 0, '2017-10-26 11:55:53', NULL, NULL, NULL, NULL, 1),
(244, 'Special Supplementary', 7, 2, 1, 5, 'Bangla', '', '', 0, '2017-10-26 11:56:29', NULL, NULL, NULL, NULL, 1),
(245, 'Special Supplementary', 13, 2, 1, 5, 'Bangla', '', '', 0, '2017-10-26 11:57:29', NULL, NULL, NULL, NULL, 1),
(246, 'Special Supplementary', 14, 2, 1, 5, 'Bangla', '', '', 0, '2017-10-26 11:58:00', NULL, NULL, NULL, NULL, 1),
(247, 'Special Supplementary', 15, 2, 1, 5, 'Bangla', '', '', 0, '2017-10-26 11:58:21', NULL, NULL, NULL, NULL, 1),
(248, 'Special Supplementary', 16, 2, 1, 5, 'Bangla', '', '', 0, '2017-10-26 11:58:45', NULL, NULL, NULL, NULL, 1),
(249, 'Special Supplementary', 17, 2, 1, 5, 'English', '', '', 0, '2017-10-26 11:59:14', NULL, NULL, NULL, NULL, 1),
(250, 'Special Supplementary', 18, 2, 1, 5, 'English', '', '', 0, '2017-10-26 11:59:40', NULL, NULL, NULL, NULL, 1),
(251, 'Special Supplementary', 19, 2, 1, 5, 'English', '', '', 0, '2017-10-26 12:00:14', NULL, NULL, NULL, NULL, 1),
(252, 'Special Supplementary', 23, 2, 1, 5, 'Bangla', '', '', 0, '2017-10-26 12:01:02', NULL, NULL, NULL, NULL, 1),
(253, 'Special Supplementary', 25, 2, 1, 5, 'Bangla', '', '', 0, '2017-10-26 12:01:31', NULL, NULL, NULL, NULL, 1),
(254, 'Special Supplementary', 29, 2, 1, 5, 'English', '', '', 0, '2017-10-26 12:02:07', NULL, NULL, NULL, NULL, 1),
(255, 'Special Supplementary', 32, 2, 1, 5, 'Bangla', '', '', 0, '2017-10-26 12:03:30', NULL, NULL, NULL, NULL, 1),
(256, 'Special Supplementary', 35, 2, 1, 5, 'Bangla', '', '', 0, '2017-10-26 12:03:59', NULL, NULL, NULL, NULL, 1),
(257, 'Special Supplementary', 37, 2, 1, 5, 'Bangla', '', '', 0, '2017-10-26 12:04:27', NULL, NULL, NULL, NULL, 1),
(258, 'Special Supplementary', 49, 2, 1, 5, 'English', '', '', 0, '2017-10-26 12:05:37', NULL, NULL, NULL, NULL, 1),
(259, 'sadasd', 142, 1, 1, 1, 'Bangla', '', '', 0, '2018-08-07 10:21:01', NULL, NULL, NULL, NULL, 1),
(261, 'yreter', 142, 1, 1, 1, 'Bangla', 'rtr', '', 0, '2018-08-07 10:22:03', NULL, NULL, NULL, NULL, 1),
(262, 'yrrrrrrr', 141, 2, 2, 2, 'Bangla', 'rtrt', '', 0, '2018-08-07 10:22:39', NULL, NULL, NULL, NULL, 1),
(263, 'uytuyuyrtrty', 140, 3, 3, 3, 'Bangla', 'tyty', '', 0, '2018-08-07 10:23:01', NULL, NULL, NULL, NULL, 1);

-- --------------------------------------------------------

--
-- Table structure for table `pubplace`
--

CREATE TABLE `pubplace` (
  `Id` int(11) NOT NULL,
  `Name` varchar(50) COLLATE utf8_unicode_ci DEFAULT NULL,
  `Description` text COLLATE utf8_unicode_ci,
  `EntryBy` int(11) DEFAULT NULL,
  `EntryDateTime` datetime DEFAULT NULL,
  `UpdateBy` int(11) DEFAULT NULL,
  `UpdateTime` datetime DEFAULT NULL,
  `DeleteBy` int(11) DEFAULT NULL,
  `DeleteDateTime` datetime DEFAULT NULL,
  `State` tinyint(3) DEFAULT '1'
) ENGINE=InnoDB DEFAULT CHARSET=utf8 COLLATE=utf8_unicode_ci;

--
-- Dumping data for table `pubplace`
--

INSERT INTO `pubplace` (`Id`, `Name`, `Description`, `EntryBy`, `EntryDateTime`, `UpdateBy`, `UpdateTime`, `DeleteBy`, `DeleteDateTime`, `State`) VALUES
(1, 'Dhaka', 'Dhaka', 1, '2016-11-08 06:59:04', NULL, NULL, NULL, NULL, 1),
(2, 'Chittagong', 'Chittagong', 1, '2016-11-08 06:59:39', NULL, NULL, NULL, NULL, 1),
(3, 'Sylhet', 'Sylhet', 1, '2016-11-08 07:09:49', NULL, NULL, NULL, NULL, 1),
(4, 'Barisal', 'Barisal', 1, '2016-11-08 07:10:09', NULL, NULL, NULL, NULL, 1),
(5, 'Khulna', 'Khulna', 1, '2016-11-08 07:10:24', NULL, NULL, NULL, NULL, 1),
(6, 'Rajshahi', 'Rajshahi', 1, '2016-11-08 07:10:36', NULL, NULL, NULL, NULL, 1),
(7, 'Rangpur', 'Rangpur', 1, '2016-11-08 07:10:48', NULL, NULL, NULL, NULL, 1),
(8, 'Comilla', 'Comilla', 1, '2016-11-08 07:11:02', NULL, NULL, NULL, NULL, 1);

-- --------------------------------------------------------

--
-- Table structure for table `pubtype`
--

CREATE TABLE `pubtype` (
  `Id` int(11) NOT NULL,
  `Name` varchar(50) COLLATE utf8_unicode_ci DEFAULT NULL,
  `Description` text COLLATE utf8_unicode_ci,
  `EntryBy` int(11) DEFAULT NULL,
  `EntryDateTime` datetime DEFAULT NULL,
  `UpdateBy` int(11) DEFAULT NULL,
  `UpdateTime` datetime DEFAULT NULL,
  `DeleteBy` int(11) DEFAULT NULL,
  `DeleteDateTime` datetime DEFAULT NULL,
  `State` tinyint(3) DEFAULT '1'
) ENGINE=InnoDB DEFAULT CHARSET=utf8 COLLATE=utf8_unicode_ci;

--
-- Dumping data for table `pubtype`
--

INSERT INTO `pubtype` (`Id`, `Name`, `Description`, `EntryBy`, `EntryDateTime`, `UpdateBy`, `UpdateTime`, `DeleteBy`, `DeleteDateTime`, `State`) VALUES
(1, 'Newspaper ', 'Newspaper ', 1, '2016-11-08 06:58:08', NULL, NULL, NULL, NULL, 1),
(2, 'Supplementary', 'Supplementary', 1, '2016-11-08 06:58:21', NULL, NULL, NULL, NULL, 1),
(3, 'Magazine', 'Magazine', 1, '2016-11-08 06:58:37', NULL, NULL, NULL, NULL, 1),
(4, 'Online News', '', 1, '2017-04-11 06:02:29', NULL, NULL, NULL, NULL, 1);

-- --------------------------------------------------------

--
-- Table structure for table `spot`
--

CREATE TABLE `spot` (
  `Id` int(11) NOT NULL,
  `Name` varchar(50) COLLATE utf8_unicode_ci DEFAULT NULL,
  `Description` text COLLATE utf8_unicode_ci,
  `EntryBy` int(11) DEFAULT NULL,
  `EntryDateTime` datetime DEFAULT NULL,
  `UpdateBy` int(11) DEFAULT NULL,
  `UpdateTime` datetime DEFAULT NULL,
  `DeleteBy` int(11) DEFAULT NULL,
  `DeleteDateTime` datetime DEFAULT NULL,
  `State` tinyint(3) DEFAULT '1'
) ENGINE=InnoDB DEFAULT CHARSET=utf8 COLLATE=utf8_unicode_ci;

--
-- Dumping data for table `spot`
--

INSERT INTO `spot` (`Id`, `Name`, `Description`, `EntryBy`, `EntryDateTime`, `UpdateBy`, `UpdateTime`, `DeleteBy`, `DeleteDateTime`, `State`) VALUES
(1, 'Fp', 'Front Page', 1, '2015-02-09 15:13:01', NULL, NULL, NULL, NULL, 1),
(2, 'Front', 'Front Page', 1, '2015-02-09 15:14:23', NULL, NULL, 1, '2015-02-09 15:16:38', 0),
(3, 'BP', 'BP', 1, '2015-02-09 15:16:51', NULL, NULL, NULL, NULL, 1),
(4, '3', 'third Page', 1, '2015-02-09 15:17:11', NULL, NULL, NULL, NULL, 1),
(5, 'Inner', 'Inner Page', 1, '2015-02-09 15:17:24', NULL, NULL, NULL, NULL, 1),
(6, '5th', '5th', 1, '2015-02-09 15:17:39', NULL, NULL, NULL, NULL, 1),
(7, '7th', '7th', 1, '2015-02-09 15:17:44', NULL, NULL, NULL, NULL, 1),
(8, '9th', '9th', 1, '2015-02-09 15:17:50', NULL, NULL, NULL, NULL, 1),
(9, 'SP', 'Special', 1, '2015-02-09 15:18:13', NULL, NULL, NULL, NULL, 1),
(10, '2', 'Second page', 1, '2015-02-09 15:18:26', NULL, NULL, NULL, NULL, 1),
(11, 'Binodon', 'Binodon', 1, '2015-02-09 15:18:36', NULL, NULL, NULL, NULL, 1),
(12, 'Back Before', 'Back Before', 1, '2015-02-09 15:18:46', NULL, NULL, NULL, NULL, 1),
(13, 'Business', 'Business', 1, '2015-02-09 15:18:55', NULL, NULL, NULL, NULL, 1);

-- --------------------------------------------------------

--
-- Table structure for table `subbrand`
--

CREATE TABLE `subbrand` (
  `Id` int(11) NOT NULL,
  `Name` varchar(50) COLLATE utf8_unicode_ci DEFAULT NULL,
  `CompanyId` int(11) DEFAULT NULL,
  `BrandId` int(11) DEFAULT NULL,
  `Description` text COLLATE utf8_unicode_ci,
  `EntryBy` int(11) DEFAULT NULL,
  `EntryDateTime` datetime DEFAULT NULL,
  `UpdateBy` int(11) DEFAULT NULL,
  `UpdateTime` datetime DEFAULT NULL,
  `DeleteBy` int(11) DEFAULT NULL,
  `DeleteDateTime` datetime DEFAULT NULL,
  `State` tinyint(3) DEFAULT '1'
) ENGINE=InnoDB DEFAULT CHARSET=utf8 COLLATE=utf8_unicode_ci;

--
-- Dumping data for table `subbrand`
--

INSERT INTO `subbrand` (`Id`, `Name`, `CompanyId`, `BrandId`, `Description`, `EntryBy`, `EntryDateTime`, `UpdateBy`, `UpdateTime`, `DeleteBy`, `DeleteDateTime`, `State`) VALUES
(11, 'Vision LED TV', 8, 1, '', 1, '2016-11-20 06:10:05', NULL, NULL, NULL, NULL, 1),
(12, 'Vision Air Conditioner', 8, 1, '', 1, '2016-11-20 06:10:51', NULL, NULL, NULL, NULL, 1),
(14, 'Pran Mango Juice', 8, 9, '', 1, '2016-11-20 09:04:08', NULL, NULL, NULL, NULL, 1),
(15, 'Vision Refrigerator', 8, 1, '', 1, '2016-11-20 09:04:47', NULL, NULL, NULL, NULL, 1),
(16, 'Vision Induction Cooker', 8, 1, '', 1, '2016-11-20 09:06:16', NULL, NULL, NULL, NULL, 1),
(17, 'Vision Stabilizer', 8, 1, '', 1, '2016-11-20 09:07:15', 1, '2016-11-20 09:07:44', NULL, NULL, 1),
(18, 'Vision Microwave Oven', 8, 1, '', 1, '2016-11-20 09:08:14', NULL, NULL, NULL, NULL, 1),
(19, 'Vision Rice Cooker', 8, 1, '', 1, '2016-11-20 09:08:33', NULL, NULL, NULL, NULL, 1),
(20, 'Vision Sandwitch Maker', 8, 1, '', 1, '2016-11-20 09:09:00', NULL, NULL, NULL, NULL, 1),
(21, 'Vision Washing Machine', 8, 1, '', 1, '2016-11-20 09:09:17', NULL, NULL, NULL, NULL, 1),
(22, 'Vision Air Cooler', 8, 1, '', 1, '2016-11-20 09:09:40', NULL, NULL, NULL, NULL, 1),
(23, 'Vision Blender', 8, 1, '', 1, '2016-11-20 09:09:54', NULL, NULL, NULL, NULL, 1),
(24, 'Vision Iron', 8, 1, '', 1, '2016-11-20 09:10:10', NULL, NULL, NULL, NULL, 1),
(25, 'Vision Ceiling Fan', 8, 1, '', 1, '2016-11-20 09:10:40', NULL, NULL, NULL, NULL, 1),
(26, 'Vision Exhaust Fan', 8, 1, '', 1, '2016-11-20 09:10:55', NULL, NULL, NULL, NULL, 1),
(27, 'Click CFL Light', 8, 2, '', 1, '2016-11-20 09:14:34', NULL, NULL, NULL, NULL, 1),
(28, 'Click LED Light', 8, 2, '', 1, '2016-11-20 09:14:51', 1, '2017-07-05 09:05:03', NULL, NULL, 1),
(29, 'Click Exhaust Fan', 8, 2, '', 1, '2016-11-20 09:15:48', NULL, NULL, NULL, NULL, 1),
(30, 'Click Table Fan', 8, 2, '', 1, '2016-11-20 09:16:06', NULL, NULL, NULL, NULL, 1),
(31, 'Click Switch', 8, 2, '', 1, '2016-11-20 09:16:51', NULL, NULL, NULL, NULL, 1),
(32, 'Click Multi Plug', 8, 2, '', 1, '2016-11-20 09:17:46', NULL, NULL, NULL, NULL, 1),
(33, 'Bizli Cables', 8, 395, '', 1, '2016-11-20 09:20:46', 1, '2017-08-13 11:07:47', NULL, NULL, 1),
(34, 'Topper Pressure Cooker', 8, 4, '', 1, '2016-11-20 09:23:28', NULL, NULL, NULL, NULL, 1),
(35, 'Topper Nonstick Cookware', 8, 4, '', 1, '2016-11-20 09:25:40', 1, '2017-07-25 11:59:17', NULL, NULL, 1),
(36, 'Sticky Adhesive', 8, 5, '', 1, '2016-11-20 09:26:24', NULL, NULL, NULL, NULL, 1),
(37, 'Sticky Glue', 8, 5, '', 1, '2016-11-20 09:26:38', NULL, NULL, NULL, NULL, 1),
(38, 'Sticky Thinner', 8, 5, '', 1, '2016-11-20 09:26:59', NULL, NULL, NULL, NULL, 1),
(39, 'Cosmic Door', 8, 6, '', 1, '2016-11-20 09:27:16', NULL, NULL, NULL, NULL, 1),
(40, 'Cosmc Window', 8, 6, '', 1, '2016-11-20 09:27:46', NULL, NULL, NULL, NULL, 1),
(42, 'Support Industrial Rack', 8, 7, '', 1, '2016-11-20 09:33:45', NULL, NULL, NULL, NULL, 1),
(43, 'Pran Milk', 8, 9, '', 1, '2016-11-20 09:35:07', NULL, NULL, NULL, NULL, 1),
(44, 'Pran Milk Powder', 8, 9, '', 1, '2016-11-20 09:35:23', NULL, NULL, NULL, NULL, 1),
(45, 'Mr. Noodles', 8, 221, '', 1, '2016-11-20 09:35:46', 1, '2017-04-04 08:35:34', NULL, NULL, 1),
(46, 'Pran Mr. Mango Candy', 8, 9, '', 1, '2016-11-20 09:36:55', NULL, NULL, NULL, NULL, 1),
(47, 'Pran UHT Milk', 8, 9, '', 1, '2016-11-20 09:39:13', NULL, NULL, NULL, NULL, 1),
(48, 'Pran Sauce', 8, 9, '', 1, '2016-11-20 09:41:25', NULL, NULL, NULL, NULL, 1),
(50, 'Pran Gura Holud', 8, 9, '', 1, '2016-11-20 09:47:36', 1, '2016-11-22 10:19:45', NULL, NULL, 1),
(51, 'Pran Gura Morich', 8, 9, '', 1, '2016-11-20 09:47:56', 1, '2016-11-22 10:20:14', NULL, NULL, 1),
(52, 'Pran mixed Masala', 8, 9, '', 1, '2016-11-20 09:48:32', NULL, NULL, NULL, NULL, 1),
(53, 'Pran Drinking Water', 8, 9, '', 1, '2016-11-20 09:49:31', NULL, NULL, NULL, NULL, 1),
(54, 'Pran Muri', 8, 9, '', 1, '2016-11-20 09:51:12', NULL, NULL, NULL, NULL, 1),
(55, 'Pran', 8, 9, '', 1, '2016-11-20 09:52:04', NULL, NULL, NULL, NULL, 1),
(56, 'Pran Yogurt', 8, 9, '', 1, '2016-11-20 09:53:03', NULL, NULL, NULL, NULL, 1),
(58, 'Pran Chatni', 8, 9, '', 1, '2016-11-20 09:55:37', NULL, NULL, NULL, NULL, 1),
(59, 'Pran Dal', 8, 9, '', 1, '2016-11-20 09:57:00', NULL, NULL, NULL, NULL, 1),
(60, 'Pran Jhal Muri', 8, 9, '', 1, '2016-11-20 09:58:31', NULL, NULL, NULL, NULL, 1),
(61, 'Pran Tiffin Cake', 8, 9, '', 1, '2016-11-20 10:04:49', NULL, NULL, NULL, NULL, 1),
(62, 'Pran Zeera Pani', 8, 9, '', 1, '2016-11-20 10:06:26', NULL, NULL, NULL, NULL, 1),
(63, 'Pran UP', 8, 9, '', 1, '2016-11-20 10:06:41', NULL, NULL, NULL, NULL, 1),
(64, 'Pran Chanacher', 8, 9, '', 1, '2016-11-20 10:07:02', NULL, NULL, NULL, NULL, 1),
(65, 'Pran Fun Bite', 8, 9, '', 1, '2016-11-20 10:12:01', NULL, NULL, NULL, NULL, 1),
(66, 'Kooks Kitchen Sink', 8, 11, '', 1, '2016-11-20 10:13:47', 1, '2017-07-24 08:51:53', NULL, NULL, 1),
(67, 'Pran White Vinegar', 8, 9, '', 1, '2016-11-20 10:15:08', NULL, NULL, NULL, NULL, 1),
(68, 'Pran Lassa Semai', 8, 9, '', 1, '2016-11-20 10:15:35', 1, '2017-06-20 09:18:55', NULL, NULL, 1),
(69, 'Pran Mustard Oil', 8, 9, '', 1, '2016-11-20 10:16:35', 1, '2017-04-03 13:13:37', NULL, NULL, 1),
(70, 'Pran Apple Jelly', 8, 9, '', 1, '2016-11-20 10:17:32', NULL, NULL, NULL, NULL, 1),
(72, 'Pran Chinigura Rice', 8, 9, '', 1, '2016-11-20 10:18:18', NULL, NULL, NULL, NULL, 1),
(73, 'Pran Puffed Rice(Muri)', 8, 9, '', 1, '2016-11-20 10:18:52', NULL, NULL, NULL, NULL, 1),
(74, 'Pran Biryani Mix', 8, 9, '', 1, '2016-11-20 10:19:24', NULL, NULL, NULL, NULL, 1),
(75, 'Pran Tehari Mix', 8, 9, '', 1, '2016-11-20 10:19:46', NULL, NULL, NULL, NULL, 1),
(76, 'Pran Khichuri Mix', 8, 9, '', 1, '2016-11-20 10:20:04', NULL, NULL, NULL, NULL, 1),
(77, 'Pran Honey', 8, 9, '', 1, '2016-11-20 10:20:32', NULL, NULL, NULL, NULL, 1),
(78, 'Pran Lassi', 8, 9, '', 1, '2016-11-20 10:22:31', NULL, NULL, NULL, NULL, 1),
(79, 'Pran Milkies Biscuit', 8, 9, '', 1, '2016-11-20 10:23:23', NULL, NULL, NULL, NULL, 1),
(80, 'Pran Special Toast', 8, 9, '', 1, '2016-11-20 10:23:52', NULL, NULL, NULL, NULL, 1),
(81, 'Pran Mama Wafer', 8, 9, '', 1, '2016-11-20 10:24:17', NULL, NULL, NULL, NULL, 1),
(82, 'Pran Choco Choco', 8, 9, '', 1, '2016-11-20 10:25:15', NULL, NULL, NULL, NULL, 1),
(83, 'Pran Premium Ghee', 8, 9, '', 1, '2016-11-20 10:26:03', NULL, NULL, NULL, NULL, 1),
(84, 'Fit Crackers', 8, 70, '', 1, '2016-11-20 10:27:12', NULL, NULL, NULL, NULL, 1),
(85, 'Vision Smart TV', 8, 1, '', 1, '2016-11-20 10:28:41', NULL, NULL, NULL, NULL, 1),
(86, 'Bisk Club Snak Bite', 8, 20, '', 1, '2016-11-20 10:29:42', 1, '2017-04-03 13:09:54', NULL, NULL, 1),
(87, 'Bisk Club Stick Biscuit', 8, 20, '', 1, '2016-11-20 10:30:12', 1, '2017-04-03 13:10:58', NULL, NULL, 1),
(88, 'Bisk Club Funcrack', 8, 20, '', 1, '2016-11-20 10:30:49', 1, '2017-04-03 13:11:24', NULL, NULL, 1),
(89, 'Bisk Club Glucose Biscuit', 8, 20, '', 1, '2016-11-20 10:31:23', 1, '2017-04-03 13:11:51', NULL, NULL, 1),
(90, 'Bisk Club Digestive Biscuit', 8, 20, '', 1, '2016-11-20 10:31:50', 1, '2017-04-03 13:12:21', NULL, NULL, 1),
(91, 'Pran Energy Biscuit', 8, 9, '', 1, '2016-11-20 10:32:45', NULL, NULL, NULL, NULL, 1),
(92, 'Bisk Club Fruit Fun', 8, 20, '', 1, '2016-11-20 10:33:26', 1, '2017-04-03 13:12:45', NULL, NULL, 1),
(93, 'Pran Lichie', 8, 9, '', 1, '2016-11-20 10:34:31', NULL, NULL, NULL, NULL, 1),
(94, 'Classic Chair', 8, 21, '', 1, '2016-11-20 10:35:55', NULL, NULL, NULL, NULL, 1),
(95, 'Royal Chair', 8, 21, '', 1, '2016-11-20 10:36:15', NULL, NULL, NULL, NULL, 1),
(97, 'Jim & Jolly Toys', 8, 21, '', 1, '2016-11-20 10:37:05', NULL, NULL, NULL, NULL, 1),
(98, 'Fresco Container', 8, 21, '', 1, '2016-11-20 10:37:27', NULL, NULL, NULL, NULL, 1),
(99, 'Milano', 8, 21, '', 1, '2016-11-20 10:37:47', NULL, NULL, NULL, NULL, 1),
(100, 'Drinkit Water Purifier', 8, 792, '', 1, '2016-11-20 10:38:27', 1, '2017-07-18 10:45:20', NULL, NULL, 1),
(101, 'Saberat', 8, 21, '', 1, '2016-11-20 10:38:54', NULL, NULL, NULL, NULL, 1),
(102, 'Ornate', 8, 21, '', 1, '2016-11-20 10:39:16', NULL, NULL, NULL, NULL, 1),
(103, 'Transpa Chair', 8, 21, '', 1, '2016-11-20 10:39:30', NULL, NULL, NULL, NULL, 1),
(104, 'Pran Fruitfill', 8, 9, '', 1, '2016-11-20 10:40:33', NULL, NULL, NULL, NULL, 1),
(105, 'Pran Kashundi', 8, 9, '', 1, '2016-11-20 10:41:02', NULL, NULL, NULL, NULL, 1),
(106, 'Pran Power Candy', 8, 9, '', 1, '2016-11-20 10:42:44', NULL, NULL, NULL, NULL, 1),
(107, 'Pran Borhani', 8, 9, '', 1, '2016-11-20 10:43:59', NULL, NULL, NULL, NULL, 1),
(108, 'Pran Trasty Treat', 8, 9, '', 1, '2016-11-20 10:44:46', NULL, NULL, NULL, NULL, 1),
(109, 'Pran Butter', 8, 9, '', 1, '2016-11-20 10:45:09', NULL, NULL, NULL, NULL, 1),
(110, 'Pran Frooto', 8, 9, '', 1, '2016-11-20 10:45:34', NULL, NULL, NULL, NULL, 1),
(111, 'Pran Fish Masala', 8, 9, '', 1, '2016-11-20 10:45:59', NULL, NULL, NULL, NULL, 1),
(112, 'Aamra IT', 35, 73, '', 1, '2016-11-21 07:08:07', NULL, NULL, NULL, NULL, 1),
(113, 'We Mobile', 35, 74, '', 1, '2016-11-21 07:08:21', NULL, NULL, NULL, NULL, 1),
(115, 'Aarong Fashion', 37, 75, '', 1, '2016-11-21 07:19:07', NULL, NULL, NULL, NULL, 1),
(116, 'Maggi Noodles', 38, 76, '', 1, '2016-11-21 07:35:30', NULL, NULL, NULL, NULL, 1),
(117, 'Radhuni Masala', 10, 24, '', 1, '2016-11-21 07:39:59', NULL, NULL, NULL, NULL, 1),
(118, 'SIBL', 39, 77, '', 1, '2016-11-21 07:43:32', NULL, NULL, NULL, NULL, 1),
(119, 'Crown Cement', 40, 78, '', 1, '2016-11-21 07:55:00', NULL, NULL, NULL, NULL, 1),
(120, 'Brother Printer', 41, 79, '', 1, '2016-11-21 08:06:34', NULL, NULL, NULL, NULL, 1),
(123, 'John Deere', 44, 84, '', 1, '2016-11-21 08:41:44', NULL, NULL, NULL, NULL, 1),
(124, 'God Luck File', 8, 68, '', 1, '2016-11-21 08:49:07', NULL, NULL, NULL, NULL, 1),
(125, 'Massranga Television', 13, 85, '', 1, '2016-11-21 08:50:58', NULL, NULL, NULL, NULL, 1),
(126, 'Exim Bank', 45, 86, '', 1, '2016-11-21 08:53:17', 1, '2017-07-16 08:14:39', NULL, NULL, 1),
(127, 'News24', 34, 648, '', 1, '2016-11-21 08:54:38', 1, '2017-06-10 07:42:34', NULL, NULL, 1),
(128, 'Meril Revive Perfect Fairness', 12, 29, '', 1, '2016-11-21 08:56:45', 1, '2017-04-03 17:12:11', NULL, NULL, 1),
(129, 'Grameenphone', 46, 87, '', 1, '2016-11-21 09:09:09', NULL, NULL, NULL, NULL, 1),
(130, 'Fair & Lovely BB Cream', 110, 88, '', 1, '2016-11-21 09:12:25', 1, '2017-07-22 11:01:15', NULL, NULL, 1),
(131, 'Fair & Lovely Facewash', 110, 88, '', 1, '2016-11-21 09:13:18', 1, '2017-07-22 11:01:31', NULL, NULL, 1),
(132, 'Fair & Lovely Beauty Cream', 110, 88, '', 1, '2016-11-21 09:14:54', 1, '2017-07-22 11:01:49', NULL, NULL, 1),
(133, 'Fair & Lovely Max Fairness Cream', 110, 88, '', 1, '2016-11-21 09:15:51', 1, '2017-07-22 11:02:09', NULL, NULL, 1),
(134, 'Fair & Lovely Max Fairness Facewash', 110, 88, '', 1, '2016-11-21 09:16:13', 1, '2017-07-22 11:02:23', NULL, NULL, 1),
(135, 'Acnes Pimple Expert', 48, 90, '', 1, '2016-11-21 09:22:10', NULL, NULL, NULL, NULL, 1),
(136, 'Lucy Oliva Olive Oil', 49, 93, '', 1, '2016-11-21 09:24:20', NULL, NULL, NULL, NULL, 1),
(137, 'Tibet Beauty Soap', 232, 802, '', 1, '2016-11-21 10:01:18', 1, '2017-07-19 11:39:01', NULL, NULL, 1),
(139, 'Tibet Glycerin', 232, 802, '', 1, '2016-11-21 10:01:57', 1, '2017-07-19 11:39:47', NULL, NULL, 1),
(140, 'Tibet Kodur Tel', 232, 802, '', 1, '2016-11-21 10:02:22', 1, '2017-07-19 11:40:05', NULL, NULL, 1),
(141, 'Tibet Petroleum Jelly', 232, 802, '', 1, '2016-11-21 10:03:43', 1, '2017-07-19 11:40:20', NULL, NULL, 1),
(142, 'Tibet Snow', 232, 802, '', 1, '2016-11-21 10:04:02', 1, '2017-07-19 11:40:34', NULL, NULL, 1),
(143, 'Tibet Lip Gel', 232, 802, '', 1, '2016-11-21 10:04:59', 1, '2017-07-19 11:40:47', NULL, NULL, 1),
(144, 'Tibet Ball Soap', 232, 802, '', 1, '2016-11-21 10:05:27', 1, '2017-07-19 11:41:00', NULL, NULL, 1),
(145, 'Tibet Detergent Powder', 232, 802, '', 1, '2016-11-21 10:05:55', 1, '2017-07-19 11:41:16', NULL, NULL, 1),
(146, 'Tibet 570 Laundry soap', 232, 802, '', 1, '2016-11-21 10:07:57', 1, '2017-07-19 11:41:27', NULL, NULL, 1),
(147, 'Tibet Baby Lotion', 232, 499, '', 1, '2016-11-21 10:08:17', 1, '2017-06-10 07:43:00', NULL, NULL, 1),
(148, 'Mep Cables', 52, 124, '', 1, '2016-11-21 10:11:33', NULL, NULL, NULL, NULL, 1),
(149, 'MEP Lighting', 52, 124, '', 1, '2016-11-21 10:12:34', NULL, NULL, NULL, NULL, 1),
(150, 'Mep Electronics', 52, 124, '', 1, '2016-11-21 10:14:14', NULL, NULL, NULL, NULL, 1),
(151, 'Supercrete Cement', 53, 125, '', 1, '2016-11-21 10:21:11', NULL, NULL, NULL, NULL, 1),
(152, 'Ashulia Model Town', 54, 126, '', 1, '2016-11-21 10:28:52', NULL, NULL, NULL, NULL, 1),
(153, 'Shamol Chaya', 54, 126, '', 1, '2016-11-21 10:29:17', NULL, NULL, NULL, NULL, 1),
(154, 'Amin Mohammad', 54, 126, '', 1, '2016-11-21 10:29:37', 1, '2017-06-08 08:29:46', NULL, NULL, 1),
(155, 'Walton Handset', 56, 134, '', 1, '2016-11-21 10:40:49', 1, '2017-08-29 07:11:43', NULL, NULL, 1),
(156, 'Walton Refrigerator', 56, 134, '', 1, '2016-11-21 10:41:19', NULL, NULL, NULL, NULL, 1),
(157, 'Walton Television', 56, 134, '', 1, '2016-11-21 10:41:32', NULL, NULL, NULL, NULL, 1),
(158, 'Walton LED Television', 56, 134, '', 1, '2016-11-21 10:41:57', NULL, NULL, NULL, NULL, 1),
(159, 'Walton Microwave Oven', 56, 134, '', 1, '2016-11-21 10:42:18', NULL, NULL, NULL, NULL, 1),
(160, 'Walton Motorcycle', 56, 134, '', 1, '2016-11-21 10:42:36', NULL, NULL, NULL, NULL, 1),
(161, 'Walton Laptop', 56, 134, '', 1, '2016-11-21 10:43:06', NULL, NULL, NULL, NULL, 1),
(162, 'Walton Light', 56, 134, '', 1, '2016-11-21 10:43:28', NULL, NULL, NULL, NULL, 1),
(163, 'Walton Fan', 56, 134, '', 1, '2016-11-21 10:43:51', NULL, NULL, NULL, NULL, 1),
(164, 'Walton Blender', 56, 134, '', 1, '2016-11-21 10:44:16', NULL, NULL, NULL, NULL, 1),
(165, 'Walton Iron', 56, 134, '', 1, '2016-11-21 10:44:44', NULL, NULL, NULL, NULL, 1),
(166, 'Green University', 58, 143, '', 1, '2016-11-22 06:00:44', 1, '2017-05-15 09:21:46', NULL, NULL, 1),
(167, 'US-Bangla Airlines', 58, 144, '', 1, '2016-11-22 06:04:21', NULL, NULL, NULL, NULL, 1),
(168, 'Purbachal American City', 58, 145, '', 1, '2016-11-22 06:04:48', NULL, NULL, NULL, NULL, 1),
(169, 'East American City', 58, 145, '', 1, '2016-11-22 06:05:08', NULL, NULL, NULL, NULL, 1),
(170, 'Hero Glamour', 59, 146, '', 1, '2016-11-22 06:11:10', NULL, NULL, NULL, NULL, 1),
(171, 'Singer LED TV', 55, 127, '', 1, '2016-11-22 06:15:28', 1, '2016-11-22 06:18:39', NULL, NULL, 1),
(172, 'Emirates Airline', 60, 148, '', 1, '2016-11-22 06:28:53', 1, '2016-11-22 06:29:38', NULL, NULL, 1),
(173, 'Northern University', 61, 149, '', 1, '2016-11-22 06:37:26', 1, '2017-08-17 10:32:59', NULL, NULL, 1),
(174, 'Oriental Real Estate', 62, 150, '', 1, '2016-11-22 06:42:17', NULL, NULL, NULL, NULL, 1),
(175, 'Oriental Footware', 62, 150, '', 1, '2016-11-22 06:42:35', NULL, NULL, NULL, NULL, 1),
(176, 'Oriental Power', 62, 150, '', 1, '2016-11-22 06:43:27', NULL, NULL, NULL, NULL, 1),
(177, 'Metal Ripper', 63, 151, '', 1, '2016-11-22 06:47:03', NULL, NULL, NULL, NULL, 1),
(178, 'US-Bangla Medical College', 58, 152, '', 1, '2016-11-22 07:22:35', NULL, NULL, NULL, NULL, 1),
(179, 'RFL Plastics', 8, 21, '', 1, '2016-11-22 08:07:03', NULL, NULL, NULL, NULL, 1),
(180, 'Good Luck Gel Pen', 8, 68, '', 1, '2016-11-22 08:12:33', NULL, NULL, NULL, NULL, 1),
(181, 'AirAsia', 65, 153, '', 1, '2016-11-22 08:21:15', NULL, NULL, NULL, NULL, 1),
(182, 'Prothom Alo', 66, 154, '', 1, '2016-11-22 08:27:10', NULL, NULL, NULL, NULL, 1),
(183, 'Anwar Landmaker', 75, 155, '', 1, '2016-11-22 08:52:38', 1, '2017-04-10 14:34:16', NULL, NULL, 1),
(184, 'Athenas furniture & home dcor', 75, 160, '', 1, '2016-11-22 09:03:02', NULL, NULL, NULL, NULL, 1),
(186, 'Support Insulated Box', 8, 7, '', 1, '2016-11-22 09:12:56', 1, '2016-11-22 09:13:12', NULL, NULL, 1),
(187, 'JCB Loader', 44, 84, '', 1, '2016-11-22 09:17:36', 1, '2017-09-14 07:10:17', NULL, NULL, 1),
(188, 'Transtec', 66, 162, '', 1, '2016-11-22 09:37:17', NULL, NULL, NULL, NULL, 1),
(189, 'BBS Cables', 77, 163, '', 1, '2016-11-22 09:43:26', NULL, NULL, NULL, NULL, 1),
(190, 'Castrol Activ', 57, 140, '', 1, '2016-11-22 09:47:49', NULL, NULL, NULL, NULL, 1),
(191, 'Asian Paints', 78, 164, '', 1, '2016-11-22 09:54:59', NULL, NULL, NULL, NULL, 1),
(192, 'Confidence Cement', 213, 165, '', 1, '2016-11-22 09:55:37', 1, '2017-04-10 16:05:03', NULL, NULL, 1),
(194, 'Huawei Handset', 79, 166, '', 1, '2016-11-22 10:04:48', 1, '2017-08-29 07:24:26', NULL, NULL, 1),
(195, 'Parachute Body Lotion', 50, 120, '', 1, '2016-11-22 10:27:27', NULL, NULL, NULL, NULL, 1),
(196, 'Dove Shampoo', 110, 97, '', 1, '2016-11-22 10:32:06', 1, '2017-07-22 10:46:50', NULL, NULL, 1),
(197, 'Berger Robbialac', 80, 167, '', 1, '2016-11-22 10:40:12', 1, '2017-05-10 08:40:19', NULL, NULL, 1),
(198, 'Berger Home Decor', 80, 167, '', 1, '2016-11-22 10:40:47', NULL, NULL, NULL, NULL, 1),
(199, 'MR. Expert Damp Stop', 80, 167, '', 1, '2016-11-22 10:42:01', 1, '2017-04-03 11:59:50', NULL, NULL, 1),
(202, 'DBBL Rocket', 82, 169, '', 1, '2016-11-23 07:59:09', 1, '2017-04-03 12:08:08', NULL, NULL, 1),
(203, 'SCRM Steel', 83, 170, '', 1, '2016-11-23 08:07:37', 1, '2017-08-07 09:54:39', NULL, NULL, 1),
(204, 'Dano Milk', 84, 171, '', 1, '2016-11-23 08:46:19', 1, '2017-07-18 06:44:21', NULL, NULL, 1),
(205, 'Dano Fullcream Milk Powder', 84, 171, '', 1, '2016-11-23 08:46:45', NULL, NULL, NULL, NULL, 1),
(206, 'Dano Dairy', 84, 171, '', 1, '2016-11-23 08:47:09', NULL, NULL, NULL, NULL, 1),
(207, 'Robi', 85, 172, '', 1, '2016-11-23 09:16:34', NULL, NULL, NULL, NULL, 1),
(208, 'Southeast Bank', 86, 173, '', 1, '2016-11-23 09:23:18', NULL, NULL, NULL, NULL, 1),
(209, 'Pran Layer', 8, 9, '', 1, '2016-11-23 09:32:00', NULL, NULL, NULL, NULL, 1),
(210, 'Super Star CFL', 87, 174, '', 1, '2016-11-23 09:37:31', NULL, NULL, NULL, NULL, 1),
(211, 'MEP Gang Series', 52, 124, '', 1, '2016-11-23 10:03:53', NULL, NULL, NULL, NULL, 1),
(212, 'JAC Coaster Bus', 44, 220, '', 1, '2016-11-23 10:20:17', 1, '2017-09-27 11:01:35', NULL, NULL, 1),
(213, 'Indigo ecs', 59, 147, '', 1, '2016-11-23 10:39:58', NULL, NULL, NULL, NULL, 1),
(214, 'M P Air', 88, 175, '', 1, '2016-11-27 08:25:09', NULL, NULL, NULL, NULL, 1),
(215, 'Oppo Handset', 89, 176, '', 1, '2016-11-27 08:46:40', 1, '2017-08-29 07:10:31', NULL, NULL, 1),
(216, 'JMC Pickup', 90, 177, '', 1, '2016-11-27 09:01:24', NULL, NULL, NULL, NULL, 1),
(217, 'MEP LED Bulb', 52, 124, '', 1, '2016-11-27 09:03:25', NULL, NULL, NULL, NULL, 1),
(218, 'National Housing Finance', 93, 178, '', 1, '2016-11-27 09:15:19', NULL, NULL, NULL, NULL, 1),
(219, 'Molfix', 94, 179, '', 1, '2016-11-27 09:21:53', NULL, NULL, NULL, NULL, 1),
(220, 'BSB Global Network', 95, 180, '', 1, '2016-11-27 09:39:31', NULL, NULL, NULL, NULL, 1),
(221, 'BSB Foundation', 95, 180, '', 1, '2016-11-27 09:39:57', NULL, NULL, NULL, NULL, 1),
(222, 'Muffin Cake', 8, 182, '', 1, '2016-11-27 09:52:11', NULL, NULL, NULL, NULL, 1),
(224, 'Myone Smart LED TV', 97, 185, '', 1, '2016-11-27 10:18:28', NULL, NULL, NULL, NULL, 1),
(225, 'Eicher Go Pro', 98, 774, '', 1, '2016-11-27 10:49:56', 1, '2017-07-23 07:27:39', NULL, NULL, 1),
(226, 'Energy Plus', 99, 187, '', 1, '2016-11-28 06:46:47', NULL, NULL, NULL, NULL, 1),
(227, 'Nutty', 99, 187, '', 1, '2016-11-28 06:47:07', NULL, NULL, NULL, NULL, 1),
(228, 'Tip', 99, 187, '', 1, '2016-11-28 06:47:27', NULL, NULL, NULL, NULL, 1),
(229, 'Milk Plus', 99, 187, '', 1, '2016-11-28 06:47:58', NULL, NULL, NULL, NULL, 1),
(230, 'First Choice', 99, 187, '', 1, '2016-11-28 06:48:33', NULL, NULL, NULL, NULL, 1),
(231, 'Digestive', 99, 187, '', 1, '2016-11-28 06:48:52', NULL, NULL, NULL, NULL, 1),
(232, 'Energy Plus Malai Cream', 99, 187, '', 1, '2016-11-28 06:54:08', NULL, NULL, NULL, NULL, 1),
(233, 'Ekko Milk', 99, 187, '', 1, '2016-11-28 06:54:29', NULL, NULL, NULL, NULL, 1),
(234, 'Lexus', 99, 187, '', 1, '2016-11-28 06:54:47', NULL, NULL, NULL, NULL, 1),
(235, 'Juicy Litchi', 99, 187, '', 1, '2016-11-28 06:55:38', NULL, NULL, NULL, NULL, 1),
(236, 'Green Mango', 99, 187, '', 1, '2016-11-28 06:56:02', NULL, NULL, NULL, NULL, 1),
(237, 'Olympic Gold', 99, 187, '', 1, '2016-11-28 06:56:34', NULL, NULL, NULL, NULL, 1),
(238, 'Olympic Battery', 99, 187, '', 1, '2016-11-28 07:18:55', NULL, NULL, NULL, NULL, 1),
(239, 'RFL Water Pump', 8, 16, '', 1, '2016-11-28 07:29:37', NULL, NULL, NULL, NULL, 1),
(240, 'RFL Instant Water Heater', 8, 16, '', 1, '2016-11-28 07:29:59', NULL, NULL, NULL, NULL, 1),
(241, 'RFL', 8, 16, '', 1, '2016-11-28 07:30:31', NULL, NULL, NULL, NULL, 1),
(242, 'Bright Aluminium', 8, 13, '', 1, '2016-11-28 07:31:10', NULL, NULL, NULL, NULL, 1),
(243, 'Bashundhara Abashik Prokolpo', 125, 209, '', 1, '2016-11-28 07:33:55', 1, '2017-07-18 07:48:07', NULL, NULL, 1),
(244, 'Click Energy Saving Lamp', 8, 2, '', 1, '2016-11-28 08:16:13', NULL, NULL, NULL, NULL, 1),
(245, 'RFL Weighting scale', 8, 16, '', 1, '2016-11-28 08:42:56', 1, '2017-08-05 12:12:56', NULL, NULL, 1),
(246, 'Lifebuoy Soap', 47, 99, '', 1, '2016-11-28 09:38:53', 1, '2017-06-11 09:42:51', NULL, NULL, 1),
(247, 'Pepsodent', 110, 101, '', 1, '2016-11-28 09:39:20', 1, '2017-07-24 09:59:54', NULL, NULL, 1),
(248, 'Lipice', 48, 91, '', 1, '2016-11-28 09:41:14', NULL, NULL, NULL, NULL, 1),
(249, 'Radhuni Mustard Oil', 10, 24, '', 1, '2016-11-28 09:50:46', 1, '2017-04-03 13:14:06', NULL, NULL, 1),
(250, 'Radhuni Moricher Gura', 10, 24, '', 1, '2016-11-28 09:51:28', NULL, NULL, NULL, NULL, 1),
(251, 'Radhuni Holuder Gura', 10, 24, '', 1, '2016-11-28 09:51:47', NULL, NULL, NULL, NULL, 1),
(252, 'Radhuni Dhoniar Gura', 10, 24, '', 1, '2016-11-28 09:52:13', NULL, NULL, NULL, NULL, 1),
(253, 'Canton Soup', 8, 189, '', 1, '2016-11-28 09:53:58', NULL, NULL, NULL, NULL, 1),
(254, 'Pran Noodles', 8, 9, '', 1, '2016-11-28 09:54:29', NULL, NULL, NULL, NULL, 1),
(255, 'Blockbuster cinemas', 139, 238, '', 1, '2016-11-28 10:02:40', 1, '2017-04-05 08:14:38', NULL, NULL, 1),
(257, 'Tibet Luxury Soap', 232, 499, '', 1, '2016-11-28 10:05:02', 1, '2017-06-10 07:30:41', NULL, NULL, 1),
(258, 'Vaseline', 47, 106, '', 1, '2016-11-28 10:05:24', NULL, NULL, NULL, NULL, 1),
(260, 'Teer Atta', 103, 193, '', 1, '2016-11-28 10:14:46', NULL, NULL, NULL, NULL, 1),
(261, 'Teer Maida', 103, 193, '', 1, '2016-11-28 10:15:21', NULL, NULL, NULL, NULL, 1),
(262, 'Teer Suji', 103, 193, '', 1, '2016-11-28 10:16:09', 1, '2016-11-28 10:16:25', NULL, NULL, 1),
(263, 'Teer Mustard Oil', 103, 193, '', 1, '2016-11-28 10:18:58', 1, '2017-04-03 13:14:24', NULL, NULL, 1),
(264, 'Teer Soyabean Oil', 103, 193, '', 1, '2016-11-28 10:21:26', NULL, NULL, NULL, NULL, 1),
(265, 'Teer Salt', 103, 193, '', 1, '2016-11-28 10:22:10', NULL, NULL, NULL, NULL, 1),
(266, 'Teer Sugar', 103, 193, '', 1, '2016-11-28 10:22:35', NULL, NULL, NULL, NULL, 1),
(267, 'Teer Whole Wheat Atta', 103, 193, '', 1, '2016-11-28 10:23:52', NULL, NULL, NULL, NULL, 1),
(268, 'Asgar Ali Hospital', 103, 195, '', 1, '2016-11-28 10:29:20', NULL, NULL, NULL, NULL, 1),
(269, 'Jibon Drinking Water', 103, 194, '', 1, '2016-11-28 10:29:48', NULL, NULL, NULL, NULL, 1),
(270, 'Orsaline- N', 104, 196, '', 1, '2016-11-28 10:36:08', NULL, NULL, NULL, NULL, 1),
(272, 'Femicon', 104, 196, '', 1, '2016-11-28 10:36:40', NULL, NULL, NULL, NULL, 1),
(273, 'Femipil', 104, 196, '', 1, '2016-11-28 10:37:19', NULL, NULL, NULL, NULL, 1),
(274, 'Noret- 28', 104, 196, '', 1, '2016-11-28 10:37:46', NULL, NULL, NULL, NULL, 1),
(275, 'Ovacon Gold', 104, 196, '', 1, '2016-11-28 10:38:09', NULL, NULL, NULL, NULL, 1),
(276, 'Mypill', 104, 196, '', 1, '2016-11-28 10:38:32', NULL, NULL, NULL, NULL, 1),
(277, 'Panther', 104, 196, '', 1, '2016-11-28 10:49:20', NULL, NULL, NULL, NULL, 1),
(278, 'Joya Napkin', 104, 196, '', 1, '2016-11-28 10:50:57', 1, '2017-06-13 07:34:44', NULL, NULL, 1),
(279, 'Walton Rice Cooker', 56, 134, '', 1, '2016-11-29 07:12:47', NULL, NULL, NULL, NULL, 1),
(280, 'King\'s', 102, 191, '', 1, '2017-01-31 11:04:17', NULL, NULL, NULL, NULL, 1),
(281, 'Fortune Rice Bran Oil', 102, 192, '', 1, '2017-01-31 11:05:00', 1, '2017-07-09 07:52:34', NULL, NULL, 1),
(282, 'Helo', 96, 184, '', 1, '2017-02-01 03:31:45', NULL, NULL, NULL, NULL, 1),
(283, 'Cambrian College', 95, 181, '', 1, '2017-02-01 03:32:35', NULL, NULL, NULL, NULL, 1),
(285, 'AG Automobile', 71, 158, '', 1, '2017-02-01 03:36:07', NULL, NULL, NULL, NULL, 1),
(286, 'A1', 70, 157, '', 1, '2017-02-01 03:36:29', NULL, NULL, NULL, NULL, 1),
(288, 'Rahimafrooz', 57, 135, '', 1, '2017-02-01 03:39:24', NULL, NULL, NULL, NULL, 1),
(289, 'Globatt', 57, 136, '', 1, '2017-02-01 03:39:42', NULL, NULL, NULL, NULL, 1),
(290, 'Dunlop', 57, 137, '', 1, '2017-02-01 03:39:56', NULL, NULL, NULL, NULL, 1),
(291, 'Spark IPS Battery', 57, 138, '', 1, '2017-02-01 03:40:12', 1, '2017-04-20 07:03:10', NULL, NULL, 1),
(292, 'Agora', 57, 139, '', 1, '2017-02-01 03:40:27', NULL, NULL, NULL, NULL, 1),
(293, 'Daewoo', 57, 141, '', 1, '2017-02-01 03:40:44', NULL, NULL, NULL, NULL, 1),
(294, 'Quickfill', 57, 142, '', 1, '2017-02-01 03:41:05', NULL, NULL, NULL, NULL, 1),
(295, 'Beko', 55, 128, '', 1, '2017-02-01 03:41:43', NULL, NULL, NULL, NULL, 1),
(296, 'Panasonic', 55, 130, '', 1, '2017-02-01 03:42:11', NULL, NULL, NULL, NULL, 1),
(297, 'Samsung', 55, 131, '', 1, '2017-02-01 03:42:39', 1, '2017-07-27 08:09:51', NULL, NULL, 1),
(298, 'Sebec', 55, 132, '', 1, '2017-02-01 03:43:10', NULL, NULL, NULL, NULL, 1),
(299, 'Toshiba', 55, 133, '', 1, '2017-02-01 03:43:41', NULL, NULL, NULL, NULL, 1),
(300, 'Sandalina Soap', 232, 114, '', 1, '2017-02-01 03:45:05', 1, '2017-06-10 07:22:19', NULL, NULL, 1),
(301, 'Ice Cool Soap', 232, 520, '', 1, '2017-02-01 03:45:50', 1, '2017-06-10 07:52:09', NULL, NULL, 1),
(302, 'Fruity Chap Stick', 232, 649, '', 1, '2017-02-01 03:46:21', 1, '2017-06-10 07:55:31', NULL, NULL, 1),
(303, 'Clean Master Liquid Toilet Cleaner', 232, 650, '', 1, '2017-02-01 03:51:11', 1, '2017-06-10 07:59:06', NULL, NULL, 1),
(304, 'Xpert', 51, 118, '', 1, '2017-02-01 03:51:44', NULL, NULL, NULL, NULL, 1),
(305, 'Set Wet', 50, 119, '', 1, '2017-02-01 03:52:11', NULL, NULL, NULL, NULL, 1),
(306, 'Saffola', 50, 121, '', 1, '2017-02-01 03:52:42', NULL, NULL, NULL, NULL, 1),
(307, 'Livon', 50, 122, '', 1, '2017-02-01 03:53:04', NULL, NULL, NULL, NULL, 1),
(309, 'Oxy', 48, 89, '', 1, '2017-02-01 03:54:43', NULL, NULL, NULL, NULL, 1),
(310, 'Lip on Lip', 48, 92, '', 1, '2017-02-01 03:55:22', NULL, NULL, NULL, NULL, 1),
(311, 'AXE', 47, 94, '', 1, '2017-02-01 03:55:48', NULL, NULL, NULL, NULL, 1),
(312, 'Clear Shampoo', 110, 95, '', 1, '2017-02-01 03:56:45', 1, '2017-07-24 11:27:59', NULL, NULL, 1),
(313, 'Closeup Toothpaste', 110, 96, '', 1, '2017-02-01 03:57:11', 1, '2017-07-23 07:47:29', NULL, NULL, 1),
(314, 'Knorr Noodles', 47, 98, '', 1, '2017-02-01 03:58:13', 1, '2017-04-15 11:32:34', NULL, NULL, 1),
(315, 'Lux Velvet Touch', 110, 100, '', 1, '2017-02-01 03:58:51', 1, '2017-07-19 11:54:26', NULL, NULL, 1),
(316, 'Pond\'s', 110, 102, '', 1, '2017-02-01 03:59:20', 1, '2017-07-24 10:04:53', NULL, NULL, 1),
(317, 'Rexona', 110, 103, '', 1, '2017-02-01 03:59:48', 1, '2017-07-22 11:08:51', NULL, NULL, 1),
(318, 'Sunsilk', 110, 104, '', 1, '2017-02-01 04:00:10', 1, '2017-07-22 11:36:35', NULL, NULL, 1),
(319, 'Tresemme', 233, 105, '', 1, '2017-02-01 04:00:38', 1, '2017-04-12 09:01:27', NULL, NULL, 1),
(320, 'Pure it Water Filter', 110, 107, '', 1, '2017-02-01 04:01:07', 1, '2017-07-23 08:49:40', NULL, NULL, 1),
(321, 'Rin Detergent Powder', 110, 108, '', 1, '2017-02-01 04:01:31', 1, '2017-07-22 11:12:26', NULL, NULL, 1),
(323, 'Taaza', 47, 110, '', 1, '2017-02-01 04:02:38', NULL, NULL, NULL, NULL, 1),
(324, 'Vim Bar', 110, 111, '', 1, '2017-02-01 04:02:58', 1, '2017-07-23 07:51:37', NULL, NULL, 1),
(325, 'Wheel Detergent powder', 47, 112, '', 1, '2017-02-01 04:03:30', 1, '2017-04-23 09:05:52', NULL, NULL, 1),
(326, 'Best Electronics', 113, 82, '', 1, '2017-02-01 04:08:39', 1, '2017-07-17 07:03:11', NULL, NULL, 1),
(327, 'Kpl Plastics', 43, 83, '', 1, '2017-02-01 04:09:39', NULL, NULL, NULL, NULL, 1),
(329, 'Bashundhara Paper', 28, 64, '', 1, '2017-02-01 04:11:59', NULL, NULL, NULL, NULL, 1),
(330, 'Bashundhara Tissue', 28, 65, '', 1, '2017-02-01 04:12:20', NULL, NULL, NULL, NULL, 1),
(331, 'Monalisa', 28, 66, '', 1, '2017-02-01 04:12:46', NULL, NULL, NULL, NULL, 1),
(332, 'King Brand Cement', 27, 63, '', 1, '2017-02-01 04:13:22', NULL, NULL, NULL, NULL, 1),
(333, 'Kaler Kantho', 25, 57, '', 1, '2017-02-01 04:14:08', NULL, NULL, NULL, NULL, 1),
(334, 'Bangladesh Protidin', 34, 648, '', 1, '2017-02-01 04:14:56', 1, '2017-06-10 08:03:08', NULL, NULL, 1),
(335, 'Daily Sun', 34, 648, '', 1, '2017-02-01 04:15:28', 1, '2017-06-10 08:03:20', NULL, NULL, 1),
(336, 'Banglanews24.com', 34, 648, '', 1, '2017-02-01 04:16:22', 1, '2017-06-10 08:14:06', NULL, NULL, 1),
(338, 'Capital FM', 34, 648, '', 1, '2017-02-01 04:17:14', 1, '2017-06-10 08:14:34', NULL, NULL, 1),
(340, 'Clemon Soft Drinks', 21, 51, '', 1, '2017-02-01 04:20:22', 1, '2017-08-30 09:17:45', NULL, NULL, 1),
(341, 'Mojo', 21, 52, '', 1, '2017-02-01 04:20:47', NULL, NULL, NULL, NULL, 1),
(342, 'Spa', 21, 54, '', 1, '2017-02-01 04:21:13', NULL, NULL, NULL, NULL, 1),
(343, 'Frutika', 21, 55, '', 1, '2017-02-01 04:22:06', NULL, NULL, NULL, NULL, 1),
(345, 'Fire Box', 20, 49, '', 1, '2017-02-01 04:24:07', NULL, NULL, NULL, NULL, 1),
(346, 'Yamaha', 18, 48, '', 1, '2017-02-01 04:24:58', NULL, NULL, NULL, NULL, 1),
(348, 'Fun', 16, 46, '', 1, '2017-02-01 04:26:17', NULL, NULL, NULL, NULL, 1),
(349, 'ACI Pure Mixed Dal', 128, 446, '', 1, '2017-02-01 04:26:42', 1, '2017-06-07 11:20:02', NULL, NULL, 1),
(350, 'ACI Pure Salt', 128, 446, '', 1, '2017-02-01 04:27:25', 1, '2017-06-07 11:20:34', NULL, NULL, 1),
(351, 'Jui Hair Oil', 12, 27, '', 1, '2017-02-01 04:27:58', 1, '2017-06-07 11:47:31', NULL, NULL, 1),
(352, 'Meril', 12, 28, '', 1, '2017-02-01 04:28:26', NULL, NULL, NULL, NULL, 1),
(353, 'Kool', 12, 30, '', 1, '2017-02-01 04:28:48', NULL, NULL, NULL, NULL, 1),
(354, 'Super Mom', 12, 31, '', 1, '2017-02-01 04:31:04', NULL, NULL, NULL, NULL, 1),
(355, 'Senora Sanitary Napkin', 12, 32, '', 1, '2017-02-01 04:31:42', 1, '2017-06-20 09:21:15', NULL, NULL, 1),
(356, 'Zerocal', 12, 33, '', 1, '2017-02-01 04:32:03', NULL, NULL, NULL, NULL, 1),
(357, 'Magic', 12, 34, '', 1, '2017-02-01 04:32:30', NULL, NULL, NULL, NULL, 1),
(358, 'Sepnil', 12, 35, '', 1, '2017-02-01 04:32:57', NULL, NULL, NULL, NULL, 1),
(359, 'White Plus', 12, 36, '', 1, '2017-02-01 04:33:42', NULL, NULL, NULL, NULL, 1),
(360, 'Select Plus', 12, 37, '', 1, '2017-02-01 04:34:07', NULL, NULL, NULL, NULL, 1),
(361, 'Xpel', 12, 38, '', 1, '2017-02-01 04:34:24', NULL, NULL, NULL, NULL, 1),
(362, 'Shakti', 12, 39, '', 1, '2017-02-01 04:34:50', NULL, NULL, NULL, NULL, 1),
(363, 'Spring', 12, 40, '', 1, '2017-02-01 04:35:11', NULL, NULL, NULL, NULL, 1),
(364, 'Maxclean', 12, 41, '', 1, '2017-02-01 04:35:40', NULL, NULL, NULL, NULL, 1),
(365, 'Chaka Super White Powder', 12, 42, '', 1, '2017-02-01 04:36:06', 1, '2017-07-19 08:42:12', NULL, NULL, 1),
(366, 'Chamak', 12, 43, '', 1, '2017-02-01 04:36:29', NULL, NULL, NULL, NULL, 1),
(367, 'Ruchi Chanachur', 10, 23, '', 1, '2017-02-01 04:37:23', 1, '2017-04-10 11:07:43', NULL, NULL, 1),
(368, 'Chashi Chinigura Rice', 10, 25, '', 1, '2017-02-01 04:38:03', 1, '2017-07-03 09:55:52', NULL, NULL, 1),
(370, 'Regal Furniture', 8, 8, '', 1, '2017-02-01 04:40:50', NULL, NULL, NULL, NULL, 1),
(371, 'Vigo Wardrobe', 8, 10, '', 1, '2017-02-01 04:41:14', 1, '2017-05-29 07:39:01', NULL, NULL, 1),
(372, 'Duranta', 8, 12, '', 1, '2017-02-01 04:41:45', NULL, NULL, NULL, NULL, 1),
(373, 'Xpart Water Pump', 8, 14, '', 1, '2017-02-01 04:43:01', 1, '2017-04-11 09:56:34', NULL, NULL, 1),
(374, 'Oscar', 8, 72, '', 1, '2017-02-01 04:44:04', NULL, NULL, NULL, NULL, 1),
(375, 'Maxx Cola', 8, 71, '', 1, '2017-02-01 04:44:34', NULL, NULL, NULL, NULL, 1),
(376, 'All Time', 8, 69, '', 1, '2017-02-01 04:45:05', NULL, NULL, NULL, NULL, 1),
(377, 'Best Buy', 8, 22, '', 1, '2017-02-01 04:45:30', NULL, NULL, NULL, NULL, 1),
(378, 'TEL Plastics', 8, 19, '', 1, '2017-02-01 04:47:42', NULL, NULL, NULL, NULL, 1),
(379, 'Shine', 8, 18, '', 1, '2017-02-01 04:49:18', NULL, NULL, NULL, NULL, 1),
(380, 'Falcon', 8, 17, '', 1, '2017-02-01 04:49:42', NULL, NULL, NULL, NULL, 1),
(381, 'News24', 105, 197, '', 1, '2017-03-22 08:33:54', NULL, NULL, NULL, NULL, 1),
(382, 'Radio Capital', 106, 198, '', 1, '2017-03-22 09:19:48', NULL, NULL, NULL, NULL, 1),
(385, 'UCB', 108, 200, '', 1, '2017-03-22 10:29:22', NULL, NULL, NULL, NULL, 1),
(386, 'Fair & Lovely Men', 110, 201, '', 1, '2017-03-23 09:14:30', NULL, NULL, NULL, NULL, 1),
(388, 'Anwar Cement', 75, 382, '', 1, '2017-03-23 10:18:28', 1, '2017-11-14 10:10:21', NULL, NULL, 1),
(389, 'Hitachi Refrigerator', 112, 204, '', 1, '2017-03-25 09:59:10', NULL, NULL, NULL, NULL, 1),
(390, 'Conion Air Conditioner', 113, 205, '', 1, '2017-03-25 10:09:27', 1, '2017-07-18 06:43:13', NULL, NULL, 1),
(397, 'Bajaj Auto Rikshwa', 118, 210, '', 1, '2017-04-03 10:49:02', 1, '2017-07-18 06:36:36', NULL, NULL, 1),
(399, 'Good Luck Forever Ballpen', 8, 68, '', 1, '2017-04-03 11:20:22', NULL, NULL, NULL, NULL, 1),
(400, 'World University', 119, 212, '', 1, '2017-04-04 07:35:45', NULL, NULL, NULL, NULL, 1),
(401, 'Uttara University', 120, 213, '', 1, '2017-04-04 07:39:54', NULL, NULL, NULL, NULL, 1),
(402, 'Marks Diabetic Milk', 121, 214, '', 1, '2017-04-04 07:43:14', NULL, NULL, NULL, NULL, 1),
(403, 'Uttara Motors', 118, 215, '', 1, '2017-04-04 07:52:04', NULL, NULL, NULL, NULL, 1),
(404, 'Suzuki', 118, 216, '', 1, '2017-04-04 07:53:41', NULL, NULL, NULL, NULL, 1),
(405, 'ULAB', 122, 218, '', 1, '2017-04-04 07:59:44', NULL, NULL, NULL, NULL, 1),
(406, 'Super Star LED', 87, 174, '', 1, '2017-04-04 08:10:48', NULL, NULL, NULL, NULL, 1),
(407, 'SIBL Foundation', 123, 219, '', 1, '2017-04-04 08:19:19', NULL, NULL, NULL, NULL, 1),
(408, 'Pran Matha', 8, 9, '', 1, '2017-04-04 08:35:56', NULL, NULL, NULL, NULL, 1),
(409, 'Good Luck Sharpner', 8, 68, '', 1, '2017-04-04 08:38:35', NULL, NULL, NULL, NULL, 1),
(410, 'Janata Bank', 124, 222, '', 1, '2017-04-04 08:43:45', NULL, NULL, NULL, NULL, 1),
(411, 'Fair & Lovely Men Facewash', 110, 88, '', 1, '2017-04-04 10:05:35', 1, '2017-07-22 11:02:39', NULL, NULL, 1),
(412, 'Poppers', 127, 223, '', 1, '2017-04-04 10:14:02', NULL, NULL, NULL, NULL, 1),
(413, 'Doodles Noodles', 127, 224, '', 1, '2017-04-04 10:27:17', 1, '2017-06-11 08:51:23', NULL, NULL, 1),
(414, 'Savlon Handwash', 128, 225, '', 1, '2017-04-04 10:33:12', 1, '2017-07-19 12:07:59', NULL, NULL, 1),
(415, 'Stamford University', 129, 226, '', 1, '2017-04-04 10:50:13', NULL, NULL, NULL, NULL, 1),
(416, 'IUBAT', 130, 227, '', 1, '2017-04-04 10:55:23', NULL, NULL, NULL, NULL, 1),
(417, 'IDCOL', 131, 228, '', 1, '2017-04-04 10:58:42', NULL, NULL, NULL, NULL, 1),
(418, 'Laxmi Bilas', 132, 229, '', 1, '2017-04-04 11:11:57', NULL, NULL, NULL, NULL, 1),
(419, 'Walton', 56, 134, '', 1, '2017-04-04 11:29:28', NULL, NULL, NULL, NULL, 1),
(420, 'UPVC Fittings', 8, 230, '', 1, '2017-04-04 11:47:54', NULL, NULL, NULL, NULL, 1),
(421, 'SIBL', 39, 231, '', 1, '2017-04-04 11:59:17', NULL, NULL, NULL, NULL, 1),
(422, 'Union Bank', 134, 232, '', 1, '2017-04-04 12:00:39', NULL, NULL, NULL, NULL, 1),
(423, 'Sera Water Tank', 8, 233, '', 1, '2017-04-04 12:13:08', NULL, NULL, NULL, NULL, 1),
(424, 'Jamuna Fan', 135, 234, '', 1, '2017-04-04 12:13:09', NULL, NULL, NULL, NULL, 1),
(425, 'Ibn Sina', 137, 235, '', 1, '2017-04-05 07:52:21', NULL, NULL, NULL, NULL, 1),
(426, 'Asian University of Bangladesh', 138, 236, '', 1, '2017-04-05 08:05:31', NULL, NULL, NULL, NULL, 1),
(427, 'Daffodil International University', 140, 237, '', 1, '2017-04-05 08:12:56', NULL, NULL, NULL, NULL, 1),
(428, 'Premier Cement', 141, 239, '', 1, '2017-04-05 08:22:59', NULL, NULL, NULL, NULL, 1),
(429, 'Shwapno', 203, 240, '', 1, '2017-04-05 08:29:49', 1, '2017-04-10 14:11:17', NULL, NULL, 1),
(430, 'Mega Power tools', 142, 241, '', 1, '2017-04-05 08:56:30', 1, '2017-05-14 09:34:44', NULL, NULL, 1),
(431, 'Angelic', 143, 242, '', 1, '2017-04-05 09:07:33', NULL, NULL, NULL, NULL, 1),
(432, 'Akboria Sweet Toast', 590, 243, '', 1, '2017-04-05 09:11:16', 1, '2017-08-10 10:49:41', NULL, NULL, 1),
(433, 'Opso Saline', 145, 244, 'General', 1, '2017-04-05 09:18:24', NULL, NULL, NULL, NULL, 1),
(434, 'Minister Fan', 97, 245, '', 1, '2017-04-05 09:18:54', NULL, NULL, NULL, NULL, 1),
(436, 'AnB Pump', 147, 247, '', 1, '2017-04-05 09:42:57', NULL, NULL, NULL, NULL, 1),
(437, 'Media Led Samrt TV', 148, 248, '', 1, '2017-04-05 09:51:58', NULL, NULL, NULL, NULL, 1),
(438, 'T-KING', 149, 249, '', 1, '2017-04-05 09:55:14', NULL, NULL, NULL, NULL, 1),
(439, 'Ghazi Real Estate', 150, 250, '', 1, '2017-04-05 10:01:11', 1, '2017-10-29 09:25:51', NULL, NULL, 1),
(440, 'Ghani Mustard Oil', 151, 251, '', 1, '2017-04-05 10:11:08', 1, '2017-07-16 07:06:51', NULL, NULL, 1),
(441, 'RSRM Steel', 152, 252, '', 1, '2017-04-05 10:15:59', 1, '2017-08-09 08:15:49', NULL, NULL, 1),
(442, 'Dhaka Bakery', 153, 253, '', 1, '2017-04-05 10:16:28', NULL, NULL, NULL, NULL, 1),
(443, 'Rahul Mustard Oil', 154, 254, '', 1, '2017-04-05 10:25:00', NULL, NULL, NULL, NULL, 1),
(444, 'Air Asia Airlines', 155, 255, '', 1, '2017-04-05 10:26:41', NULL, NULL, NULL, NULL, 1),
(445, 'Pran Jugol Chatni', 8, 9, '', 1, '2017-04-05 10:34:58', NULL, NULL, NULL, NULL, 1),
(446, 'GPH Ispat', 156, 256, '', 1, '2017-04-05 10:42:33', NULL, NULL, NULL, NULL, 1),
(447, 'Kakur Kitchen', 157, 257, '', 1, '2017-04-05 10:48:24', NULL, NULL, NULL, NULL, 1),
(448, 'Goalini Condensed milk', 158, 258, '', 1, '2017-04-05 10:53:30', NULL, NULL, NULL, NULL, 1),
(449, 'Canon Photocopier', 159, 259, '', 1, '2017-04-05 10:57:53', 1, '2017-09-16 09:27:07', NULL, NULL, 1),
(450, 'First Security Islami Bank', 160, 260, '', 1, '2017-04-05 11:03:17', NULL, NULL, NULL, NULL, 1),
(451, 'S.Alam Sugar', 161, 261, '', 1, '2017-04-05 11:05:46', NULL, NULL, NULL, NULL, 1),
(452, 'Sharp Air Conditioner', 100, 262, '', 1, '2017-04-05 11:10:33', 1, '2017-07-24 09:31:03', NULL, NULL, 1),
(453, 'Apex Foam', 162, 771, '', 1, '2017-04-05 11:20:51', 1, '2017-07-24 08:59:36', NULL, NULL, 1),
(454, 'Duranta Bicycle', 8, 16, '', 1, '2017-04-06 07:05:38', 1, '2017-05-23 09:25:15', NULL, NULL, 1),
(455, 'UltraTech Cement', 163, 264, '', 1, '2017-04-06 07:11:00', NULL, NULL, NULL, NULL, 1),
(456, 'John Deere Trucktor', 44, 266, '', 1, '2017-04-06 07:17:28', 1, '2017-04-06 07:24:22', NULL, NULL, 1),
(457, 'Sharp LED TV', 100, 262, '', 1, '2017-04-06 07:21:17', 1, '2017-10-04 09:38:16', NULL, NULL, 1),
(458, 'KB Foods', 164, 267, '', 1, '2017-04-06 07:31:07', NULL, NULL, NULL, NULL, 1),
(459, 'Deshbandhhu Chal', 165, 268, '', 1, '2017-04-06 07:34:53', 1, '2017-04-19 09:49:04', NULL, NULL, 1),
(460, 'Zinkalum Steel', 121, 269, '', 1, '2017-04-06 07:37:11', 1, '2017-04-06 07:38:30', NULL, NULL, 1),
(462, 'Fresh', 380, 270, '', 1, '2017-04-06 07:47:55', 1, '2017-07-26 08:14:10', NULL, NULL, 1),
(463, 'Savvy Food', 167, 271, '', 1, '2017-04-06 07:54:36', NULL, NULL, NULL, NULL, 1),
(464, 'Minister Fridge', 97, 245, '', 1, '2017-04-06 07:56:06', NULL, NULL, NULL, NULL, 1),
(466, 'Quantum  method', 169, 273, '', 1, '2017-04-06 08:20:05', NULL, NULL, NULL, NULL, 1),
(467, 'Premier Bank', 109, 274, '', 1, '2017-04-06 08:25:45', NULL, NULL, NULL, NULL, 1),
(468, 'Electra', 170, 275, '', 1, '2017-04-06 08:37:15', NULL, NULL, NULL, NULL, 1),
(469, 'Rahul Atta', 154, 254, '', 1, '2017-04-06 08:37:15', NULL, NULL, NULL, NULL, 1),
(470, 'Food Village Bread', 151, 251, '', 1, '2017-04-06 08:59:07', NULL, NULL, NULL, NULL, 1),
(471, 'Minister LED TV', 97, 245, '', 1, '2017-04-06 09:02:15', NULL, NULL, NULL, NULL, 1),
(472, 'BUBT ', 171, 276, '', 1, '2017-04-06 09:09:07', NULL, NULL, NULL, NULL, 1),
(473, 'Bellissimo Premium ice cream', 172, 277, '', 1, '2017-04-06 09:20:58', 1, '2017-08-13 08:08:58', NULL, NULL, 1),
(474, 'One Bank', 173, 278, '', 1, '2017-04-06 09:46:25', NULL, NULL, NULL, NULL, 1),
(475, 'Husain Tyre', 162, 279, '', 1, '2017-04-06 10:05:24', NULL, NULL, NULL, NULL, 1),
(476, 'Eastern University', 174, 280, '', 1, '2017-04-06 10:07:23', NULL, NULL, NULL, NULL, 1),
(477, 'Pran Mr.Noodles', 8, 9, '', 1, '2017-04-06 10:15:18', 1, '2017-09-20 08:01:11', NULL, NULL, 1),
(480, 'MTB', 175, 281, '', 1, '2017-04-06 10:29:24', NULL, NULL, NULL, NULL, 1),
(481, 'RFL SWR Pipe', 8, 16, '', 1, '2017-04-06 10:33:12', NULL, NULL, NULL, NULL, 1),
(482, 'Linnex Combined Electronics', 176, 282, '', 1, '2017-04-06 10:51:39', 1, '2017-08-08 12:09:30', NULL, NULL, 1),
(483, 'Symphony Handset', 96, 183, '', 1, '2017-04-06 10:56:06', 1, '2017-08-29 07:11:14', NULL, NULL, 1),
(484, 'Dhaka Bank', 178, 284, '', 1, '2017-04-06 11:07:59', NULL, NULL, NULL, NULL, 1),
(485, 'Banglalink', 179, 285, '', 1, '2017-04-06 11:15:29', NULL, NULL, NULL, NULL, 1),
(486, 'Minister Air Conditioner ', 97, 245, '', 1, '2017-04-06 11:21:27', NULL, NULL, NULL, NULL, 1),
(488, 'Click Fan', 8, 2, '', 1, '2017-04-06 11:26:51', NULL, NULL, NULL, NULL, 1),
(491, 'Parachute Advanced', 50, 120, '', 1, '2017-04-06 11:44:46', NULL, NULL, NULL, NULL, 1),
(492, 'Concord', 181, 287, '', 1, '2017-04-06 11:48:38', NULL, NULL, NULL, NULL, 1),
(493, 'Support watter tank', 8, 7, '', 1, '2017-04-06 11:56:41', NULL, NULL, NULL, NULL, 1),
(494, 'Independent University', 182, 288, '', 1, '2017-04-06 12:04:42', NULL, NULL, NULL, NULL, 1),
(495, 'UDDL', 183, 289, '', 1, '2017-04-06 12:12:43', NULL, NULL, NULL, NULL, 1),
(496, 'Reflections', 184, 290, '', 1, '2017-04-06 12:20:09', NULL, NULL, NULL, NULL, 1),
(497, 'SHELTECH', 185, 291, '', 1, '2017-04-09 08:07:03', 1, '2017-04-09 08:08:43', NULL, NULL, 1),
(498, 'Crede\'nce Apartments', 186, 292, '', 1, '2017-04-09 08:16:46', 1, '2017-07-16 07:18:42', NULL, NULL, 1),
(499, 'Ridge Park', 187, 293, '', 1, '2017-04-09 08:25:14', NULL, NULL, NULL, NULL, 1),
(500, 'Grand Properties', 188, 294, '', 1, '2017-04-09 08:32:33', NULL, NULL, NULL, NULL, 1),
(501, 'BDDL', 189, 295, '', 1, '2017-04-09 08:43:47', 1, '2017-07-18 06:38:43', NULL, NULL, 1),
(502, 'Basic Builders', 190, 296, '', 1, '2017-04-09 09:39:45', NULL, NULL, NULL, NULL, 1),
(503, 'City Bank', 73, 297, '', 1, '2017-04-09 09:50:41', 1, '2017-11-06 09:33:45', NULL, NULL, 1),
(504, 'SouthEast University', 192, 298, '', 1, '2017-04-09 10:14:32', NULL, NULL, NULL, NULL, 1),
(505, 'Regal Furniture', 8, 16, '', 1, '2017-04-09 10:26:09', NULL, NULL, NULL, NULL, 1),
(506, 'British Council', 193, 299, '', 1, '2017-04-09 10:37:16', NULL, NULL, NULL, NULL, 1),
(508, 'GEMCON', 195, 301, '', 1, '2017-04-09 11:00:37', NULL, NULL, NULL, NULL, 1),
(509, 'Al-Arafah Islami Bank', 196, 302, '', 1, '2017-04-09 11:22:11', NULL, NULL, NULL, NULL, 1),
(510, 'Partex Door', 197, 303, 'Partex Group', 1, '2017-04-09 11:35:43', 1, '2017-10-26 10:44:37', NULL, NULL, 1),
(511, 'TATA AC Mini Bus', 59, 147, '', 1, '2017-04-09 11:49:24', 1, '2017-07-18 06:27:55', NULL, NULL, 1),
(512, 'Elite Paints', 198, 304, '', 1, '2017-04-10 08:26:07', 1, '2017-11-05 10:04:13', NULL, NULL, 1),
(513, 'Reedisha Biscuit', 199, 305, '', 1, '2017-04-10 08:44:09', 1, '2017-08-30 09:42:14', NULL, NULL, 1),
(514, 'KFC', 200, 306, '', 1, '2017-04-10 10:03:39', NULL, NULL, NULL, NULL, 1),
(515, 'Bkash', 201, 307, '', 1, '2017-04-10 10:11:40', NULL, NULL, NULL, NULL, 1),
(516, 'LG Smart TV', 202, 308, '', 1, '2017-04-10 10:37:57', 1, '2017-04-10 14:03:14', NULL, NULL, 1),
(517, 'Pran Ghee', 8, 9, '', 1, '2017-04-10 10:55:33', NULL, NULL, NULL, NULL, 1),
(518, 'Airtel', 204, 309, '', 1, '2017-04-10 14:18:40', NULL, NULL, NULL, NULL, 1),
(519, 'Akboria Popular Cake', 590, 243, '', 1, '2017-04-10 14:22:56', 1, '2017-08-10 10:49:08', NULL, NULL, 1),
(520, 'AIUB', 205, 310, '', 1, '2017-04-10 14:28:11', NULL, NULL, NULL, NULL, 1),
(521, 'Tourino Tyre', 206, 311, '', 1, '2017-04-10 14:45:09', NULL, NULL, NULL, NULL, 1),
(523, 'Altech Aluminium', 208, 313, '', 1, '2017-04-10 15:30:05', NULL, NULL, NULL, NULL, 1),
(524, 'FedEx Express', 209, 314, '', 1, '2017-04-10 15:35:26', NULL, NULL, NULL, NULL, 1),
(526, 'Bank Asia', 211, 316, '', 1, '2017-04-10 15:46:59', NULL, NULL, NULL, NULL, 1),
(527, 'Berger Paints', 80, 167, '', 1, '2017-04-10 15:57:16', 1, '2017-11-05 09:08:36', NULL, NULL, 1),
(528, 'Brac University', 212, 317, '', 1, '2017-04-10 15:59:26', NULL, NULL, NULL, NULL, 1),
(529, 'Dekko Crackers', 214, 318, '', 1, '2017-04-10 16:06:53', 1, '2017-07-13 11:17:30', NULL, NULL, 1),
(530, 'Desh Tank', 215, 319, '', 1, '2017-04-10 16:11:32', NULL, NULL, NULL, NULL, 1),
(531, 'NRB Global Bank', 216, 320, '', 1, '2017-04-11 07:36:32', NULL, NULL, NULL, NULL, 1),
(532, 'Energypac Generator Parts', 44, 84, '', 1, '2017-04-11 07:50:18', 1, '2017-07-18 06:45:56', NULL, NULL, 1),
(533, 'Muskan Salt', 158, 321, '', 1, '2017-04-11 08:39:36', 1, '2017-08-26 12:31:18', NULL, NULL, 1),
(534, 'Pubali Bank', 219, 322, '', 1, '2017-04-11 08:51:53', NULL, NULL, NULL, NULL, 1),
(535, 'Ghani Mustard Oil', 220, 323, '', 1, '2017-04-11 09:11:25', 1, '2017-04-11 09:13:29', NULL, NULL, 1),
(536, 'RFL Gas Stove', 8, 16, '', 1, '2017-04-11 10:09:06', NULL, NULL, NULL, NULL, 1),
(537, 'Nova Combined Electronics', 221, 324, '', 1, '2017-04-11 10:26:52', 1, '2017-08-07 12:34:55', NULL, NULL, 1),
(538, 'Evana Cables', 222, 325, '', 1, '2017-04-11 10:36:37', NULL, NULL, NULL, NULL, 1),
(539, 'Mustafa UPVC Door', 223, 326, '', 1, '2017-04-11 10:52:02', NULL, NULL, NULL, NULL, 1),
(540, 'CCTV Solution', 224, 327, '', 1, '2017-04-11 11:12:27', NULL, NULL, NULL, NULL, 1),
(541, 'Pocha Saban', 225, 328, '', 1, '2017-04-11 11:34:04', NULL, NULL, NULL, NULL, 1),
(542, 'Jamuna Bank', 226, 329, '', 1, '2017-04-11 11:43:00', NULL, NULL, NULL, NULL, 1),
(543, 'Duranta Bicycle', 8, 12, '', 1, '2017-04-11 11:57:48', 1, '2017-05-13 11:50:35', NULL, NULL, 1),
(544, 'Amrita Chanachur', 227, 330, '', 1, '2017-04-12 07:11:51', NULL, NULL, NULL, NULL, 1),
(545, 'Amber', 228, 331, '', 1, '2017-04-12 07:22:52', NULL, NULL, NULL, NULL, 1),
(546, 'Legato', 229, 332, '', 1, '2017-04-12 07:30:00', NULL, NULL, NULL, NULL, 1),
(547, 'Pran Pasteurized Milk', 8, 9, '', 1, '2017-04-12 07:42:48', NULL, NULL, NULL, NULL, 1),
(548, 'Bti', 230, 333, '', 1, '2017-04-12 07:52:44', NULL, NULL, NULL, NULL, 1),
(549, 'Shah Cement', 231, 334, '', 1, '2017-04-12 08:10:56', NULL, NULL, NULL, NULL, 1),
(550, 'Fast Wash Detergent Powder', 232, 335, '', 1, '2017-04-12 08:35:18', 1, '2017-08-19 09:49:29', NULL, NULL, 1),
(551, 'Energypac Compressor', 44, 84, '', 1, '2017-04-12 09:11:54', NULL, NULL, NULL, NULL, 1),
(552, 'Eastland Insurance', 234, 336, '', 1, '2017-04-12 09:17:15', NULL, NULL, NULL, NULL, 1),
(553, 'United Finance', 235, 337, '', 1, '2017-04-12 09:22:51', NULL, NULL, NULL, NULL, 1),
(554, 'Mirpur Ceramics', 306, 427, '', 1, '2017-04-12 09:38:22', 1, '2017-05-08 11:59:33', NULL, NULL, 1),
(555, 'GSP Finance', 237, 339, '', 1, '2017-04-12 09:43:29', NULL, NULL, NULL, NULL, 1),
(556, 'Meridian Finance', 238, 340, '', 1, '2017-04-12 10:21:28', NULL, NULL, NULL, NULL, 1),
(557, 'BD Finance', 239, 341, '', 1, '2017-04-12 10:28:55', NULL, NULL, NULL, NULL, 1),
(558, 'BRAC EPL', 240, 342, '', 1, '2017-04-12 10:38:20', NULL, NULL, NULL, NULL, 1),
(559, 'First Finance', 241, 343, '', 1, '2017-04-12 10:50:57', NULL, NULL, NULL, NULL, 1),
(560, 'Prime Bank Investment', 242, 344, '', 1, '2017-04-12 11:17:28', NULL, NULL, NULL, NULL, 1),
(561, 'Pran Jelly', 8, 9, '', 1, '2017-04-12 11:26:18', NULL, NULL, NULL, NULL, 1),
(562, 'Runner Motorcycle', 243, 345, '', 1, '2017-04-12 11:50:06', 1, '2017-08-14 07:48:35', NULL, NULL, 1),
(563, 'Bangla Cat', 244, 346, '', 1, '2017-04-12 11:54:21', NULL, NULL, NULL, NULL, 1),
(564, 'Eastern Bank', 245, 347, '', 1, '2017-04-12 12:00:23', NULL, NULL, NULL, NULL, 1),
(565, 'Hatil Furniture', 246, 348, '', 1, '2017-04-12 12:22:09', NULL, NULL, NULL, NULL, 1),
(566, 'Bashundhara A4 Paper', 34, 791, '', 1, '2017-04-12 12:28:33', 1, '2017-09-28 08:35:35', NULL, NULL, 1),
(567, 'TATA SE 1613', 59, 147, '', 1, '2017-04-13 07:32:53', 1, '2017-07-12 12:00:58', NULL, NULL, 1),
(568, 'Gondhraj Oil', 132, 350, '', 1, '2017-04-13 08:07:04', 1, '2017-07-17 06:33:57', NULL, NULL, 1),
(569, 'United International University', 247, 351, '', 1, '2017-04-13 11:15:25', NULL, NULL, NULL, NULL, 1),
(570, 'Pond\'s Facial Cream', 110, 102, '', 1, '2017-04-15 07:37:36', 1, '2017-07-24 10:05:52', NULL, NULL, 1),
(571, 'Good Luck File', 8, 68, '', 1, '2017-04-15 08:02:19', NULL, NULL, NULL, NULL, 1),
(572, 'Kelvinator Air Conditioner', 248, 353, '', 1, '2017-04-15 08:20:35', NULL, NULL, NULL, NULL, 1),
(573, 'Puriva Rice Bran Oil', 249, 354, '', 1, '2017-04-15 08:34:23', NULL, NULL, NULL, NULL, 1),
(574, 'Bijoy rakeen city', 250, 355, '', 1, '2017-04-15 09:07:34', NULL, NULL, NULL, NULL, 1),
(575, 'Haier Air Conditioner', 251, 356, '', 1, '2017-04-15 09:16:54', NULL, NULL, NULL, NULL, 1),
(576, 'Fantasy Kingdom', 181, 357, '', 1, '2017-04-15 09:30:34', NULL, NULL, NULL, NULL, 1),
(577, 'Amin Mohammad', 252, 358, '', 1, '2017-04-15 09:52:12', NULL, NULL, NULL, NULL, 1),
(578, 'Assure ', 253, 359, '', 1, '2017-04-15 10:05:51', NULL, NULL, NULL, NULL, 1),
(579, 'ABC Real Estate', 256, 360, '', 1, '2017-04-15 10:28:01', NULL, NULL, NULL, NULL, 1),
(580, 'Genetic', 257, 361, '', 1, '2017-04-15 10:33:55', NULL, NULL, NULL, NULL, 1),
(581, 'Lankabangla', 258, 362, '', 1, '2017-04-15 10:47:31', NULL, NULL, NULL, NULL, 1),
(582, 'Navana Real Estate', 259, 363, '', 1, '2017-04-15 11:10:47', 1, '2017-04-20 06:35:36', NULL, NULL, 1),
(583, 'Credence', 260, 768, '', 1, '2017-04-15 11:42:12', 1, '2017-07-24 09:18:30', NULL, NULL, 1),
(584, 'SEL', 255, 365, '', 1, '2017-04-16 08:27:51', NULL, NULL, NULL, NULL, 1),
(585, 'North South University', 261, 366, '', 1, '2017-04-16 08:39:05', NULL, NULL, NULL, NULL, 1),
(586, 'Pond\'s Pimple Cream', 110, 102, '', 1, '2017-04-16 09:04:40', 1, '2017-07-24 10:06:27', NULL, NULL, 1),
(587, 'Hamdard University', 262, 367, '', 1, '2017-04-16 09:17:49', NULL, NULL, NULL, NULL, 1),
(588, 'Primeasia University', 263, 368, '', 1, '2017-04-16 09:24:10', NULL, NULL, NULL, NULL, 1),
(589, 'Pizza Hut', 200, 369, '', 1, '2017-04-16 09:38:53', NULL, NULL, NULL, NULL, 1),
(590, 'Pran Ping Pong Drinks', 8, 9, '', 1, '2017-04-16 09:49:49', NULL, NULL, NULL, NULL, 1),
(591, 'RFL Thread Pipe', 8, 16, '', 1, '2017-04-16 10:00:44', NULL, NULL, NULL, NULL, 1),
(592, 'Cairnhill', 260, 370, '', 1, '2017-04-16 10:10:19', NULL, NULL, NULL, NULL, 1),
(593, 'Dove Conditioner', 110, 97, '', 1, '2017-04-16 10:19:05', 1, '2017-07-22 10:47:08', NULL, NULL, 1),
(594, 'Topper Gas Stove', 8, 4, '', 1, '2017-04-16 11:23:00', 1, '2017-06-11 08:26:56', NULL, NULL, 1),
(595, 'UITS', 264, 371, '', 1, '2017-04-16 11:31:30', NULL, NULL, NULL, NULL, 1),
(596, 'EBAUB', 265, 372, '', 1, '2017-04-16 11:40:15', NULL, NULL, NULL, NULL, 1),
(597, 'S.Alam Dhew Tin', 161, 261, '', 1, '2017-04-17 08:38:23', NULL, NULL, NULL, NULL, 1),
(598, 'Marcel Refeigerator', 56, 373, '', 1, '2017-04-17 09:52:33', NULL, NULL, NULL, NULL, 1),
(599, 'IFIC Bank', 266, 374, '', 1, '2017-04-17 10:56:46', NULL, NULL, NULL, NULL, 1);
INSERT INTO `subbrand` (`Id`, `Name`, `CompanyId`, `BrandId`, `Description`, `EntryBy`, `EntryDateTime`, `UpdateBy`, `UpdateTime`, `DeleteBy`, `DeleteDateTime`, `State`) VALUES
(600, 'Prime Bank', 267, 375, '', 1, '2017-04-17 11:58:44', NULL, NULL, NULL, NULL, 1),
(601, 'Good Luck Pencil', 8, 68, '', 1, '2017-04-18 07:18:01', NULL, NULL, NULL, NULL, 1),
(602, 'Coral Reef Properties', 268, 376, '', 1, '2017-04-18 07:30:57', NULL, NULL, NULL, NULL, 1),
(603, 'Walton Air Conditioner', 56, 134, '', 1, '2017-04-18 07:44:51', NULL, NULL, NULL, NULL, 1),
(604, 'BDBL', 269, 377, '', 1, '2017-04-18 08:14:36', NULL, NULL, NULL, NULL, 1),
(605, 'Rupali Bank', 270, 378, '', 1, '2017-04-18 08:29:35', NULL, NULL, NULL, NULL, 1),
(606, 'Bangladesh Somobay Bank', 271, 379, '', 1, '2017-04-18 08:34:27', NULL, NULL, NULL, NULL, 1),
(607, 'Sony Bravia LED Tv', 248, 353, '', 1, '2017-04-18 09:26:24', NULL, NULL, NULL, NULL, 1),
(608, 'Khadim\'s Ceramics', 272, 380, '', 1, '2017-04-18 09:36:15', NULL, NULL, NULL, NULL, 1),
(609, 'Landtech Properties', 273, 381, '', 1, '2017-04-18 09:42:13', NULL, NULL, NULL, NULL, 1),
(610, 'Anwar Cement Sheet', 75, 382, '', 1, '2017-04-18 09:54:23', NULL, NULL, NULL, NULL, 1),
(611, 'Green Land Town', 274, 383, '', 1, '2017-04-18 10:21:41', NULL, NULL, NULL, NULL, 1),
(612, 'AKS Steel', 121, 384, '', 1, '2017-04-18 10:55:13', NULL, NULL, NULL, NULL, 1),
(613, 'Sonali Bank', 275, 385, '', 1, '2017-04-18 10:59:56', 1, '2017-07-29 11:22:06', NULL, NULL, 1),
(614, 'Nikki Steel', 276, 386, '', 1, '2017-04-18 11:15:20', NULL, NULL, NULL, NULL, 1),
(615, 'Hero Motorcycle', 59, 146, '', 1, '2017-04-18 11:31:30', 1, '2017-07-16 08:55:28', NULL, NULL, 1),
(616, 'Bashundhara Cement', 34, 791, '', 1, '2017-04-18 11:42:15', 1, '2017-08-22 09:03:02', NULL, NULL, 1),
(617, 'Energypac Generator', 44, 84, '', 1, '2017-04-18 11:49:27', NULL, NULL, NULL, NULL, 1),
(618, 'Rupchanda Soyabean oil', 102, 190, '', 1, '2017-04-18 12:20:58', 1, '2017-08-28 08:23:36', NULL, NULL, 1),
(619, 'Deshbandhhu Cement', 165, 268, '', 1, '2017-04-19 09:49:54', NULL, NULL, NULL, NULL, 1),
(620, 'Vios Car', 372, 387, '', 1, '2017-04-19 10:26:55', 1, '2017-05-25 10:46:09', NULL, NULL, 1),
(621, 'Oriental Real Estate', 277, 388, '', 1, '2017-04-19 10:35:12', NULL, NULL, NULL, NULL, 1),
(622, 'Energypac Multi Plug', 44, 84, '', 1, '2017-04-19 10:55:46', NULL, NULL, NULL, NULL, 1),
(623, 'New Dhaka Alliance', 278, 389, '', 1, '2017-04-19 11:06:47', NULL, NULL, NULL, NULL, 1),
(624, 'Revera Park City', 279, 390, '', 1, '2017-04-19 11:20:24', NULL, NULL, NULL, NULL, 1),
(625, 'Apollo Hospital', 280, 391, '', 1, '2017-04-19 11:42:00', NULL, NULL, NULL, NULL, 1),
(626, 'Sharp Combined Electronics', 100, 262, '', 1, '2017-04-19 11:53:35', 1, '2017-08-07 11:59:35', NULL, NULL, 1),
(627, 'Rupayan Housing Estate', 281, 392, '', 1, '2017-04-20 06:51:37', NULL, NULL, NULL, NULL, 1),
(628, 'Rangs Premium Series AC', 248, 353, '', 1, '2017-04-20 07:18:17', NULL, NULL, NULL, NULL, 1),
(630, 'Biman Bangladesh Airlines', 282, 393, '', 1, '2017-04-20 07:52:20', NULL, NULL, NULL, NULL, 1),
(632, 'Uttara Bank', 283, 394, '', 1, '2017-04-20 08:15:43', NULL, NULL, NULL, NULL, 1),
(633, 'Goodride Tyres', 8, 431, '', 1, '2017-04-20 08:24:18', 1, '2017-05-09 08:46:00', NULL, NULL, 1),
(634, 'Shopnodhora', 284, 396, '', 1, '2017-04-20 08:29:30', NULL, NULL, NULL, NULL, 1),
(635, 'Ispahani Green Tea', 285, 397, '', 1, '2017-04-20 08:38:25', NULL, NULL, NULL, NULL, 1),
(636, 'Bangladesh University', 286, 398, '', 1, '2017-04-20 08:41:38', NULL, NULL, NULL, NULL, 1),
(637, 'DIU', 287, 399, '', 1, '2017-04-20 09:06:13', NULL, NULL, NULL, NULL, 1),
(638, 'European University', 288, 400, '', 1, '2017-04-20 09:11:32', NULL, NULL, NULL, NULL, 1),
(639, 'Sharp mosquito catcher', 100, 262, '', 1, '2017-04-20 09:28:23', 1, '2017-07-18 08:58:09', NULL, NULL, 1),
(640, 'SARE', 289, 401, '', 1, '2017-04-20 09:49:40', NULL, NULL, NULL, NULL, 1),
(642, 'Brac Bank', 201, 402, '', 1, '2017-04-20 10:07:18', NULL, NULL, NULL, NULL, 1),
(643, 'Partex Furniture', 197, 303, '', 1, '2017-04-20 10:19:07', NULL, NULL, NULL, NULL, 1),
(644, 'Bangla Cat Air Compressor', 244, 346, '', 1, '2017-04-20 10:51:28', NULL, NULL, NULL, NULL, 1),
(645, 'Bangladesh Krishi Bank', 290, 403, '', 1, '2017-04-20 11:03:37', NULL, NULL, NULL, NULL, 1),
(646, 'TATA ACE Ex2', 59, 147, '', 1, '2017-04-20 11:22:35', 1, '2017-07-18 06:28:26', NULL, NULL, 1),
(647, 'Islami Bank', 291, 404, '', 1, '2017-04-20 11:49:53', NULL, NULL, NULL, NULL, 1),
(648, 'National Bank', 292, 405, '', 1, '2017-04-20 12:14:08', NULL, NULL, NULL, NULL, 1),
(649, 'Agrani Bank', 293, 406, '', 1, '2017-04-23 08:42:31', 1, '2017-05-08 10:54:00', NULL, NULL, 1),
(650, 'Revive Talcum Powder', 12, 407, '', 1, '2017-04-23 08:53:22', NULL, NULL, NULL, NULL, 1),
(651, 'RFL Glass Stand', 8, 16, '', 1, '2017-04-23 09:15:33', NULL, NULL, NULL, NULL, 1),
(653, 'Vision Emporium', 8, 1, '', 1, '2017-04-23 09:29:32', 1, '2017-05-08 09:37:13', NULL, NULL, 1),
(654, 'Orion Footwear', 295, 409, '', 1, '2017-04-23 09:36:20', NULL, NULL, NULL, NULL, 1),
(655, 'Lotto Shoes', 296, 410, '', 1, '2017-04-23 10:26:01', 1, '2017-06-21 09:47:11', NULL, NULL, 1),
(657, 'Sharp 32\" TV', 113, 262, '', 1, '2017-04-23 10:44:29', NULL, NULL, NULL, NULL, 1),
(658, 'LG Mosquito Away Tv', 202, 308, '', 1, '2017-04-23 10:54:56', NULL, NULL, NULL, NULL, 1),
(659, 'ICB Islamic Bank', 297, 412, '', 1, '2017-04-23 11:21:49', NULL, NULL, NULL, NULL, 1),
(660, 'Xpart Hardware Tools', 8, 14, '', 1, '2017-04-25 06:47:30', NULL, NULL, NULL, NULL, 1),
(662, 'TATA Tea', 298, 413, '', 1, '2017-05-07 11:52:54', NULL, NULL, NULL, NULL, 1),
(663, 'Panasonic Air Conditioner', 55, 414, '', 1, '2017-05-07 12:16:55', NULL, NULL, NULL, NULL, 1),
(664, 'Hitachi Air Conditionar', 113, 415, '', 1, '2017-05-07 12:17:23', NULL, NULL, NULL, NULL, 1),
(666, 'Meril Milk Soap Bar', 12, 28, '', 1, '2017-05-08 07:38:47', NULL, NULL, NULL, NULL, 1),
(667, 'Ruchi Sauce', 10, 23, '', 1, '2017-05-08 07:52:20', NULL, NULL, NULL, NULL, 1),
(668, 'S. A. Housing Estate', 299, 417, '', 1, '2017-05-08 08:22:32', NULL, NULL, NULL, NULL, 1),
(669, 'XENON', 59, 147, '', 1, '2017-05-08 08:31:29', NULL, NULL, NULL, NULL, 1),
(670, 'RFL Tool', 8, 16, '', 1, '2017-05-08 08:56:43', NULL, NULL, NULL, NULL, 1),
(671, 'Radhuni Kashundi', 10, 24, '', 1, '2017-05-08 08:57:24', NULL, NULL, NULL, NULL, 1),
(672, 'Vaxphoid', 300, 419, '', 1, '2017-05-08 09:08:08', NULL, NULL, NULL, NULL, 1),
(673, 'SMC i-plant', 301, 196, '', 1, '2017-05-08 09:12:10', 1, '2017-07-24 09:40:04', NULL, NULL, 1),
(674, 'Good Luck Topper Ballpen', 8, 68, '', 1, '2017-05-08 09:14:46', NULL, NULL, NULL, NULL, 1),
(675, 'Everest Cable', 302, 421, '', 1, '2017-05-08 09:19:50', NULL, NULL, NULL, NULL, 1),
(676, 'Teletalk', 303, 422, '', 1, '2017-05-08 09:38:50', NULL, NULL, NULL, NULL, 1),
(678, 'ASAUB', 304, 423, '', 1, '2017-05-08 10:14:52', NULL, NULL, NULL, NULL, 1),
(679, 'AZUBA Combined Electronics', 305, 424, '', 1, '2017-05-08 10:28:07', 1, '2017-08-07 11:35:49', NULL, NULL, 1),
(680, 'Radhuni Spice', 10, 24, '', 1, '2017-05-08 11:03:00', NULL, NULL, NULL, NULL, 1),
(681, 'Whirlpool Air Conditioner', 113, 425, '', 1, '2017-05-08 11:08:16', NULL, NULL, NULL, NULL, 1),
(682, 'Chopstick Noodles', 10, 26, '', 1, '2017-05-08 11:27:45', NULL, NULL, NULL, NULL, 1),
(683, 'Jamuna Air Conditioner', 135, 234, '', 1, '2017-05-08 11:40:51', NULL, NULL, NULL, NULL, 1),
(684, 'TVS Motorcycle', 307, 428, '', 1, '2017-05-08 12:02:21', 1, '2017-06-13 07:28:46', NULL, NULL, 1),
(685, 'Nirala Ball Laundry Soap', 132, 429, '', 1, '2017-05-09 06:49:10', NULL, NULL, NULL, NULL, 1),
(686, 'Topper Cookware', 8, 16, '', 1, '2017-05-09 08:19:46', 1, '2017-06-19 07:50:55', NULL, NULL, 1),
(687, 'Zelta Handset', 337, 430, '', 1, '2017-05-09 08:37:20', 1, '2017-08-29 07:14:30', NULL, NULL, 1),
(688, 'Eicher', 243, 186, '', 1, '2017-05-09 08:57:32', 1, '2017-07-23 07:26:43', NULL, NULL, 1),
(689, 'Dan Cake', 309, 433, '', 1, '2017-05-09 08:58:35', NULL, NULL, NULL, NULL, 1),
(690, 'Maxpro', 310, 434, '', 1, '2017-05-09 09:06:08', NULL, NULL, NULL, NULL, 1),
(691, 'DMCB', 311, 435, '', 1, '2017-05-09 09:26:17', NULL, NULL, NULL, NULL, 1),
(692, 'Standard Chartered Bank', 312, 436, '', 1, '2017-05-09 09:58:03', NULL, NULL, NULL, NULL, 1),
(693, 'Goalini milk Powder', 158, 258, '', 1, '2017-05-09 10:19:31', NULL, NULL, NULL, NULL, 1),
(694, 'Unisaline', 313, 437, '', 1, '2017-05-09 10:26:47', NULL, NULL, NULL, NULL, 1),
(695, 'Hash marka', 132, 438, '', 1, '2017-05-09 10:33:25', NULL, NULL, NULL, NULL, 1),
(696, 'BRB Cable', 314, 439, '', 1, '2017-05-09 11:03:49', NULL, NULL, NULL, NULL, 1),
(697, 'Metrocem Ispat', 315, 440, '', 1, '2017-05-09 11:14:33', NULL, NULL, NULL, NULL, 1),
(698, 'Bangla Cat Rental', 244, 346, '', 1, '2017-05-09 12:00:32', NULL, NULL, NULL, NULL, 1),
(699, 'Hamdard', 316, 441, '', 1, '2017-05-09 12:02:34', NULL, NULL, NULL, NULL, 1),
(700, 'HP Laptop', 159, 442, '', 1, '2017-05-09 12:06:46', NULL, NULL, NULL, NULL, 1),
(701, 'Bashudha', 317, 443, '', 1, '2017-05-09 12:14:18', NULL, NULL, NULL, NULL, 1),
(702, 'Lotto Fragrances', 296, 410, '', 1, '2017-05-09 12:16:28', NULL, NULL, NULL, NULL, 1),
(703, 'Kai Aluminium', 318, 444, '', 1, '2017-05-10 07:58:02', NULL, NULL, NULL, NULL, 1),
(704, 'Fair & Lovely Advanced', 110, 88, '', 1, '2017-05-10 08:01:14', 1, '2017-07-22 11:02:55', NULL, NULL, 1),
(705, 'Steeltech Aluminium', 319, 445, '', 1, '2017-05-10 08:04:35', NULL, NULL, NULL, NULL, 1),
(708, 'Minister Electronics', 97, 245, '', 1, '2017-05-10 08:46:50', NULL, NULL, NULL, NULL, 1),
(709, 'SBAC Bank', 320, 447, '', 1, '2017-05-10 08:49:55', NULL, NULL, NULL, NULL, 1),
(710, 'Tibet Pumpkin hair oil', 232, 499, '', 1, '2017-05-10 08:58:39', 1, '2017-06-10 07:18:47', NULL, NULL, 1),
(712, 'Aftab Auto', 321, 449, '', 1, '2017-05-10 09:22:22', NULL, NULL, NULL, NULL, 1),
(713, '7 UP', 66, 450, '', 1, '2017-05-10 09:52:46', NULL, NULL, NULL, NULL, 1),
(714, 'Montrex', 260, 451, '', 1, '2017-05-10 10:04:41', NULL, NULL, NULL, NULL, 1),
(716, 'Bashundhara LP Gas', 29, 845, '', 1, '2017-05-10 10:29:54', 1, '2017-07-27 08:06:33', NULL, NULL, 1),
(717, 'Jamuna Refrigarator', 135, 234, '', 1, '2017-05-10 10:33:05', NULL, NULL, NULL, NULL, 1),
(718, 'Energypac diesel generator', 44, 84, '', 1, '2017-05-10 10:46:19', NULL, NULL, NULL, NULL, 1),
(719, 'Asian Paint Apex Ultima', 78, 164, '', 1, '2017-05-10 10:48:57', 1, '2017-07-18 06:34:17', NULL, NULL, 1),
(720, 'Marcel Television', 56, 373, '', 1, '2017-05-10 10:58:10', NULL, NULL, NULL, NULL, 1),
(721, 'Coca-Cola', 322, 453, '', 1, '2017-05-10 11:08:41', NULL, NULL, NULL, NULL, 1),
(722, 'Panasonic Life Conditioner', 55, 414, '', 1, '2017-05-10 11:08:56', NULL, NULL, NULL, NULL, 1),
(723, 'Rupchanda chinigura chal', 102, 190, '', 1, '2017-05-10 11:23:34', NULL, NULL, NULL, NULL, 1),
(724, 'Runner Chita', 323, 454, '', 1, '2017-05-10 11:43:59', NULL, NULL, NULL, NULL, 1),
(725, 'Millat Prickly Heat Powder', 324, 455, '', 1, '2017-05-10 11:51:55', NULL, NULL, NULL, NULL, 1),
(727, 'HP Printer', 159, 442, '', 1, '2017-05-10 12:06:28', NULL, NULL, NULL, NULL, 1),
(728, 'DBBL-Notice', 82, 169, '', 1, '2017-05-10 12:17:19', NULL, NULL, NULL, NULL, 1),
(729, 'Walton Switch & Socket', 56, 134, '', 1, '2017-05-10 12:22:42', NULL, NULL, NULL, NULL, 1),
(730, 'Muskan Drinking Water', 158, 321, '', 1, '2017-05-11 07:31:54', 1, '2017-08-26 12:32:59', NULL, NULL, 1),
(731, 'Walton Blender & Juicer', 56, 134, '', 1, '2017-05-11 08:00:13', NULL, NULL, NULL, NULL, 1),
(732, 'Bangla Cat SEM', 244, 346, '', 1, '2017-05-11 08:11:38', NULL, NULL, NULL, NULL, 1),
(733, 'Mumtaz neem facewash', 513, 737, '', 1, '2017-05-11 08:12:59', 1, '2017-07-11 06:11:29', NULL, NULL, 1),
(734, 'Marks Gold', 121, 214, '', 1, '2017-05-11 08:18:45', NULL, NULL, NULL, NULL, 1),
(735, 'famecare Ultra Max', 325, 456, '', 1, '2017-05-11 08:21:25', NULL, NULL, NULL, NULL, 1),
(736, 'Pusti Fortified rice Bran Oil', 327, 457, '', 1, '2017-05-11 08:38:27', NULL, NULL, NULL, NULL, 1),
(737, 'Raymond Shop', 328, 458, '', 1, '2017-05-11 09:09:17', NULL, NULL, NULL, NULL, 1),
(738, 'Deshi Bazar', 165, 459, '', 1, '2017-05-11 09:14:11', NULL, NULL, NULL, NULL, 1),
(740, 'Pran kasundi', 8, 9, '', 1, '2017-05-11 10:01:42', NULL, NULL, NULL, NULL, 1),
(741, 'Tibet Powder', 232, 802, '', 1, '2017-05-11 10:06:32', 1, '2017-08-03 09:50:30', NULL, NULL, 1),
(742, 'Otobi', 329, 461, '', 1, '2017-05-11 10:23:07', NULL, NULL, NULL, NULL, 1),
(743, 'SSRM Steel', 330, 462, '', 1, '2017-05-11 10:28:36', NULL, NULL, NULL, NULL, 1),
(744, 'SESA Hair Oil', 331, 463, '', 1, '2017-05-11 10:51:34', 1, '2017-08-19 09:41:20', NULL, NULL, 1),
(745, 'Wonder Fruit Slice Cake', 8, 182, '', 1, '2017-05-11 11:22:44', NULL, NULL, NULL, NULL, 1),
(746, 'LG Refrigerator', 202, 308, '', 1, '2017-05-13 10:05:12', NULL, NULL, NULL, NULL, 1),
(747, 'Living Plus', 332, 464, '', 1, '2017-05-13 11:33:48', NULL, NULL, NULL, NULL, 1),
(748, 'Muskan Soyabean Oil', 158, 321, '', 1, '2017-05-14 09:47:41', 1, '2017-08-26 12:36:41', NULL, NULL, 1),
(749, 'Mahindra Rise', 333, 465, '', 1, '2017-05-14 10:06:54', NULL, NULL, NULL, NULL, 1),
(750, 'Emcon 1', 310, 466, '', 1, '2017-05-14 10:11:28', NULL, NULL, NULL, NULL, 1),
(751, 'Bangladesh Bank', 334, 467, '', 1, '2017-05-14 10:12:15', NULL, NULL, NULL, NULL, 1),
(753, 'Ashok Leyland Truck', 336, 469, '', 1, '2017-05-14 10:37:42', 1, '2017-09-18 11:03:11', NULL, NULL, 1),
(754, 'Fresh Cement', 380, 470, '', 1, '2017-05-14 11:05:49', 1, '2017-10-10 08:13:24', NULL, NULL, 1),
(755, 'Partex Cables', 337, 786, '', 1, '2017-05-14 12:01:34', 1, '2017-07-17 07:35:39', NULL, NULL, 1),
(756, 'AB Bank', 338, 472, '', 1, '2017-05-14 12:11:07', NULL, NULL, NULL, NULL, 1),
(757, 'Walton Washing Machine', 56, 134, '', 1, '2017-05-14 12:27:14', NULL, NULL, NULL, NULL, 1),
(758, 'TATA CFC 407', 59, 147, '', 1, '2017-05-15 07:03:59', 1, '2017-07-18 06:41:06', NULL, NULL, 1),
(759, 'SMC Moni Mix', 301, 196, '', 1, '2017-05-15 07:12:25', 1, '2017-07-24 09:39:57', NULL, NULL, 1),
(760, 'DBBL', 82, 169, '', 1, '2017-05-15 07:16:49', NULL, NULL, NULL, NULL, 1),
(761, 'Muskan tea', 158, 321, '', 1, '2017-05-15 07:39:00', 1, '2017-08-26 12:38:57', NULL, NULL, 1),
(762, 'Runner Motorcycle', 323, 345, '', 1, '2017-05-15 08:03:26', 1, '2017-07-18 08:18:48', NULL, NULL, 1),
(763, 'LPK 1618 BSIII', 59, 147, '', 1, '2017-05-15 08:17:37', NULL, NULL, NULL, NULL, 1),
(764, 'DFBL', 339, 315, '', 1, '2017-05-15 09:06:05', NULL, NULL, NULL, NULL, 1),
(765, 'Vision Celing Fan', 8, 1, '', 1, '2017-05-15 09:11:20', NULL, NULL, NULL, NULL, 1),
(766, 'Pran Noodles', 8, 9, '', 1, '2017-05-15 09:24:02', NULL, NULL, NULL, NULL, 1),
(767, 'Energypac Fan', 44, 84, '', 1, '2017-05-15 09:27:19', NULL, NULL, NULL, NULL, 1),
(768, 'Today full cream milk powder', 340, 473, '', 1, '2017-05-15 09:45:50', NULL, NULL, NULL, NULL, 1),
(769, 'STYLUS', 128, 446, '', 1, '2017-05-15 09:48:42', NULL, NULL, NULL, NULL, 1),
(770, 'Hi-Tech Furniture', 341, 474, '', 1, '2017-05-15 09:51:55', NULL, NULL, NULL, NULL, 1),
(771, 'Vision Refrigerator', 8, 1, '', 1, '2017-05-15 09:59:49', 1, '2017-05-20 12:12:45', NULL, NULL, 1),
(772, 'Basic Bank', 342, 475, '', 1, '2017-05-15 10:23:22', NULL, NULL, NULL, NULL, 1),
(773, 'Standard Bank', 343, 476, '', 1, '2017-05-15 10:36:15', NULL, NULL, NULL, NULL, 1),
(774, 'Resort Atlantis', 181, 287, '', 1, '2017-05-15 10:37:08', NULL, NULL, NULL, NULL, 1),
(775, 'Mercantile Bank', 344, 477, '', 1, '2017-05-15 10:44:44', NULL, NULL, NULL, NULL, 1),
(776, 'LPT 1109H Ex2', 59, 147, '', 1, '2017-05-15 11:00:53', NULL, NULL, NULL, NULL, 1),
(777, 'Gree AC', 345, 985, '', 1, '2017-05-15 11:06:19', 1, '2017-10-01 11:11:00', NULL, NULL, 1),
(778, 'JAC Truck', 44, 220, '', 1, '2017-05-15 11:11:46', NULL, NULL, NULL, NULL, 1),
(779, 'Norpill', 11, 479, '', 1, '2017-05-15 11:13:46', NULL, NULL, NULL, NULL, 1),
(780, 'Singer Air Conditioner', 55, 127, '', 1, '2017-05-15 11:24:03', NULL, NULL, NULL, NULL, 1),
(781, 'Monalisa Sanitary Napkin', 34, 66, '', 1, '2017-05-15 11:29:43', 1, '2017-10-04 07:22:16', NULL, NULL, 1),
(782, 'Energypac ANKAI', 44, 84, '', 1, '2017-05-15 11:30:51', 1, '2017-07-18 06:33:32', NULL, NULL, 1),
(783, 'NPL', 346, 480, '', 1, '2017-05-15 11:52:01', NULL, NULL, NULL, NULL, 1),
(784, 'Property Forklift', 8, 481, '', 1, '2017-05-15 12:19:37', NULL, NULL, NULL, NULL, 1),
(785, 'Meghna Bank', 347, 482, '', 1, '2017-05-16 07:21:57', NULL, NULL, NULL, NULL, 1),
(787, 'Shine Sanitary Ware & Fittings', 8, 485, '', 1, '2017-05-16 07:46:37', NULL, NULL, NULL, NULL, 1),
(788, 'Zero Calorie', 12, 486, '', 1, '2017-05-16 07:58:39', NULL, NULL, NULL, NULL, 1),
(789, 'Bangla Cat Forklifts ', 244, 346, '', 1, '2017-05-16 08:06:17', NULL, NULL, NULL, NULL, 1),
(790, 'Arong Milk', 348, 487, '', 1, '2017-05-16 08:07:56', 1, '2017-06-20 11:22:38', NULL, NULL, 1),
(791, 'Rubavax-M', 300, 488, '', 1, '2017-05-16 08:15:58', NULL, NULL, NULL, NULL, 1),
(792, 'Prime University', 349, 489, '', 1, '2017-05-16 09:04:43', NULL, NULL, NULL, NULL, 1),
(793, 'Lenovo Laptop', 159, 490, '', 1, '2017-05-16 10:00:49', NULL, NULL, NULL, NULL, 1),
(794, 'Walton Generator', 56, 134, '', 1, '2017-05-16 10:02:13', NULL, NULL, NULL, NULL, 1),
(795, 'Rangs Washing Machine', 248, 353, '', 1, '2017-05-16 10:06:30', NULL, NULL, NULL, NULL, 1),
(796, 'Sony Combined Electornics', 248, 491, '', 1, '2017-05-16 10:18:19', 1, '2017-08-07 11:29:19', NULL, NULL, 1),
(797, 'State University ', 350, 492, '', 1, '2017-05-16 10:22:42', NULL, NULL, NULL, NULL, 1),
(798, 'Pran Mr.Mango', 8, 9, '', 1, '2017-05-16 10:26:33', NULL, NULL, NULL, NULL, 1),
(799, 'RFL protector wooden door', 8, 16, '', 1, '2017-05-16 10:33:35', NULL, NULL, NULL, NULL, 1),
(800, 'RFL Pei floter', 8, 16, '', 1, '2017-05-16 10:54:54', NULL, NULL, NULL, NULL, 1),
(801, 'Whirlpool Air Conditioner', 351, 493, '', 1, '2017-05-16 11:06:07', NULL, NULL, NULL, NULL, 1),
(802, 'Ispahani Blenders Choice', 285, 494, '', 1, '2017-05-16 11:14:56', 1, '2017-07-12 10:44:45', NULL, NULL, 1),
(803, 'RFL kitchen sink', 8, 16, '', 1, '2017-05-16 11:22:32', NULL, NULL, NULL, NULL, 1),
(804, 'Mercedes-Benz', 91, 495, '', 1, '2017-05-16 11:36:11', NULL, NULL, NULL, NULL, 1),
(805, 'Bangla Cat Machineries Parts', 244, 346, '', 1, '2017-05-17 07:07:11', NULL, NULL, NULL, NULL, 1),
(806, 'Muskan Atta', 158, 321, '', 1, '2017-05-17 07:25:02', 1, '2017-08-26 12:40:23', NULL, NULL, 1),
(807, 'Shwapno', 128, 496, '', 1, '2017-05-17 07:26:54', NULL, NULL, NULL, NULL, 1),
(808, 'UCB', 352, 497, '', 1, '2017-05-17 08:00:27', NULL, NULL, NULL, NULL, 1),
(809, 'Shahjalal Islami Bank', 353, 498, '', 1, '2017-05-17 08:13:01', NULL, NULL, NULL, NULL, 1),
(810, 'Tibet chondon ator', 232, 499, '', 1, '2017-05-17 08:28:05', 1, '2017-06-10 07:31:16', NULL, NULL, 1),
(811, 'Tibet chondon ator', 232, 499, '', 1, '2017-05-17 08:29:27', NULL, NULL, NULL, NULL, 1),
(812, 'Sinrose', 313, 500, '', 1, '2017-05-17 08:36:26', NULL, NULL, NULL, NULL, 1),
(813, 'Walton Air Cooler', 56, 134, '', 1, '2017-05-17 09:26:50', NULL, NULL, NULL, NULL, 1),
(814, 'Energypac Escalators', 44, 84, '', 1, '2017-05-17 09:31:34', NULL, NULL, NULL, NULL, 1),
(815, 'Fresh Soyabean Oil', 380, 270, '', 1, '2017-05-17 09:46:35', 1, '2017-07-26 08:13:38', NULL, NULL, 1),
(816, 'ATASHII Air Conditioner', 354, 501, '', 1, '2017-05-17 10:02:26', NULL, NULL, NULL, NULL, 1),
(817, 'Midland Bank', 355, 502, '', 1, '2017-05-17 10:07:04', NULL, NULL, NULL, NULL, 1),
(818, 'Energypack Loader', 44, 84, '', 1, '2017-05-17 10:16:39', 1, '2017-09-14 07:08:57', NULL, NULL, 1),
(819, 'Nachura Rice Bran Oil', 356, 503, '', 1, '2017-05-17 10:26:18', NULL, NULL, NULL, NULL, 1),
(820, 'Tibet 570 Laundry Soap', 232, 499, '', 1, '2017-05-17 11:12:24', NULL, NULL, NULL, NULL, 1),
(821, 'Atlas Zongshen Motorcycle', 357, 504, '', 1, '2017-05-17 12:07:47', 1, '2017-07-18 06:35:56', NULL, NULL, 1),
(822, 'Sunsilk Shampoo', 110, 104, '', 1, '2017-05-17 12:15:26', 1, '2017-07-22 11:36:48', NULL, NULL, 1),
(823, 'Epson Printer', 159, 505, '', 1, '2017-05-17 12:26:55', NULL, NULL, NULL, NULL, 1),
(824, 'Walton Fan', 56, 134, '', 1, '2017-05-18 07:04:07', NULL, NULL, NULL, NULL, 1),
(825, 'Surf Excel Detergent Powder', 110, 109, '', 1, '2017-05-18 07:23:53', 1, '2017-07-24 11:41:40', NULL, NULL, 1),
(826, 'Pran Potato Crackers', 8, 9, '', 1, '2017-05-18 07:25:07', 1, '2017-05-18 07:26:35', NULL, NULL, 1),
(827, 'Pran Spice', 8, 9, '', 1, '2017-05-18 07:59:22', 1, '2017-05-18 08:00:56', NULL, NULL, 1),
(828, 'HKG Steel', 358, 507, '', 1, '2017-05-18 08:15:22', NULL, NULL, NULL, NULL, 1),
(829, 'Rangs LED TV', 248, 353, '', 1, '2017-05-18 08:20:06', NULL, NULL, NULL, NULL, 1),
(830, 'Samsung', 359, 805, '', 1, '2017-05-18 08:38:09', 1, '2017-07-27 08:10:19', NULL, NULL, 1),
(831, 'Bangla Cat Workshop', 244, 346, '', 1, '2017-05-18 08:49:39', NULL, NULL, NULL, NULL, 1),
(832, 'Comprehensive holdings', 360, 510, '', 1, '2017-05-18 08:57:33', NULL, NULL, NULL, NULL, 1),
(833, 'Kooks Gas Stoves', 8, 11, '', 1, '2017-05-18 09:01:44', NULL, NULL, NULL, NULL, 1),
(837, 'Pran Atom Gum', 8, 9, '', 1, '2017-05-18 09:23:27', NULL, NULL, NULL, NULL, 1),
(838, 'Tata Ultra 8.5T bus chassis', 59, 147, '', 1, '2017-05-18 09:59:28', NULL, NULL, NULL, NULL, 1),
(839, 'TATA ACE HT2', 59, 147, '', 1, '2017-05-18 10:03:13', 1, '2017-07-18 06:28:39', NULL, NULL, 1),
(840, 'Renata', 310, 511, '', 1, '2017-05-18 10:05:53', NULL, NULL, NULL, NULL, 1),
(841, 'Savlon Antiseptic', 128, 225, '', 1, '2017-05-18 10:57:32', 1, '2017-09-12 09:13:31', NULL, NULL, 1),
(843, 'Fresh Milk', 380, 270, '', 1, '2017-05-18 11:18:50', 1, '2017-07-26 08:10:56', NULL, NULL, 1),
(844, 'Supermom Diapers', 12, 513, '', 1, '2017-05-18 11:31:42', NULL, NULL, NULL, NULL, 1),
(845, 'NCC Bank', 363, 514, '', 1, '2017-05-18 11:49:21', NULL, NULL, NULL, NULL, 1),
(846, 'Vision Iron', 8, 1, '', 1, '2017-05-18 11:54:56', NULL, NULL, NULL, NULL, 1),
(847, 'Property Generator', 8, 481, '', 1, '2017-05-20 09:54:29', NULL, NULL, NULL, NULL, 1),
(848, 'Woori Bank', 364, 515, '', 1, '2017-05-20 10:08:12', NULL, NULL, NULL, NULL, 1),
(849, 'GPL', 365, 516, '', 1, '2017-05-20 10:12:07', NULL, NULL, NULL, NULL, 1),
(850, 'MoneyGram', 366, 517, '', 1, '2017-05-20 10:33:13', 1, '2017-06-17 11:28:26', NULL, NULL, 1),
(851, 'Pran Isabgol', 8, 9, '', 1, '2017-05-20 10:36:49', NULL, NULL, NULL, NULL, 1),
(852, 'Emami 7 Oils', 101, 518, '', 1, '2017-05-20 10:53:16', NULL, NULL, NULL, NULL, 1),
(853, 'Energypac Switch', 44, 84, '', 1, '2017-05-20 11:05:08', NULL, NULL, NULL, NULL, 1),
(854, 'XENON 207 DI EX', 59, 147, '', 1, '2017-05-20 11:21:03', NULL, NULL, NULL, NULL, 1),
(855, 'ICE cool prickly heat powder', 232, 115, '', 1, '2017-05-20 11:33:01', 1, '2017-11-14 08:37:31', NULL, NULL, 1),
(856, 'Mama Noodles', 367, 521, '', 1, '2017-05-20 11:44:46', NULL, NULL, NULL, NULL, 1),
(857, 'RFL Jim Joly Toys', 8, 16, '', 1, '2017-05-21 07:29:08', NULL, NULL, NULL, NULL, 1),
(858, 'Lakecity Concord', 181, 287, '', 1, '2017-05-21 07:30:20', NULL, NULL, NULL, NULL, 1),
(859, 'Panasonic Air Conditioner', 55, 130, '', 1, '2017-05-21 07:37:01', NULL, NULL, NULL, NULL, 1),
(860, 'Hitachi Refrigerator', 351, 857, '', 1, '2017-05-21 07:43:30', 1, '2017-08-07 08:46:07', NULL, NULL, 1),
(861, 'DBL Ceramics', 368, 523, '', 1, '2017-05-21 07:52:35', NULL, NULL, NULL, NULL, 1),
(862, 'Pertex Builders', 369, 524, '', 1, '2017-05-21 07:55:04', NULL, NULL, NULL, NULL, 1),
(863, 'Energypac Dump truck', 44, 84, '', 1, '2017-05-21 08:20:11', NULL, NULL, NULL, NULL, 1),
(864, 'TATA ABS LPT 1613', 59, 147, '', 1, '2017-05-21 08:25:30', 1, '2017-07-18 06:27:35', NULL, NULL, 1),
(865, 'Eicher', 91, 525, '', 1, '2017-05-21 08:30:05', NULL, NULL, NULL, NULL, 1),
(866, 'Samsung Mobile', 359, 805, '', 1, '2017-05-21 08:44:32', 1, '2017-07-22 09:23:34', NULL, NULL, 1),
(868, 'Toshiba LED Tv', 333, 846, '', 1, '2017-05-21 10:06:09', 1, '2017-10-17 11:45:08', NULL, NULL, 1),
(869, 'Toyota Avanza', 372, 528, '', 1, '2017-05-21 10:23:27', NULL, NULL, NULL, NULL, 1),
(870, 'Singer Microwave oven', 55, 127, '', 1, '2017-05-21 10:40:05', NULL, NULL, NULL, NULL, 1),
(871, 'Comfy Mattress', 8, 529, '', 1, '2017-05-21 10:54:07', NULL, NULL, NULL, NULL, 1),
(872, 'Vision Combined Electronics', 8, 1, '', 1, '2017-05-21 11:11:58', 1, '2017-08-07 11:57:45', NULL, NULL, 1),
(873, 'Pran Muri', 8, 9, '', 1, '2017-05-21 11:58:41', NULL, NULL, NULL, NULL, 1),
(874, 'Sensodyne Toothpaste', 373, 531, '', 1, '2017-05-21 12:01:07', NULL, NULL, NULL, NULL, 1),
(875, 'Unitech Combined electronics', 378, 532, '', 1, '2017-05-22 05:56:08', 1, '2017-08-07 11:42:42', NULL, NULL, 1),
(876, 'Maountain Dew', 379, 533, '', 1, '2017-05-22 06:12:43', NULL, NULL, NULL, NULL, 1),
(877, 'Energypac Forklift', 44, 534, '', 1, '2017-05-22 06:34:34', NULL, NULL, NULL, NULL, 1),
(878, 'RFL Foton Autos', 8, 536, '', 1, '2017-05-22 07:05:05', NULL, NULL, NULL, NULL, 1),
(879, 'Hair code herbal hair color', 50, 123, '', 1, '2017-05-22 07:29:31', NULL, NULL, NULL, NULL, 1),
(880, 'S.Alam Cement', 161, 538, '', 1, '2017-05-22 07:49:12', NULL, NULL, NULL, NULL, 1),
(881, 'Marks Diet', 121, 214, '', 1, '2017-05-22 08:09:25', NULL, NULL, NULL, NULL, 1),
(882, 'Verbatim', 159, 539, '', 1, '2017-05-22 08:22:09', NULL, NULL, NULL, NULL, 1),
(883, 'Xiaomi Mobile', 586, 540, '', 1, '2017-05-22 08:23:03', 1, '2017-08-09 07:28:25', NULL, NULL, 1),
(884, 'Dunlop Tyre', 57, 137, '', 1, '2017-05-22 08:52:32', NULL, NULL, NULL, NULL, 1),
(885, 'Tango Orange', 8, 541, '', 1, '2017-05-22 09:12:48', NULL, NULL, NULL, NULL, 1),
(886, 'LG Combined Electronics', 202, 308, '', 1, '2017-05-22 10:46:07', 1, '2017-08-07 12:30:16', NULL, NULL, 1),
(887, 'Rangs Air Conditionar', 248, 353, '', 1, '2017-05-22 11:09:00', NULL, NULL, NULL, NULL, 1),
(888, 'Assurance', 382, 542, '', 1, '2017-05-22 11:29:06', NULL, NULL, NULL, NULL, 1),
(889, 'Support Net', 8, 7, '', 1, '2017-05-22 11:30:46', NULL, NULL, NULL, NULL, 1),
(890, 'Fresco Container', 8, 543, '', 1, '2017-05-22 11:40:25', 1, '2017-08-26 12:00:04', NULL, NULL, 1),
(891, 'Safemet CCTV Cystem', 8, 544, '', 1, '2017-05-22 11:45:55', NULL, NULL, NULL, NULL, 1),
(892, 'Aman Cem Cement', 383, 545, '', 1, '2017-05-22 11:55:34', 1, '2017-07-18 06:33:18', NULL, NULL, 1),
(893, 'Savlon diaper', 128, 225, '', 1, '2017-05-23 06:51:33', 1, '2017-07-08 11:28:05', NULL, NULL, 1),
(894, 'Nutri-C', 384, 546, '', 1, '2017-05-23 07:06:19', NULL, NULL, NULL, NULL, 1),
(895, 'Modhumoti Bank', 385, 547, '', 1, '2017-05-23 07:26:03', NULL, NULL, NULL, NULL, 1),
(896, 'Dove Beauty Soap', 110, 97, '', 1, '2017-05-23 07:35:23', 1, '2017-07-22 10:47:28', NULL, NULL, 1),
(897, 'Bactrol Soap', 232, 548, '', 1, '2017-05-23 07:49:19', 1, '2017-05-23 07:50:06', NULL, NULL, 1),
(898, 'Sharp Mircrowave Oven', 100, 265, '', 1, '2017-05-23 08:01:56', NULL, NULL, NULL, NULL, 1),
(899, 'KSRM Steel', 386, 549, '', 1, '2017-05-23 08:24:44', NULL, NULL, NULL, NULL, 1),
(902, 'RFL Resturant Jog', 8, 16, '', 1, '2017-05-23 08:59:58', NULL, NULL, NULL, NULL, 1),
(903, 'DBH', 387, 551, '', 1, '2017-05-23 09:17:24', NULL, NULL, NULL, NULL, 1),
(904, 'Knorr fried chicken mix', 110, 98, '', 1, '2017-05-23 09:54:14', 1, '2017-07-24 10:42:43', NULL, NULL, 1),
(905, 'Aarong Dairy Milk', 388, 770, '', 1, '2017-05-23 10:22:43', 1, '2017-07-17 09:17:52', NULL, NULL, 1),
(906, 'Pocha Beauty Soap', 225, 328, '', 1, '2017-05-23 10:57:58', NULL, NULL, NULL, NULL, 1),
(907, 'Walton Gas Stove', 56, 134, '', 1, '2017-05-23 11:10:52', NULL, NULL, NULL, NULL, 1),
(908, 'TATA Pickup', 59, 147, '', 1, '2017-05-23 11:25:10', 1, '2017-07-11 09:58:13', NULL, NULL, 1),
(909, 'Spring Air Freshener', 12, 40, '', 1, '2017-05-23 11:56:32', 1, '2017-08-21 12:18:43', NULL, NULL, 1),
(910, 'Infinity', 389, 554, '', 1, '2017-05-24 06:41:31', NULL, NULL, NULL, NULL, 1),
(911, 'IDLC', 390, 555, '', 1, '2017-05-24 07:07:56', NULL, NULL, NULL, NULL, 1),
(912, 'Tiger', 8, 556, '', 1, '2017-05-24 07:55:01', NULL, NULL, NULL, NULL, 1),
(913, 'Pran Lolli Pop', 8, 9, '', 1, '2017-05-24 07:56:45', NULL, NULL, NULL, NULL, 1),
(914, 'White Sand', 391, 557, '', 1, '2017-05-24 08:04:51', NULL, NULL, NULL, NULL, 1),
(915, 'Union consumer', 392, 558, '', 1, '2017-05-24 08:31:58', NULL, NULL, NULL, NULL, 1),
(916, 'RFL Bowl', 8, 16, '', 1, '2017-05-24 08:37:59', NULL, NULL, NULL, NULL, 1),
(917, 'Flowguard Plus Pipe', 8, 559, '', 1, '2017-05-24 08:53:14', 1, '2017-07-18 06:47:22', NULL, NULL, 1),
(918, 'RFL Closat', 8, 16, '', 1, '2017-05-24 08:55:22', NULL, NULL, NULL, NULL, 1),
(919, 'Maxxis Tires', 393, 560, '', 1, '2017-05-24 08:58:28', NULL, NULL, NULL, NULL, 1),
(920, 'BDG', 596, 563, '', 1, '2017-05-24 09:17:07', 1, '2017-08-16 09:27:57', NULL, NULL, 1),
(921, 'Extra virgin Olitalia oliv oil', 394, 561, '', 1, '2017-05-24 09:18:18', NULL, NULL, NULL, NULL, 1),
(922, 'Radhuni Halim Mix', 10, 24, '', 1, '2017-05-24 09:23:57', NULL, NULL, NULL, NULL, 1),
(923, 'Winner hotpot', 8, 564, '', 1, '2017-05-24 09:27:34', 1, '2017-05-24 09:31:04', NULL, NULL, 1),
(924, 'Anwar Ispat', 75, 382, '', 1, '2017-05-24 09:55:03', NULL, NULL, NULL, NULL, 1),
(925, 'Crescent Shoes', 396, 565, '', 1, '2017-05-24 10:00:39', NULL, NULL, NULL, NULL, 1),
(926, 'Fire Extingusher', 8, 16, '', 1, '2017-05-24 10:09:03', NULL, NULL, NULL, NULL, 1),
(927, 'Black horse energy drinks', 397, 566, '', 1, '2017-05-24 10:36:15', NULL, NULL, NULL, NULL, 1),
(928, 'Pran halim Mix', 8, 9, '', 1, '2017-05-24 10:52:53', NULL, NULL, NULL, NULL, 1),
(929, 'Roohafza', 316, 567, '', 1, '2017-05-24 11:03:58', NULL, NULL, NULL, NULL, 1),
(931, 'Bangla Cat Generators', 244, 346, '', 1, '2017-05-24 11:21:58', NULL, NULL, NULL, NULL, 1),
(933, 'NRB Bank', 398, 569, '', 1, '2017-05-25 09:27:43', NULL, NULL, NULL, NULL, 1),
(934, 'Apex Shoes', 399, 570, '', 1, '2017-05-25 09:53:31', NULL, NULL, NULL, NULL, 1),
(935, 'Green Delta Insurance', 400, 571, '', 1, '2017-05-25 09:56:24', NULL, NULL, NULL, NULL, 1),
(936, 'EHL', 401, 572, '', 1, '2017-05-25 10:38:00', NULL, NULL, NULL, NULL, 1),
(937, 'Linnex Mobile', 176, 282, '', 1, '2017-05-28 07:58:41', NULL, NULL, NULL, NULL, 1),
(938, 'Hitachi Combined Electronics', 113, 415, '', 1, '2017-05-28 08:29:09', 1, '2017-08-07 11:55:48', NULL, NULL, 1),
(939, 'Pran Dairy', 8, 9, '', 1, '2017-05-28 08:51:07', NULL, NULL, NULL, NULL, 1),
(940, 'Prince Bazar', 402, 573, '', 1, '2017-05-28 10:41:52', NULL, NULL, NULL, NULL, 1),
(941, 'Singer air cooler', 55, 127, '', 1, '2017-05-28 10:48:04', 1, '2017-06-19 08:45:59', NULL, NULL, 1),
(942, 'Akhtar Furnishers', 403, 575, '', 1, '2017-05-28 10:54:45', NULL, NULL, NULL, NULL, 1),
(943, 'Laugfs gas', 404, 576, '', 1, '2017-05-28 10:59:22', NULL, NULL, NULL, NULL, 1),
(944, 'Sharp Air Conditioner', 100, 265, '', 1, '2017-05-29 06:47:29', NULL, NULL, NULL, NULL, 1),
(945, 'Vision Induction Cooker', 8, 1, '', 1, '2017-05-29 08:05:20', NULL, NULL, NULL, NULL, 1),
(946, 'Malaysia pulm oil', 405, 577, '', 1, '2017-05-29 08:35:23', NULL, NULL, NULL, NULL, 1),
(947, 'Vigo Led Tv', 8, 10, '', 1, '2017-05-29 09:19:53', NULL, NULL, NULL, NULL, 1),
(948, 'Parachute Oil', 50, 120, '', 1, '2017-05-29 10:16:12', NULL, NULL, NULL, NULL, 1),
(949, 'Honda CD80', 406, 578, '', 1, '2017-05-29 10:25:17', NULL, NULL, NULL, NULL, 1),
(950, 'Super star fan', 87, 174, '', 1, '2017-05-29 10:28:22', NULL, NULL, NULL, NULL, 1),
(951, 'Helio S25', 96, 184, '', 1, '2017-05-29 10:46:57', NULL, NULL, NULL, NULL, 1),
(952, 'RFL Tekno UPVC Pipe', 8, 16, '', 1, '2017-05-29 11:12:05', NULL, NULL, NULL, NULL, 1),
(953, 'Aquafina Drinking Water', 379, 579, '', 1, '2017-05-29 11:21:34', 1, '2017-07-18 06:34:33', NULL, NULL, 1),
(954, 'Meena Bazar', 407, 580, '', 1, '2017-05-29 11:27:03', 1, '2017-10-01 06:42:28', NULL, NULL, 1),
(955, 'Jamuna Future Park', 135, 234, '', 1, '2017-05-30 07:47:21', 1, '2017-06-10 10:02:09', NULL, NULL, 1),
(956, 'Rangs Combined Electronics', 248, 353, '', 1, '2017-05-30 07:58:31', 1, '2017-08-07 11:31:41', NULL, NULL, 1),
(957, 'Trendy Almirah', 8, 582, '', 1, '2017-05-30 08:06:00', NULL, NULL, NULL, NULL, 1),
(958, 'Roadmaster', 409, 583, '', 1, '2017-05-30 09:10:27', NULL, NULL, NULL, NULL, 1),
(959, 'KK Tea', 410, 584, '', 1, '2017-05-30 09:12:35', 1, '2017-10-07 09:11:23', NULL, NULL, 1),
(960, 'Brothers Furniture', 411, 585, '', 1, '2017-05-30 09:26:17', NULL, NULL, NULL, NULL, 1),
(961, 'Teer', 103, 193, '', 1, '2017-05-30 09:30:16', NULL, NULL, NULL, NULL, 1),
(963, 'Fresh Mustard Oil', 380, 270, '', 1, '2017-05-30 10:32:52', 1, '2017-07-26 08:13:01', NULL, NULL, 1),
(964, 'Yaris Car', 372, 586, '', 1, '2017-05-30 10:46:05', 1, '2017-07-12 07:53:06', NULL, NULL, 1),
(965, 'Ranks', 412, 587, '', 1, '2017-05-30 11:14:04', NULL, NULL, NULL, NULL, 1),
(966, 'Seven Rings Cement', 362, 512, '', 1, '2017-05-31 06:31:58', NULL, NULL, NULL, NULL, 1),
(967, 'RFL Protector Flush Door', 8, 16, '', 1, '2017-05-31 06:56:16', NULL, NULL, NULL, NULL, 1),
(968, 'Center Fresh', 413, 588, '', 1, '2017-05-31 07:24:34', NULL, NULL, NULL, NULL, 1),
(969, 'Toyota Hiace', 372, 528, '', 1, '2017-05-31 07:28:46', 1, '2017-07-12 07:56:04', NULL, NULL, 1),
(970, 'Konka Combined Electronics', 345, 589, '', 1, '2017-05-31 08:00:52', 1, '2017-08-07 11:37:12', NULL, NULL, 1),
(971, 'S.Alam Cement', 161, 261, '', 1, '2017-05-31 08:10:16', NULL, NULL, NULL, NULL, 1),
(973, 'Golden Ispat', 414, 590, '', 1, '2017-05-31 08:23:32', NULL, NULL, NULL, NULL, 1),
(974, 'Toshin Air Conditioner', 371, 591, '', 1, '2017-05-31 08:27:33', NULL, NULL, NULL, NULL, 1),
(975, 'Poly Cables', 415, 592, '', 1, '2017-05-31 08:39:43', NULL, NULL, NULL, NULL, 1),
(976, 'Havells Led Light', 416, 593, '', 1, '2017-05-31 08:46:04', NULL, NULL, NULL, NULL, 1),
(977, 'Lexus Zero', 417, 594, '', 1, '2017-05-31 08:56:53', NULL, NULL, NULL, NULL, 1),
(978, 'JAC Pickup', 44, 84, '', 1, '2017-05-31 08:58:11', NULL, NULL, NULL, NULL, 1),
(979, 'Keya ICE MAGIC', 418, 596, '', 1, '2017-05-31 09:10:08', NULL, NULL, NULL, NULL, 1),
(980, 'FBL', 419, 597, '', 1, '2017-05-31 09:17:30', NULL, NULL, NULL, NULL, 1),
(981, 'Dettol Soap', 463, 598, '', 1, '2017-05-31 09:41:52', 1, '2017-07-20 07:57:21', NULL, NULL, 1),
(982, 'Bata Shoes', 421, 599, '', 1, '2017-06-01 06:14:31', 1, '2017-07-18 06:38:30', NULL, NULL, 1),
(983, 'Sharp Mircrowave Oven', 113, 262, '', 1, '2017-06-01 06:18:35', NULL, NULL, NULL, NULL, 1),
(984, 'Marks Full Cream Milk', 121, 214, '', 1, '2017-06-01 06:46:07', NULL, NULL, NULL, NULL, 1),
(985, 'Fair & Lovely fairness facewash', 110, 88, '', 1, '2017-06-01 06:57:41', 1, '2017-07-22 11:03:10', NULL, NULL, 1),
(986, 'Vigo Combined Electronics', 8, 10, '', 1, '2017-06-01 07:02:47', 1, '2017-08-07 11:46:46', NULL, NULL, 1),
(987, 'Pusti Soyaben Oil', 327, 457, '', 1, '2017-06-01 08:12:56', NULL, NULL, NULL, NULL, 1),
(988, 'Milk Vita', 422, 600, '', 1, '2017-06-01 08:31:51', NULL, NULL, NULL, NULL, 1),
(989, 'Amrita', 227, 330, '', 1, '2017-06-01 08:40:00', NULL, NULL, NULL, NULL, 1),
(990, 'Keeway RK 100', 423, 601, '', 1, '2017-06-01 10:15:38', NULL, NULL, NULL, NULL, 1),
(991, 'Babar Shoes', 424, 602, '', 1, '2017-06-01 10:39:11', 1, '2017-07-18 06:36:20', NULL, NULL, 1),
(992, 'Keya Detergent Powder', 418, 596, '', 1, '2017-06-03 10:07:27', NULL, NULL, NULL, NULL, 1),
(993, 'Keya super beauty soap', 418, 596, '', 1, '2017-06-03 10:12:15', NULL, NULL, NULL, NULL, 1),
(994, 'First Choice', 425, 603, '', 1, '2017-06-03 10:20:23', NULL, NULL, NULL, NULL, 1),
(995, 'B.Tech Expert Body lotion', 426, 604, '', 1, '2017-06-03 10:27:18', NULL, NULL, NULL, NULL, 1),
(996, 'Jasmin Super Beauty Soap', 427, 605, '', 1, '2017-06-03 10:34:48', NULL, NULL, NULL, NULL, 1),
(997, 'Keya super Lemon soap', 418, 596, '', 1, '2017-06-03 10:43:28', NULL, NULL, NULL, NULL, 1),
(998, 'ACMI Milk', 428, 606, '', 1, '2017-06-03 10:48:45', 1, '2017-07-18 06:30:13', NULL, NULL, 1),
(999, 'Fredom Sanitary Napkin', 128, 607, '', 1, '2017-06-03 11:11:20', 1, '2017-09-10 11:05:16', NULL, NULL, 1),
(1000, 'Dekko Noodles', 214, 318, '', 1, '2017-06-03 11:22:01', NULL, NULL, NULL, NULL, 1),
(1001, 'Wonder Dishwashing Bar', 128, 608, '', 1, '2017-06-03 11:22:02', NULL, NULL, NULL, NULL, 1),
(1002, 'Pusti Mustard Oil', 327, 457, '', 1, '2017-06-03 11:59:52', NULL, NULL, NULL, NULL, 1),
(1003, 'Novelon Lite', 310, 511, '', 1, '2017-06-04 09:34:43', NULL, NULL, NULL, NULL, 1),
(1004, 'Uro Orange', 429, 609, '', 1, '2017-06-04 09:39:14', NULL, NULL, NULL, NULL, 1),
(1005, 'Brush Up Toothpast', 430, 610, '', 1, '2017-06-04 09:46:39', 1, '2017-07-18 06:40:07', NULL, NULL, 1),
(1006, 'BEST\'S Sauce', 431, 611, '', 1, '2017-06-04 09:52:07', NULL, NULL, NULL, NULL, 1),
(1007, 'BEST\'S Friuit Jam', 431, 611, '', 1, '2017-06-04 09:55:14', NULL, NULL, NULL, NULL, 1),
(1008, 'BEST\'S Spice', 431, 611, '', 1, '2017-06-04 10:07:07', NULL, NULL, NULL, NULL, 1),
(1009, 'Haval H9 Car', 432, 612, '', 1, '2017-06-04 10:08:10', 1, '2017-06-07 11:29:25', NULL, NULL, 1),
(1010, 'Shanta', 433, 613, '', 1, '2017-06-04 10:13:41', NULL, NULL, NULL, NULL, 1),
(1011, 'BEST\'S Mayo', 431, 611, '', 1, '2017-06-04 10:18:08', NULL, NULL, NULL, NULL, 1),
(1012, 'Jasmin Landry Soap', 427, 605, '', 1, '2017-06-04 10:27:21', NULL, NULL, NULL, NULL, 1),
(1013, 'Assure ', 434, 614, '', 1, '2017-06-04 10:38:45', NULL, NULL, NULL, NULL, 1),
(1014, 'Neocare Diaper', 300, 615, '', 1, '2017-06-04 10:41:10', NULL, NULL, NULL, NULL, 1),
(1015, 'Danish Simla Tea', 435, 616, '', 1, '2017-06-04 10:47:18', NULL, NULL, NULL, NULL, 1),
(1016, 'Partex Furniture', 337, 786, '', 1, '2017-06-04 10:48:50', 1, '2017-07-17 07:36:01', NULL, NULL, 1),
(1017, 'Grow Up', 436, 617, '', 1, '2017-06-04 10:51:08', NULL, NULL, NULL, NULL, 1),
(1018, 'Trust Bank', 437, 618, '', 1, '2017-06-04 10:55:11', NULL, NULL, NULL, NULL, 1),
(1019, 'Kishwan Noodles', 438, 619, '', 1, '2017-06-04 11:02:40', NULL, NULL, NULL, NULL, 1),
(1020, 'Haval ACE Autos', 432, 612, '', 1, '2017-06-04 11:12:40', 1, '2017-07-18 06:28:13', NULL, NULL, 1),
(1021, 'Danish full cream milk powder', 435, 616, '', 1, '2017-06-04 11:15:34', NULL, NULL, NULL, NULL, 1),
(1022, 'Seylon Tea', 439, 620, '', 1, '2017-06-04 11:22:07', NULL, NULL, NULL, NULL, 1),
(1023, 'ACI Pure Spices', 128, 446, '', 1, '2017-06-04 11:22:29', NULL, NULL, NULL, NULL, 1),
(1024, 'Pran Mixed Spice', 8, 9, '', 1, '2017-06-04 11:31:55', NULL, NULL, NULL, NULL, 1),
(1025, 'Eggy Noodles', 440, 621, '', 1, '2017-06-05 06:12:29', NULL, NULL, NULL, NULL, 1),
(1026, 'Danish Condensed Milk', 435, 616, '', 1, '2017-06-05 06:33:59', NULL, NULL, NULL, NULL, 1),
(1027, 'Hitachi Projector', 441, 833, '', 1, '2017-06-05 06:37:04', 1, '2017-07-25 09:21:01', NULL, NULL, 1),
(1028, 'UNV CC Camera Device', 442, 623, '', 1, '2017-06-05 06:49:03', 1, '2017-06-06 10:52:44', NULL, NULL, 1),
(1029, 'Transcend', 443, 624, '', 1, '2017-06-05 07:03:12', NULL, NULL, NULL, NULL, 1),
(1030, 'Profom', 444, 625, '', 1, '2017-06-05 07:06:54', NULL, NULL, NULL, NULL, 1),
(1031, 'Rapoo Mouse', 551, 626, '', 1, '2017-06-05 07:27:58', 1, '2017-08-03 08:38:22', NULL, NULL, 1),
(1032, 'Toto Link Wifi', 551, 627, '', 1, '2017-06-05 07:31:36', 1, '2017-08-03 08:40:17', NULL, NULL, 1),
(1033, 'Avira Anitivirus', 446, 628, '', 1, '2017-06-05 07:36:48', 1, '2017-10-03 06:01:23', NULL, NULL, 1),
(1034, 'Aorus Computer Parts', 446, 629, '', 1, '2017-06-05 07:46:07', 1, '2017-06-07 11:17:09', NULL, NULL, 1),
(1035, 'Radiant', 447, 630, '', 1, '2017-06-05 07:47:59', NULL, NULL, NULL, NULL, 1),
(1036, 'Hitachi Projector', 448, 820, '', 1, '2017-06-05 07:54:13', 1, '2017-07-24 11:13:30', NULL, NULL, 1),
(1037, 'Msi Laptop', 448, 632, '', 1, '2017-06-05 08:00:09', 1, '2017-07-10 08:23:35', NULL, NULL, 1),
(1038, 'HP Laptop', 449, 992, '', 1, '2017-06-05 08:07:15', 1, '2017-10-02 07:31:38', NULL, NULL, 1),
(1039, 'Orion', 295, 409, '', 1, '2017-06-05 08:18:10', NULL, NULL, NULL, NULL, 1),
(1040, 'TATA Nano twist Car', 59, 147, '', 1, '2017-06-05 08:28:41', 1, '2017-07-11 09:59:19', NULL, NULL, 1),
(1041, 'Incepta', 300, 635, '', 1, '2017-06-05 08:39:49', NULL, NULL, NULL, NULL, 1),
(1042, 'GP Star', 46, 87, '', 1, '2017-06-05 09:18:18', NULL, NULL, NULL, NULL, 1),
(1043, 'Siraj tire ', 450, 636, '', 1, '2017-06-05 09:25:16', NULL, NULL, NULL, NULL, 1),
(1044, 'Bay Shoes', 451, 637, '', 1, '2017-06-05 09:25:51', 1, '2017-06-07 11:27:55', NULL, NULL, 1),
(1046, 'RFL Drying Table', 8, 16, '', 1, '2017-06-05 09:37:35', NULL, NULL, NULL, NULL, 1),
(1048, 'SPA', 21, 639, '', 1, '2017-06-05 09:59:17', NULL, NULL, NULL, NULL, 1),
(1049, 'Panasonic Rice Cooker', 113, 640, '', 1, '2017-06-05 09:59:57', NULL, NULL, NULL, NULL, 1),
(1051, 'Gas Stoves', 8, 4, '', 1, '2017-06-05 10:44:26', NULL, NULL, NULL, NULL, 1),
(1052, 'Walton Cilling Fan', 56, 134, '', 1, '2017-06-05 10:46:07', NULL, NULL, NULL, NULL, 1),
(1053, 'Bengal Wardrobe', 452, 641, '', 1, '2017-06-05 10:53:29', 1, '2017-07-18 06:39:04', NULL, NULL, 1),
(1054, 'RFL Ajina Alarm Clock', 8, 642, '', 1, '2017-06-06 08:30:34', NULL, NULL, NULL, NULL, 1),
(1055, 'Vigo Refrigerator', 8, 10, '', 1, '2017-06-08 09:14:34', NULL, NULL, NULL, NULL, 1),
(1056, 'Shezan Mango Drink', 167, 644, '', 1, '2017-06-08 09:29:35', NULL, NULL, NULL, NULL, 1),
(1057, 'Transtec', 66, 645, '', 1, '2017-06-08 09:54:26', NULL, NULL, NULL, NULL, 1),
(1058, 'Nadia Furniture', 453, 646, '', 1, '2017-06-08 10:02:02', NULL, NULL, NULL, NULL, 1),
(1059, 'Vigo Infrared Cooker', 8, 10, '', 1, '2017-06-08 11:09:43', NULL, NULL, NULL, NULL, 1),
(1060, 'RFL Sofa Set', 8, 16, '', 1, '2017-06-08 11:31:07', NULL, NULL, NULL, NULL, 1),
(1061, 'Xpert Dish Wash Power', 232, 651, '', 1, '2017-06-10 08:01:51', NULL, NULL, NULL, NULL, 1),
(1062, 'ACI Nutrilife Rice Bran Oil', 128, 446, '', 1, '2017-06-10 08:18:36', 1, '2017-09-10 10:48:32', NULL, NULL, 1),
(1063, 'Minar Brand Cement', 161, 261, '', 1, '2017-06-10 10:29:55', NULL, NULL, NULL, NULL, 1),
(1064, 'Samsung Refrigerator', 359, 805, '', 1, '2017-06-10 11:00:59', 1, '2017-07-22 09:23:05', NULL, NULL, 1),
(1065, 'Bisleri Drinking Water', 454, 653, '', 1, '2017-06-10 11:18:03', NULL, NULL, NULL, NULL, 1),
(1066, 'Pran Lacchi', 8, 9, '', 1, '2017-06-10 11:51:18', NULL, NULL, NULL, NULL, 1),
(1067, 'Kumarika Hair Oil', 455, 654, '', 1, '2017-06-11 07:03:24', NULL, NULL, NULL, NULL, 1),
(1068, 'ANZ Properties', 456, 655, '', 1, '2017-06-11 07:11:51', NULL, NULL, NULL, NULL, 1),
(1069, 'Habib Cement', 457, 656, '', 1, '2017-06-11 07:23:40', NULL, NULL, NULL, NULL, 1),
(1070, 'Labaid Hospital', 458, 657, '', 1, '2017-06-11 07:35:18', NULL, NULL, NULL, NULL, 1),
(1071, 'Fresh Food', 380, 270, '', 1, '2017-06-11 07:46:12', 1, '2017-07-26 08:14:42', NULL, NULL, 1),
(1072, 'Singer Furniture', 55, 127, '', 1, '2017-06-11 08:17:20', NULL, NULL, NULL, NULL, 1),
(1073, 'Nolen Gur Ice-cream', 459, 658, '', 1, '2017-06-11 08:22:16', NULL, NULL, NULL, NULL, 1),
(1074, 'Mostafa-Hakim Cement', 460, 659, '', 1, '2017-06-11 08:30:10', 1, '2017-07-29 09:48:21', NULL, NULL, 1),
(1075, 'Berger illusions', 80, 167, '', 1, '2017-06-11 08:33:42', NULL, NULL, NULL, NULL, 1),
(1076, 'Diploma Milk Powder', 127, 660, '', 1, '2017-06-11 08:56:23', NULL, NULL, NULL, NULL, 1),
(1077, 'Navana Power', 461, 661, '', 1, '2017-06-11 08:57:22', NULL, NULL, NULL, NULL, 1),
(1078, 'Dabur Honey', 462, 662, '', 1, '2017-06-11 09:32:56', NULL, NULL, NULL, NULL, 1),
(1079, 'Harpic Power Plus', 463, 663, '', 1, '2017-06-11 11:07:40', NULL, NULL, NULL, NULL, 1),
(1080, 'Ruchi Mixed Fruit Jam', 10, 23, '', 1, '2017-06-11 11:26:36', NULL, NULL, NULL, NULL, 1),
(1081, 'Islamic Finance And Investment', 464, 664, '', 1, '2017-06-11 11:45:20', NULL, NULL, NULL, NULL, 1),
(1082, 'Banafull', 465, 665, '', 1, '2017-06-12 08:27:10', NULL, NULL, NULL, NULL, 1),
(1083, 'Peoria', 466, 667, '', 1, '2017-06-12 08:32:45', NULL, NULL, NULL, NULL, 1),
(1084, 'Suzuki Motorcycle', 91, 902, '', 1, '2017-06-12 09:11:20', 1, '2017-10-16 08:23:48', NULL, NULL, 1),
(1085, 'Borak Auto Rickshaw', 467, 669, '', 1, '2017-06-12 09:41:13', NULL, NULL, NULL, NULL, 1),
(1086, 'LAVA Handset', 468, 670, '', 1, '2017-06-12 09:53:54', NULL, NULL, NULL, NULL, 1),
(1087, 'Walton', 56, 134, '', 1, '2017-06-12 09:58:40', NULL, NULL, NULL, NULL, 1),
(1089, 'Deshi Meat', 469, 672, '', 1, '2017-06-13 06:33:41', NULL, NULL, NULL, NULL, 1),
(1090, 'TATA Genx Nano', 470, 673, '', 1, '2017-06-13 06:37:17', NULL, NULL, NULL, NULL, 1),
(1092, 'Nova Refrigerator', 221, 324, '', 1, '2017-06-13 06:56:40', NULL, NULL, NULL, NULL, 1),
(1093, 'Sony Bravia LED Tv', 248, 491, '', 1, '2017-06-13 07:23:49', NULL, NULL, NULL, NULL, 1),
(1094, 'Jahl Muri', 472, 675, '', 1, '2017-06-13 07:34:34', NULL, NULL, NULL, NULL, 1),
(1095, 'Helio S10', 96, 184, '', 1, '2017-06-13 08:06:16', NULL, NULL, NULL, NULL, 1),
(1096, 'Super star power saver', 87, 174, '', 1, '2017-06-13 08:28:11', NULL, NULL, NULL, NULL, 1),
(1097, 'Vigo Blender', 8, 10, '', 1, '2017-06-13 08:38:18', NULL, NULL, NULL, NULL, 1),
(1098, 'Nova Rice Cooker', 221, 324, '', 1, '2017-06-13 10:51:55', NULL, NULL, NULL, NULL, 1),
(1099, 'ACI Pure foods', 128, 446, '', 1, '2017-06-14 06:42:12', NULL, NULL, NULL, NULL, 1),
(1100, 'Dekko Pasta', 214, 318, '', 1, '2017-06-14 09:44:12', NULL, NULL, NULL, NULL, 1),
(1101, 'Singer Refrigerator', 55, 127, '', 1, '2017-06-14 10:46:56', NULL, NULL, NULL, NULL, 1),
(1102, 'Paradise Cable', 473, 676, '', 1, '2017-06-14 11:35:56', NULL, NULL, NULL, NULL, 1),
(1103, 'Vigo Microwave Oven', 8, 10, '', 1, '2017-06-14 11:49:51', 1, '2017-06-14 11:53:16', NULL, NULL, 1),
(1104, 'Winmax Mobile', 474, 677, '', 1, '2017-06-15 08:31:10', NULL, NULL, NULL, NULL, 1),
(1105, 'RFL Relax Chair', 8, 16, '', 1, '2017-06-15 08:41:26', NULL, NULL, NULL, NULL, 1),
(1106, 'Singer Washing Machine', 55, 127, '', 1, '2017-06-15 09:47:32', NULL, NULL, NULL, NULL, 1),
(1107, 'Green Model Town', 54, 126, '', 1, '2017-06-15 10:06:29', NULL, NULL, NULL, NULL, 1),
(1108, 'RFL Wardrobe', 8, 16, '', 1, '2017-06-17 11:11:55', NULL, NULL, NULL, NULL, 1),
(1109, 'Amin Mohammad Town', 54, 126, '', 1, '2017-06-18 10:03:10', NULL, NULL, NULL, NULL, 1),
(1110, 'Alloy Aluminium Furniture', 475, 678, '', 1, '2017-06-19 07:02:37', NULL, NULL, NULL, NULL, 1),
(1111, 'Star Paradise Switch', 476, 679, '', 1, '2017-06-19 08:16:20', 1, '2017-06-19 08:18:24', NULL, NULL, 1),
(1112, 'Mastercard', 477, 680, '', 1, '2017-06-19 08:33:59', NULL, NULL, NULL, NULL, 1),
(1113, 'RFL Industrial Pump', 8, 16, '', 1, '2017-06-19 08:37:33', NULL, NULL, NULL, NULL, 1),
(1114, 'Samsung Air Conditioner', 359, 805, '', 1, '2017-06-19 08:52:45', 1, '2017-07-22 09:23:44', NULL, NULL, 1),
(1115, 'ACI Power Tiller', 478, 681, '', 1, '2017-06-19 08:58:56', NULL, NULL, NULL, NULL, 1),
(1116, 'Xpel Aerosol', 12, 38, '', 1, '2017-06-19 09:27:56', 1, '2017-07-25 07:28:35', NULL, NULL, 1),
(1117, 'Royal Kitchen Self', 8, 683, '', 1, '2017-06-19 09:36:43', NULL, NULL, NULL, NULL, 1),
(1118, 'Cinthol Soap', 479, 684, '', 1, '2017-06-19 10:03:27', NULL, NULL, NULL, NULL, 1),
(1119, 'Visa Card', 480, 685, '', 1, '2017-06-19 10:32:07', NULL, NULL, NULL, NULL, 1),
(1120, 'Holcim Cement', 481, 686, '', 1, '2017-06-19 10:44:34', NULL, NULL, NULL, NULL, 1),
(1121, 'RFL Royal Chair', 8, 16, '', 1, '2017-06-19 10:53:28', NULL, NULL, NULL, NULL, 1),
(1122, 'Venus Pet Jar', 8, 687, '', 1, '2017-06-19 10:54:49', NULL, NULL, NULL, NULL, 1),
(1123, 'Suvastu', 482, 688, '', 1, '2017-06-19 11:15:47', NULL, NULL, NULL, NULL, 1),
(1124, 'Vigo Electric Iron', 8, 10, '', 1, '2017-06-19 11:41:45', NULL, NULL, NULL, NULL, 1),
(1125, 'Expert Hair Color', 479, 689, '', 1, '2017-06-19 11:45:01', 1, '2017-06-19 11:49:14', NULL, NULL, 1),
(1126, 'Pacific Pharmaceuticals', 483, 690, '', 1, '2017-06-20 06:09:09', NULL, NULL, NULL, NULL, 1),
(1127, 'Vigo Rice Cooker', 8, 10, '', 1, '2017-06-20 06:57:01', NULL, NULL, NULL, NULL, 1),
(1128, 'Premium Water', 484, 691, '', 1, '2017-06-20 07:03:00', NULL, NULL, NULL, NULL, 1),
(1129, 'Sony Internet TV', 248, 491, '', 1, '2017-06-20 07:15:19', NULL, NULL, NULL, NULL, 1),
(1130, 'Hitachi Refrigerator', 113, 415, '', 1, '2017-06-20 07:19:12', NULL, NULL, NULL, NULL, 1),
(1131, 'Asus Zenfone Mobile', 551, 692, '', 1, '2017-06-20 08:15:40', 1, '2017-08-03 08:41:49', NULL, NULL, 1),
(1132, 'Transpa Chair', 8, 693, '', 1, '2017-06-20 08:31:14', NULL, NULL, NULL, NULL, 1),
(1133, 'Perfume World', 485, 694, '', 1, '2017-06-20 08:35:22', 1, '2017-06-20 08:37:40', NULL, NULL, 1),
(1134, 'Xpart fire extingusher', 8, 14, '', 1, '2017-06-20 08:43:31', NULL, NULL, NULL, NULL, 1),
(1135, 'Support Mat', 8, 7, '', 1, '2017-06-20 09:08:01', NULL, NULL, NULL, NULL, 1),
(1136, 'Pran Cikon Semai', 8, 9, '', 1, '2017-06-20 09:22:30', NULL, NULL, NULL, NULL, 1),
(1137, 'Vision voltage Stabilizer', 8, 1, '', 1, '2017-06-20 09:48:32', NULL, NULL, NULL, NULL, 1),
(1138, 'Classic Chair', 8, 696, '', 1, '2017-06-20 10:16:23', NULL, NULL, NULL, NULL, 1),
(1139, 'Gems World Diamond', 486, 697, '', 1, '2017-06-20 10:23:36', NULL, NULL, NULL, NULL, 1),
(1140, 'Singer Air Cooler', 55, 127, '', 1, '2017-06-20 10:57:30', NULL, NULL, NULL, NULL, 1),
(1141, 'BSRM Steel', 210, 484, '', 1, '2017-06-20 10:57:45', 1, '2017-08-20 09:15:07', NULL, NULL, 1),
(1142, 'RAK Ceramics', 487, 698, '', 1, '2017-06-20 11:14:46', NULL, NULL, NULL, NULL, 1),
(1143, 'Energypac Circuit Breaker', 44, 84, '', 1, '2017-06-20 11:41:34', NULL, NULL, NULL, NULL, 1),
(1144, 'Singer Cilling Fan', 55, 127, '', 1, '2017-06-21 06:44:59', NULL, NULL, NULL, NULL, 1),
(1145, 'Haier Combined Electronics', 251, 129, '', 1, '2017-06-21 07:34:55', 1, '2017-08-07 11:34:06', NULL, NULL, 1),
(1146, 'NRBC Bank', 488, 699, '', 1, '2017-06-21 07:37:08', NULL, NULL, NULL, NULL, 1),
(1147, 'Asus Laptop', 551, 692, '', 1, '2017-06-21 08:12:45', 1, '2017-08-03 08:43:08', NULL, NULL, 1),
(1148, 'ACI Aerosol', 128, 446, '', 1, '2017-06-21 08:23:17', NULL, NULL, NULL, NULL, 1),
(1149, 'Sunnyday Napkin', 489, 700, '', 1, '2017-06-21 09:32:24', NULL, NULL, NULL, NULL, 1),
(1150, 'Good Knight Coil', 479, 701, '', 1, '2017-06-21 09:40:05', 1, '2017-06-21 09:57:08', NULL, NULL, 1),
(1152, 'Nihar Santi Amla Oil', 50, 703, '', 1, '2017-06-21 10:15:31', NULL, NULL, NULL, NULL, 1),
(1154, 'Sony Camera', 248, 491, '', 1, '2017-06-21 11:37:19', NULL, NULL, NULL, NULL, 1),
(1155, 'Vigo', 8, 10, '', 1, '2017-06-21 11:41:54', NULL, NULL, NULL, NULL, 1),
(1156, 'RFL Dyning Table', 8, 16, '', 1, '2017-06-21 11:46:32', NULL, NULL, NULL, NULL, 1),
(1157, 'Walton Remmot Control Switch', 56, 134, '', 1, '2017-06-22 06:01:24', NULL, NULL, NULL, NULL, 1),
(1158, 'IPDC', 490, 704, '', 1, '2017-06-22 06:16:48', NULL, NULL, NULL, NULL, 1),
(1159, 'Hero Splendor', 59, 146, '', 1, '2017-06-22 06:27:33', 1, '2017-08-16 08:51:27', NULL, NULL, 1),
(1160, 'Rich Man', 491, 705, '', 1, '2017-06-22 06:56:02', NULL, NULL, NULL, NULL, 1),
(1161, 'Bishworong', 492, 706, '', 1, '2017-06-22 07:07:07', NULL, NULL, NULL, NULL, 1),
(1162, 'Uttara Finance', 493, 707, '', 1, '2017-06-22 07:30:49', NULL, NULL, NULL, NULL, 1);
INSERT INTO `subbrand` (`Id`, `Name`, `CompanyId`, `BrandId`, `Description`, `EntryBy`, `EntryDateTime`, `UpdateBy`, `UpdateTime`, `DeleteBy`, `DeleteDateTime`, `State`) VALUES
(1163, 'Metro Lassa Semai', 494, 709, '', 1, '2017-06-22 10:02:31', NULL, NULL, NULL, NULL, 1),
(1165, 'Pran Chinigura chal', 8, 16, '', 1, '2017-06-22 10:44:16', NULL, NULL, NULL, NULL, 1),
(1166, 'Pran Frooto', 8, 9, '', 1, '2017-06-22 11:19:23', NULL, NULL, NULL, NULL, 1),
(1167, 'Tanishq', 496, 711, '', 1, '2017-06-22 11:26:05', NULL, NULL, NULL, NULL, 1),
(1168, 'RFL Bucket', 8, 16, '', 1, '2017-06-22 11:38:55', NULL, NULL, NULL, NULL, 1),
(1169, 'Marks Active School', 121, 214, '', 1, '2017-07-01 08:43:12', NULL, NULL, NULL, NULL, 1),
(1170, 'Whirlpool Combined Electronics', 351, 493, '', 1, '2017-07-01 08:54:10', 1, '2017-08-07 11:39:25', NULL, NULL, 1),
(1171, 'Swan Properties', 497, 712, '', 1, '2017-07-01 09:01:58', 1, '2017-07-01 09:03:55', NULL, NULL, 1),
(1172, 'Energypac LED light', 44, 84, '', 1, '2017-07-01 09:20:24', 1, '2017-07-01 09:21:24', NULL, NULL, 1),
(1173, 'Baba Rafi', 498, 713, 'General', 1, '2017-07-01 10:07:14', NULL, NULL, NULL, NULL, 1),
(1174, 'Commercial Bank', 499, 714, '', 1, '2017-07-01 10:58:12', NULL, NULL, NULL, NULL, 1),
(1175, 'Diamond Galaxy', 500, 715, '', 1, '2017-07-01 11:27:52', NULL, NULL, NULL, NULL, 1),
(1176, 'Sanji Stainless Steel', 501, 716, '', 1, '2017-07-01 12:05:25', NULL, NULL, NULL, NULL, 1),
(1177, 'Ruchi Potato Chips', 10, 23, '', 1, '2017-07-01 12:21:34', 1, '2017-08-03 11:49:04', NULL, NULL, 1),
(1178, 'Platinum Lachcha Semai', 502, 717, '', 1, '2017-07-01 12:35:34', NULL, NULL, NULL, NULL, 1),
(1179, 'Qatar Airways', 503, 718, '', 1, '2017-07-02 08:11:45', NULL, NULL, NULL, NULL, 1),
(1180, 'Transcom Combined Electronics', 351, 719, '', 1, '2017-07-02 08:26:27', 1, '2017-08-07 11:40:35', NULL, NULL, 1),
(1181, 'Anwar Landmark', 75, 382, '', 1, '2017-07-02 08:45:56', NULL, NULL, NULL, NULL, 1),
(1182, 'Cosmic Window', 8, 6, '', 1, '2017-07-02 08:56:47', NULL, NULL, NULL, NULL, 1),
(1183, 'Saffola Active', 50, 121, '', 1, '2017-07-02 09:26:29', 1, '2017-07-20 09:34:55', NULL, NULL, 1),
(1184, 'Euroasia Mattress', 504, 722, '', 1, '2017-07-02 10:11:35', NULL, NULL, NULL, NULL, 1),
(1185, 'Radhuni Faluda', 10, 24, '', 1, '2017-07-02 10:18:30', NULL, NULL, NULL, NULL, 1),
(1186, 'Fareast Finance', 505, 723, '', 1, '2017-07-02 10:49:19', 1, '2017-07-02 10:50:17', NULL, NULL, 1),
(1187, 'Diamond World', 506, 724, '', 1, '2017-07-02 11:05:28', NULL, NULL, NULL, NULL, 1),
(1188, 'Pragati Insurance', 507, 725, '', 1, '2017-07-02 11:42:48', NULL, NULL, NULL, NULL, 1),
(1189, 'Pragati Life Insurance', 508, 726, '', 1, '2017-07-02 11:47:18', NULL, NULL, NULL, NULL, 1),
(1190, 'Fulkoli Noodles', 509, 727, '', 1, '2017-07-02 11:56:04', NULL, NULL, NULL, NULL, 1),
(1191, ' Farm Fresh Milk', 21, 56, '', 1, '2017-07-03 09:18:22', 1, '2017-09-06 12:02:18', NULL, NULL, 1),
(1192, 'Lakme Face Makup', 510, 729, '', 1, '2017-07-03 09:24:23', NULL, NULL, NULL, NULL, 1),
(1193, 'Ofiso Chair', 8, 730, '', 1, '2017-07-03 09:38:43', NULL, NULL, NULL, NULL, 1),
(1194, 'Fresh Drinking Water', 380, 470, '', 1, '2017-07-03 09:55:36', 1, '2017-11-04 11:14:27', NULL, NULL, 1),
(1195, 'Sunsilk Conditioner', 110, 104, '', 1, '2017-07-03 11:07:41', 1, '2017-07-22 11:36:58', NULL, NULL, 1),
(1196, 'Pran Achar', 8, 9, '', 1, '2017-07-03 11:12:40', NULL, NULL, NULL, NULL, 1),
(1197, 'ZEiL\'S Shoes', 511, 731, '', 1, '2017-07-04 07:43:50', NULL, NULL, NULL, NULL, 1),
(1198, 'Bangladesh Commerce Bank', 74, 732, '', 1, '2017-07-04 07:48:33', NULL, NULL, NULL, NULL, 1),
(1200, 'Honda Motorcycle', 406, 578, '', 1, '2017-07-04 10:57:36', 1, '2017-07-29 09:00:18', NULL, NULL, 1),
(1201, 'Aafi Fruit Drink', 21, 734, '', 1, '2017-07-04 11:15:54', NULL, NULL, NULL, NULL, 1),
(1202, 'RFL Diamond Jug', 8, 16, '', 1, '2017-07-05 07:28:56', NULL, NULL, NULL, NULL, 1),
(1203, 'RFL Chopping Board', 8, 16, '', 1, '2017-07-05 07:34:52', NULL, NULL, NULL, NULL, 1),
(1204, 'Lux', 110, 100, '', 1, '2017-07-05 08:30:43', 1, '2017-07-19 11:53:26', NULL, NULL, 1),
(1205, 'Rexona Shower Clean', 110, 103, '', 1, '2017-07-05 09:20:49', 1, '2017-07-22 11:08:12', NULL, NULL, 1),
(1206, 'RC Zira Pani', 512, 736, '', 1, '2017-07-05 09:31:21', NULL, NULL, NULL, NULL, 1),
(1207, 'Mumtaz Sultana aktive mehedi', 513, 737, '', 1, '2017-07-05 09:37:48', 1, '2017-07-11 06:11:51', NULL, NULL, 1),
(1209, 'Amin Jewellers', 514, 738, '', 1, '2017-07-05 10:30:48', NULL, NULL, NULL, NULL, 1),
(1210, 'Mumtaz', 513, 737, '', 1, '2017-07-06 07:23:50', NULL, NULL, NULL, NULL, 1),
(1211, 'Click CFL light', 8, 2, '', 1, '2017-07-06 08:37:19', NULL, NULL, NULL, NULL, 1),
(1212, 'Runner Turbo 150', 323, 345, '', 1, '2017-07-06 09:29:03', 1, '2017-07-24 09:26:29', NULL, NULL, 1),
(1213, 'Runner knicht Rider', 323, 454, '', 1, '2017-07-06 09:48:27', NULL, NULL, NULL, NULL, 1),
(1214, 'Xpert Dishwash Bar', 232, 740, '', 1, '2017-07-08 10:57:55', NULL, NULL, NULL, NULL, 1),
(1215, 'SMC Mypill', 301, 196, '', 1, '2017-07-08 11:04:19', 1, '2017-07-24 09:39:29', NULL, NULL, 1),
(1216, 'Savlon Soap', 128, 225, '', 1, '2017-07-08 11:48:31', NULL, NULL, NULL, NULL, 1),
(1217, 'Veet Hair Removar Cream', 420, 741, '', 1, '2017-07-08 12:13:07', NULL, NULL, NULL, NULL, 1),
(1219, 'Jasmin Mehedi', 427, 605, '', 1, '2017-07-09 07:22:44', NULL, NULL, NULL, NULL, 1),
(1220, '5x Emergency Contraceptive Pill', 310, 742, '', 1, '2017-07-09 07:33:34', NULL, NULL, NULL, NULL, 1),
(1221, 'ACI Chinigura Chal', 128, 446, '', 1, '2017-07-09 07:36:45', NULL, NULL, NULL, NULL, 1),
(1222, 'ACI Gura Morich', 128, 446, '', 1, '2017-07-09 07:40:49', 1, '2017-08-30 10:18:14', NULL, NULL, 1),
(1223, 'ACI Stick Noodles', 128, 446, '', 1, '2017-07-09 07:42:55', NULL, NULL, NULL, NULL, 1),
(1224, 'ACI Mixed masala', 128, 446, '', 1, '2017-07-09 07:51:00', NULL, NULL, NULL, NULL, 1),
(1225, 'Radhuni readymix', 10, 24, '', 1, '2017-07-09 08:41:13', NULL, NULL, NULL, NULL, 1),
(1226, 'Clean master toilet cleaner', 232, 117, '', 1, '2017-07-09 09:21:58', 1, '2017-09-07 10:22:28', NULL, NULL, 1),
(1227, 'Dettol Handwash', 463, 598, '', 1, '2017-07-09 09:33:45', 1, '2017-07-20 07:59:30', NULL, NULL, 1),
(1228, 'Ujala Paints', 515, 80, '', 1, '2017-07-09 09:36:14', 1, '2017-11-01 08:20:49', NULL, NULL, 1),
(1229, 'Vigo Washing Machine', 8, 10, '', 1, '2017-07-09 09:40:24', NULL, NULL, NULL, NULL, 1),
(1230, 'Sharif Gas Stove', 516, 745, '', 1, '2017-07-09 10:44:47', NULL, NULL, NULL, NULL, 1),
(1231, 'Sharif Pressure cooker', 516, 745, '', 1, '2017-07-09 10:52:00', NULL, NULL, NULL, NULL, 1),
(1232, 'Sharif Rice Cooker', 516, 745, '', 1, '2017-07-09 10:58:20', NULL, NULL, NULL, NULL, 1),
(1233, 'Sharif nonstick cookware', 516, 745, '', 1, '2017-07-09 11:15:49', NULL, NULL, NULL, NULL, 1),
(1234, 'Sharif Blender', 516, 745, '', 1, '2017-07-09 11:18:29', NULL, NULL, NULL, NULL, 1),
(1235, 'Sharif Induction Cooker', 516, 745, '', 1, '2017-07-09 11:21:13', NULL, NULL, NULL, NULL, 1),
(1236, 'Sharif Smart Fan', 516, 745, '', 1, '2017-07-09 11:23:30', NULL, NULL, NULL, NULL, 1),
(1237, 'Radhuni Pachforon', 10, 24, '', 1, '2017-07-09 11:27:06', NULL, NULL, NULL, NULL, 1),
(1238, 'Sharif Rechargable Fan', 516, 746, '', 1, '2017-07-09 11:29:29', NULL, NULL, NULL, NULL, 1),
(1239, 'Sharif Arabian Flask', 516, 745, '', 1, '2017-07-09 11:48:38', NULL, NULL, NULL, NULL, 1),
(1240, 'Pran Mangsher Masala', 8, 9, '', 1, '2017-07-09 11:56:18', NULL, NULL, NULL, NULL, 1),
(1242, 'Radhuni Macher Mosla', 10, 24, '', 1, '2017-07-09 12:01:04', NULL, NULL, NULL, NULL, 1),
(1243, 'Pran Chicken rost masala', 8, 9, '', 1, '2017-07-09 12:01:11', 1, '2017-07-09 12:02:21', NULL, NULL, 1),
(1244, 'Pran Chicken masala', 8, 9, '', 1, '2017-07-09 12:06:15', NULL, NULL, NULL, NULL, 1),
(1245, 'Pran Biriyani masala', 8, 9, '', 1, '2017-07-09 12:08:39', NULL, NULL, NULL, NULL, 1),
(1246, 'Radhuni Khicuri Mix', 10, 24, '', 1, '2017-07-09 12:09:15', NULL, NULL, NULL, NULL, 1),
(1247, 'Pran Kacchi Biriyani Masala', 8, 9, '', 1, '2017-07-09 12:10:50', NULL, NULL, NULL, NULL, 1),
(1248, 'Pran firni mix', 8, 9, '', 1, '2017-07-09 12:16:19', NULL, NULL, NULL, NULL, 1),
(1249, 'Radhuni Kabab Mosla', 10, 24, '', 1, '2017-07-09 12:16:55', NULL, NULL, NULL, NULL, 1),
(1250, 'Radhuni Faluda Mix', 10, 24, '', 1, '2017-07-09 12:24:25', NULL, NULL, NULL, NULL, 1),
(1252, 'Brother HL Printer', 551, 79, '', 1, '2017-07-10 07:13:07', 1, '2017-07-27 08:05:51', NULL, NULL, 1),
(1253, 'Samsung Printer', 446, 806, '', 1, '2017-07-10 07:18:28', 1, '2017-07-27 08:11:43', NULL, NULL, 1),
(1255, 'Zebex Scanner', 551, 749, '', 1, '2017-07-10 07:25:09', 1, '2017-08-03 08:45:22', NULL, NULL, 1),
(1256, 'Radhuni Jorda Mix', 10, 24, '', 1, '2017-07-10 07:29:26', NULL, NULL, NULL, NULL, 1),
(1257, 'Sewoo Printer', 551, 750, '', 1, '2017-07-10 07:32:04', 1, '2017-08-03 08:50:28', NULL, NULL, 1),
(1258, 'Radhuni Firni Mix', 10, 24, '', 1, '2017-07-10 07:36:53', NULL, NULL, NULL, NULL, 1),
(1259, 'Enerson Camera', 517, 751, '', 1, '2017-07-10 07:40:54', NULL, NULL, NULL, NULL, 1),
(1260, 'Radhuni Vineger', 10, 24, '', 1, '2017-07-10 07:59:58', NULL, NULL, NULL, NULL, 1),
(1262, 'Radhuni Semai', 10, 24, '', 1, '2017-07-10 08:08:43', NULL, NULL, NULL, NULL, 1),
(1263, 'D-Link Wifi', 518, 752, '', 1, '2017-07-10 08:08:52', 1, '2017-07-24 10:40:35', NULL, NULL, 1),
(1264, 'Radhuni Biriyane Masala', 10, 24, '', 1, '2017-07-10 08:12:08', NULL, NULL, NULL, NULL, 1),
(1265, 'Panasonic Wireless Handset', 519, 844, '', 1, '2017-07-10 08:21:02', 1, '2017-07-27 08:08:02', NULL, NULL, 1),
(1266, 'Patriot Computer Parts', 520, 754, '', 1, '2017-07-10 08:40:50', NULL, NULL, NULL, NULL, 1),
(1267, 'Hik Vision cable', 521, 755, '', 1, '2017-07-10 08:50:50', 1, '2017-08-03 11:07:49', NULL, NULL, 1),
(1268, 'Jasmin Gold Mehedi', 427, 605, '', 1, '2017-07-10 08:51:54', NULL, NULL, NULL, NULL, 1),
(1269, '5X Emergency Contraseptic Pil', 310, 742, '', 1, '2017-07-10 08:55:18', NULL, NULL, NULL, NULL, 1),
(1270, 'Canon Printer', 522, 814, '', 1, '2017-07-10 08:58:03', 1, '2017-07-23 09:30:10', NULL, NULL, 1),
(1271, 'Acer Laptop', 446, 757, '', 1, '2017-07-10 09:04:46', NULL, NULL, NULL, NULL, 1),
(1272, 'Radhuni Moricher gura', 10, 24, '', 1, '2017-07-10 09:15:12', NULL, NULL, NULL, NULL, 1),
(1273, 'Lenovo Laptop', 446, 835, '', 1, '2017-07-10 09:22:21', 1, '2017-07-25 09:32:19', NULL, NULL, 1),
(1274, 'Cisco Router', 523, 759, '', 1, '2017-07-10 09:34:20', NULL, NULL, NULL, NULL, 1),
(1275, 'Pusti Atta moida suji', 327, 457, '', 1, '2017-07-10 09:35:05', NULL, NULL, NULL, NULL, 1),
(1276, 'Pusti Cha', 327, 457, '', 1, '2017-07-10 09:40:48', NULL, NULL, NULL, NULL, 1),
(1277, 'General', 327, 457, '', 1, '2017-07-10 09:44:41', NULL, NULL, NULL, NULL, 1),
(1278, 'Pusti conseumer Product', 327, 457, '', 1, '2017-07-10 09:45:52', NULL, NULL, NULL, NULL, 1),
(1279, 'Zillion Mother Board', 524, 760, '', 1, '2017-07-10 09:47:02', NULL, NULL, NULL, NULL, 1),
(1280, 'Logitech Keyboard', 525, 761, '', 1, '2017-07-10 09:54:41', NULL, NULL, NULL, NULL, 1),
(1281, 'Delux Keyboard', 446, 762, '', 1, '2017-07-10 09:59:36', NULL, NULL, NULL, NULL, 1),
(1282, 'Xerox Printer', 526, 763, '', 1, '2017-07-10 10:04:07', NULL, NULL, NULL, NULL, 1),
(1283, 'Vigo Kettle', 8, 10, '', 1, '2017-07-10 10:21:23', NULL, NULL, NULL, NULL, 1),
(1284, 'Banoful Lasccha Semai', 465, 665, '', 1, '2017-07-10 10:25:07', 1, '2017-07-12 08:29:36', NULL, NULL, 1),
(1286, 'RFL Cloth Pin', 8, 16, '', 1, '2017-07-11 09:41:40', NULL, NULL, NULL, NULL, 1),
(1287, 'Sharp Refrigerator', 100, 448, '', 1, '2017-07-11 10:49:00', 1, '2017-07-18 07:11:13', NULL, NULL, 1),
(1288, 'Cellox Watch', 260, 764, '', 1, '2017-07-11 11:07:08', 1, '2017-07-18 06:40:53', NULL, NULL, 1),
(1289, 'Walton Induction Cooker', 56, 134, '', 1, '2017-07-11 11:33:54', NULL, NULL, NULL, NULL, 1),
(1290, 'RFL Mug', 8, 16, '', 1, '2017-07-11 12:10:38', NULL, NULL, NULL, NULL, 1),
(1291, 'RFL Maxima', 8, 16, '', 1, '2017-07-11 12:20:49', NULL, NULL, NULL, NULL, 1),
(1293, 'Tata Tea', 527, 803, '', 1, '2017-07-12 08:50:00', 1, '2017-07-20 09:28:00', NULL, NULL, 1),
(1294, 'HIT Insect Killer', 479, 767, '', 1, '2017-07-12 10:19:26', NULL, NULL, NULL, NULL, 1),
(1295, 'Ispahani Banglabid', 285, 494, '', 1, '2017-07-12 10:49:59', NULL, NULL, NULL, NULL, 1),
(1296, 'Ispahani Banglabid', 285, 397, '', 1, '2017-07-12 10:51:37', NULL, NULL, NULL, NULL, 1),
(1297, 'Pran Bisk Club Dry Cake', 8, 9, '', 1, '2017-07-12 11:07:41', NULL, NULL, NULL, NULL, 1),
(1298, 'Canon Printer', 159, 259, '', 1, '2017-07-13 10:10:41', NULL, NULL, NULL, NULL, 1),
(1299, 'Energypac Machineries Tools', 44, 84, '', 1, '2017-07-13 11:49:37', NULL, NULL, NULL, NULL, 1),
(1300, 'Eicher Tructor', 528, 778, '', 1, '2017-07-15 10:14:38', 1, '2017-07-24 09:16:41', NULL, NULL, 1),
(1301, 'Aarong Milk', 388, 770, '', 1, '2017-07-15 10:34:50', NULL, NULL, NULL, NULL, 1),
(1302, 'Rancon Combined Electronics', 529, 773, '', 1, '2017-07-15 11:19:49', 1, '2017-08-07 11:50:02', NULL, NULL, 1),
(1303, 'Rangs Yutong V7 Bus', 333, 775, '', 1, '2017-07-15 11:46:14', NULL, NULL, NULL, NULL, 1),
(1304, 'Millat Soap', 324, 455, '', 1, '2017-07-15 11:53:35', NULL, NULL, NULL, NULL, 1),
(1305, 'Food Village Biscuit', 151, 251, '', 1, '2017-07-16 07:07:24', NULL, NULL, NULL, NULL, 1),
(1306, 'RFL Amass Closet', 8, 16, '', 1, '2017-07-16 07:08:28', NULL, NULL, NULL, NULL, 1),
(1307, 'BNO Lubricants`', 530, 777, '', 1, '2017-07-16 08:38:03', NULL, NULL, NULL, NULL, 1),
(1308, 'Eicher Diesel Generator', 528, 778, '', 1, '2017-07-16 08:43:49', NULL, NULL, NULL, NULL, 1),
(1309, 'RFL Laurel Floor Mat', 8, 16, '', 1, '2017-07-16 08:50:45', NULL, NULL, NULL, NULL, 1),
(1310, 'EURO Furniture', 531, 779, '', 1, '2017-07-16 09:03:26', NULL, NULL, NULL, NULL, 1),
(1311, 'TM City', 532, 780, '', 1, '2017-07-16 09:10:15', 1, '2017-10-30 08:32:02', NULL, NULL, 1),
(1312, 'Regal Steel Almari', 8, 8, '', 1, '2017-07-16 09:11:44', NULL, NULL, NULL, NULL, 1),
(1313, 'Pran Choco Bean', 8, 9, '', 1, '2017-07-16 10:49:39', 1, '2017-08-17 10:43:30', NULL, NULL, 1),
(1314, 'B.Tech Expert Hair Care Oil', 426, 604, '', 1, '2017-07-16 11:11:45', NULL, NULL, NULL, NULL, 1),
(1315, 'TAFE Tructor', 528, 781, '', 1, '2017-07-16 11:29:36', NULL, NULL, NULL, NULL, 1),
(1317, 'Regal File Cabinet', 8, 8, '', 1, '2017-07-16 11:40:19', NULL, NULL, NULL, NULL, 1),
(1318, 'Commercial Bank', 533, 782, '', 1, '2017-07-16 12:12:45', NULL, NULL, NULL, NULL, 1),
(1319, 'G Gas', 534, 783, '', 1, '2017-07-17 06:55:17', NULL, NULL, NULL, NULL, 1),
(1320, 'AVANZA  Car', 372, 784, '', 1, '2017-07-17 07:08:57', NULL, NULL, NULL, NULL, 1),
(1321, 'Prime Asset', 535, 785, '', 1, '2017-07-17 07:32:07', NULL, NULL, NULL, NULL, 1),
(1322, 'Max Power Plant', 536, 787, '', 1, '2017-07-17 07:51:42', NULL, NULL, NULL, NULL, 1),
(1323, 'Totalgaz', 537, 788, '', 1, '2017-07-17 07:57:47', NULL, NULL, NULL, NULL, 1),
(1324, 'RFL Fire Safety', 8, 16, '', 1, '2017-07-17 08:10:54', NULL, NULL, NULL, NULL, 1),
(1325, 'ACI All Product', 128, 446, '', 1, '2017-07-17 08:18:38', NULL, NULL, NULL, NULL, 1),
(1326, 'Aarong Dairy Loban', 388, 770, '', 1, '2017-07-17 09:19:41', NULL, NULL, NULL, NULL, 1),
(1327, 'RFL Icy Water Bottle', 8, 16, '', 1, '2017-07-17 09:37:46', NULL, NULL, NULL, NULL, 1),
(1328, 'Asset Developments', 583, 312, '', 1, '2017-07-17 09:43:50', 1, '2017-08-05 11:28:51', NULL, NULL, 1),
(1329, 'Daily Shopping', 538, 789, '', 1, '2017-07-17 10:04:23', NULL, NULL, NULL, NULL, 1),
(1330, 'Metrocem Cement', 236, 790, '', 1, '2017-07-18 07:20:07', 1, '2017-07-18 07:21:03', NULL, NULL, 1),
(1331, 'Lux Soap', 110, 100, '', 1, '2017-07-18 07:43:30', NULL, NULL, NULL, NULL, 1),
(1332, 'Marks Full Cream Milk Powder', 121, 214, '', 1, '2017-07-18 10:15:57', NULL, NULL, NULL, NULL, 1),
(1333, 'Rangs Televition', 248, 353, '', 1, '2017-07-19 06:30:58', NULL, NULL, NULL, NULL, 1),
(1334, 'Metal Seed', 528, 793, '', 1, '2017-07-19 06:36:01', NULL, NULL, NULL, NULL, 1),
(1335, 'Akter Properties', 539, 794, '', 1, '2017-07-19 07:00:20', 1, '2017-07-30 09:44:04', NULL, NULL, 1),
(1336, 'Tecno Mobile', 540, 795, '', 1, '2017-07-19 07:23:03', NULL, NULL, NULL, NULL, 1),
(1337, 'Influvax', 300, 796, '', 1, '2017-07-19 07:34:28', NULL, NULL, NULL, NULL, 1),
(1338, 'Akij Motors', 88, 797, '', 1, '2017-07-19 07:40:58', NULL, NULL, NULL, NULL, 1),
(1339, 'Asian Town', 542, 798, '', 1, '2017-07-19 08:26:13', NULL, NULL, NULL, NULL, 1),
(1340, 'RFL Heavy Duty Pallet', 8, 16, '', 1, '2017-07-19 09:05:32', NULL, NULL, NULL, NULL, 1),
(1341, 'Shimanto Bank', 543, 799, '', 1, '2017-07-19 09:28:10', NULL, NULL, NULL, NULL, 1),
(1342, 'Habib Bank', 544, 800, '', 1, '2017-07-19 09:37:58', NULL, NULL, NULL, NULL, 1),
(1343, 'Sunion Furniture', 545, 801, '', 1, '2017-07-19 10:31:22', 1, '2017-08-07 09:19:52', NULL, NULL, 1),
(1344, 'Millat Anti Lice Soap', 324, 455, '', 1, '2017-07-20 08:02:15', NULL, NULL, NULL, NULL, 1),
(1345, 'Asus Gaming Notebook', 551, 692, '', 1, '2017-07-20 10:27:53', 1, '2017-08-03 08:51:56', NULL, NULL, 1),
(1346, 'HSBC  Bank', 546, 804, '', 1, '2017-07-20 11:03:38', NULL, NULL, NULL, NULL, 1),
(1347, 'Samsung Monitor', 446, 806, '', 1, '2017-07-22 09:31:19', NULL, NULL, NULL, NULL, 1),
(1348, 'Techron Lubricants', 547, 807, '', 1, '2017-07-22 09:38:47', NULL, NULL, NULL, NULL, 1),
(1349, 'Mohammadi Developers', 548, 808, '', 1, '2017-07-22 10:10:35', NULL, NULL, NULL, NULL, 1),
(1350, 'Bridge Holdings', 549, 809, '', 1, '2017-07-22 10:35:04', NULL, NULL, NULL, NULL, 1),
(1351, 'ACME PPI Omeprazole BP', 550, 810, '', 1, '2017-07-22 10:41:05', NULL, NULL, NULL, NULL, 1),
(1352, 'Aarong Dairy Yogurt', 388, 770, '', 1, '2017-07-22 11:01:13', NULL, NULL, NULL, NULL, 1),
(1353, 'Boss Freezer', 354, 811, '', 1, '2017-07-22 11:50:12', NULL, NULL, NULL, NULL, 1),
(1354, 'Jasmin Hair Oil', 427, 605, '', 1, '2017-07-23 07:10:55', NULL, NULL, NULL, NULL, 1),
(1355, 'Good Time Mini Cookies', 431, 812, '', 1, '2017-07-23 07:17:45', NULL, NULL, NULL, NULL, 1),
(1357, 'Radhuni Tehari Masala', 10, 24, '', 1, '2017-07-23 09:09:26', NULL, NULL, NULL, NULL, 1),
(1358, 'Radhuni Borhani Masala', 10, 24, '', 1, '2017-07-23 09:38:55', NULL, NULL, NULL, NULL, 1),
(1360, 'Vigo Roti Maker', 8, 10, '', 1, '2017-07-23 10:52:57', NULL, NULL, NULL, NULL, 1),
(1361, 'Vigo Induction Cooker', 8, 10, '', 1, '2017-07-23 11:42:53', 1, '2017-07-23 11:43:11', NULL, NULL, 1),
(1362, 'Vigo Microwave Oven', 8, 10, '', 1, '2017-07-23 11:46:27', 1, '2017-09-07 07:10:46', NULL, NULL, 1),
(1364, 'Conion LED TV', 113, 205, '', 1, '2017-07-24 06:27:24', NULL, NULL, NULL, NULL, 1),
(1365, 'Akboria Laccha Semai', 590, 243, '', 1, '2017-07-24 06:46:59', 1, '2017-08-10 10:54:36', NULL, NULL, 1),
(1367, 'Sharp Photocopier', 551, 815, '', 1, '2017-07-24 07:34:38', NULL, NULL, NULL, NULL, 1),
(1368, 'Bashundhara Khata', 34, 791, '', 1, '2017-07-24 07:44:02', NULL, NULL, NULL, NULL, 1),
(1369, 'Partex Board', 337, 786, '', 1, '2017-07-24 09:01:40', NULL, NULL, NULL, NULL, 1),
(1370, 'Platinum City', 552, 816, '', 1, '2017-07-24 09:40:29', NULL, NULL, NULL, NULL, 1),
(1371, 'Nikon SLR Camera', 159, 818, '', 1, '2017-07-24 10:23:57', NULL, NULL, NULL, NULL, 1),
(1372, 'Orbi Wifi', 442, 819, '', 1, '2017-07-24 10:48:54', NULL, NULL, NULL, NULL, 1),
(1373, 'Canon Camera', 522, 814, '', 1, '2017-07-24 11:09:10', NULL, NULL, NULL, NULL, 1),
(1374, 'A+ Plus UPS', 448, 821, '', 1, '2017-07-24 11:22:53', NULL, NULL, NULL, NULL, 1),
(1375, 'Tenda Wifi', 523, 822, '', 1, '2017-07-24 11:32:46', NULL, NULL, NULL, NULL, 1),
(1376, 'Rosenberger Lan Cable', 523, 823, '', 1, '2017-07-24 11:37:58', NULL, NULL, NULL, NULL, 1),
(1377, 'IVOOMI Speaker', 553, 824, '', 1, '2017-07-24 12:05:20', NULL, NULL, NULL, NULL, 1),
(1378, 'Toten Server Rack', 524, 825, '', 1, '2017-07-24 12:13:23', 1, '2017-07-25 08:36:40', NULL, NULL, 1),
(1379, 'Supersony Speaker', 554, 826, '', 1, '2017-07-25 08:01:29', NULL, NULL, NULL, NULL, 1),
(1380, 'Longse CC Camera Device', 524, 827, '', 1, '2017-07-25 08:13:38', NULL, NULL, NULL, NULL, 1),
(1381, 'Honeywell Barcode Scanner', 524, 828, '', 1, '2017-07-25 08:20:50', NULL, NULL, NULL, NULL, 1),
(1382, 'Pushi Sarver Rack', 555, 829, '', 1, '2017-07-25 08:38:16', NULL, NULL, NULL, NULL, 1),
(1383, 'Altai Wifi', 555, 830, '', 1, '2017-07-25 08:46:17', NULL, NULL, NULL, NULL, 1),
(1384, 'Rosenberger Lan Cable', 556, 831, '', 1, '2017-07-25 09:09:14', NULL, NULL, NULL, NULL, 1),
(1385, 'Mr.White Detergent ', 557, 832, '', 1, '2017-07-25 09:11:37', 1, '2017-08-07 09:53:19', NULL, NULL, 1),
(1386, 'HP Printer', 558, 834, '', 1, '2017-07-25 09:22:00', NULL, NULL, NULL, NULL, 1),
(1387, 'Toshiba Printer', 559, 836, '', 1, '2017-07-25 09:39:29', NULL, NULL, NULL, NULL, 1),
(1388, 'D-Link CC Camera Device', 518, 752, '', 1, '2017-07-25 09:49:22', NULL, NULL, NULL, NULL, 1),
(1389, 'D-Net Server Rack', 523, 837, '', 1, '2017-07-25 10:13:06', NULL, NULL, NULL, NULL, 1),
(1390, 'Micronet Connector', 551, 838, '', 1, '2017-07-25 10:21:18', NULL, NULL, NULL, NULL, 1),
(1391, 'Keeway RK 101', 560, 839, '', 1, '2017-07-25 10:52:42', NULL, NULL, NULL, NULL, 1),
(1392, 'Ma Drinking Water', 561, 840, '', 1, '2017-07-25 11:05:00', NULL, NULL, NULL, NULL, 1),
(1393, 'Delica DS', 333, 841, '', 1, '2017-07-25 11:19:10', NULL, NULL, NULL, NULL, 1),
(1394, 'Food Village Mustard Oil', 151, 251, '', 1, '2017-07-25 11:26:57', NULL, NULL, NULL, NULL, 1),
(1395, 'Ajina Alarm Clock', 8, 919, '', 1, '2017-07-26 07:56:20', 1, '2017-08-27 08:28:08', NULL, NULL, 1),
(1396, 'RFL Bravo Metal Door', 8, 16, '', 1, '2017-07-26 08:02:11', NULL, NULL, NULL, NULL, 1),
(1397, 'Yamaha Saluto 12SCC', 18, 48, '', 1, '2017-07-26 10:35:04', NULL, NULL, NULL, NULL, 1),
(1398, 'Sokti Yogurt', 562, 842, '', 1, '2017-07-26 10:36:21', NULL, NULL, NULL, NULL, 1),
(1399, 'King\'s Sunflower Oil', 563, 843, '', 1, '2017-07-26 10:51:40', NULL, NULL, NULL, NULL, 1),
(1400, 'Quazi Eagle Coil', 557, 832, '', 1, '2017-07-26 11:30:03', NULL, NULL, NULL, NULL, 1),
(1401, 'Vision Fan', 8, 1, '', 1, '2017-07-27 08:29:33', NULL, NULL, NULL, NULL, 1),
(1402, 'ACI Pure Gura Mosla', 128, 446, '', 1, '2017-07-27 09:47:45', 1, '2017-08-30 10:17:43', NULL, NULL, 1),
(1403, 'Toshiba Combined Electronics', 333, 846, '', 1, '2017-07-27 10:14:48', 1, '2017-08-07 11:41:46', NULL, NULL, 1),
(1404, 'Food Village Laccha Semai', 151, 251, '', 1, '2017-07-27 10:49:25', NULL, NULL, NULL, NULL, 1),
(1405, 'Yue Jin Pickup', 564, 847, '', 1, '2017-07-29 09:29:15', NULL, NULL, NULL, NULL, 1),
(1406, 'Tata Tea', 19, 848, '', 1, '2017-07-29 10:47:54', NULL, NULL, NULL, NULL, 1),
(1407, 'Duranta Walker', 8, 12, '', 1, '2017-07-29 11:04:54', NULL, NULL, NULL, NULL, 1),
(1408, 'ACME', 550, 810, '', 1, '2017-07-29 11:31:35', NULL, NULL, NULL, NULL, 1),
(1409, 'Kiam Pressure Cooker', 565, 849, '', 1, '2017-07-29 11:43:26', NULL, NULL, NULL, NULL, 1),
(1410, 'RFL Serving Bowl', 8, 16, '', 1, '2017-07-29 12:02:59', NULL, NULL, NULL, NULL, 1),
(1411, 'Minister Android TV', 97, 245, '', 1, '2017-07-30 08:53:46', NULL, NULL, NULL, NULL, 1),
(1412, 'Dell Laptop', 566, 850, '', 1, '2017-07-30 09:23:51', NULL, NULL, NULL, NULL, 1),
(1413, 'Nassa Holdings', 567, 851, '', 1, '2017-07-30 09:33:14', NULL, NULL, NULL, NULL, 1),
(1414, 'Assure ', 434, 852, '', 1, '2017-07-30 09:57:24', NULL, NULL, NULL, NULL, 1),
(1415, 'Creative Speaker', 159, 853, '', 1, '2017-07-30 10:04:06', NULL, NULL, NULL, NULL, 1),
(1416, 'Akboria Vaja Semai', 590, 243, '', 1, '2017-07-30 10:11:10', 1, '2017-08-10 10:55:12', NULL, NULL, 1),
(1417, 'Building For Future', 568, 854, '', 1, '2017-07-30 10:13:53', NULL, NULL, NULL, NULL, 1),
(1418, 'Food Village Premium Toast', 151, 251, '', 1, '2017-07-30 10:15:23', NULL, NULL, NULL, NULL, 1),
(1419, 'Microsoft Windows', 159, 855, '', 1, '2017-07-30 10:38:10', 1, '2017-08-29 11:29:01', NULL, NULL, 1),
(1420, 'Jet Detergent Powder', 367, 856, '', 1, '2017-07-30 10:52:44', NULL, NULL, NULL, NULL, 1),
(1421, 'Gazi Tanks', 569, 858, '', 1, '2017-08-01 08:46:43', NULL, NULL, NULL, NULL, 1),
(1422, 'Ruchi Dal Bhaja', 10, 23, '', 1, '2017-08-01 09:25:01', NULL, NULL, NULL, NULL, 1),
(1423, 'Matsils Chocolate', 324, 455, '', 1, '2017-08-01 12:07:31', 1, '2017-08-03 10:56:35', NULL, NULL, 1),
(1424, 'Oroclean Mouthwash', 570, 859, '', 1, '2017-08-02 06:44:06', NULL, NULL, NULL, NULL, 1),
(1425, 'Rupali Insurance', 571, 860, '', 1, '2017-08-02 06:54:14', NULL, NULL, NULL, NULL, 1),
(1426, 'Prime Finance', 572, 861, '', 1, '2017-08-02 07:08:49', NULL, NULL, NULL, NULL, 1),
(1427, 'Alif Assets', 573, 862, '', 1, '2017-08-02 07:17:15', NULL, NULL, NULL, NULL, 1),
(1428, 'VIPB Accelerated', 574, 863, '', 1, '2017-08-02 07:22:39', NULL, NULL, NULL, NULL, 1),
(1429, 'MTB Unit Fund', 575, 864, '', 1, '2017-08-02 07:27:22', NULL, NULL, NULL, NULL, 1),
(1430, 'Banglalink Internet', 179, 285, '', 1, '2017-08-02 07:50:00', NULL, NULL, NULL, NULL, 1),
(1431, 'Hajj Finance', 576, 865, '', 1, '2017-08-02 08:33:40', NULL, NULL, NULL, NULL, 1),
(1433, 'Partex Boards', 197, 303, '', 1, '2017-08-02 09:09:00', NULL, NULL, NULL, NULL, 1),
(1434, 'Sharp Refrigerator', 100, 262, '', 1, '2017-08-02 10:18:42', NULL, NULL, NULL, NULL, 1),
(1435, 'Bank Alfalah', 577, 866, '', 1, '2017-08-02 12:06:19', NULL, NULL, NULL, NULL, 1),
(1436, 'Sharp Combined Electronics', 113, 867, '', 1, '2017-08-03 09:30:22', 1, '2017-08-07 12:02:36', NULL, NULL, 1),
(1437, 'Aftab Auto', 580, 868, '', 1, '2017-08-03 11:36:25', NULL, NULL, NULL, NULL, 1),
(1438, 'Mahindra Rise', 580, 869, '', 1, '2017-08-03 11:39:17', NULL, NULL, NULL, NULL, 1),
(1439, 'Asset Developments', 581, 870, '', 1, '2017-08-03 11:48:21', NULL, NULL, NULL, NULL, 1),
(1440, 'Grameenphone App', 46, 87, '', 1, '2017-08-05 10:01:31', NULL, NULL, NULL, NULL, 1),
(1441, 'Bengal Food Container', 582, 872, '', 1, '2017-08-05 11:20:23', NULL, NULL, NULL, NULL, 1),
(1442, 'Navana Furniture', 372, 873, '', 1, '2017-08-05 11:35:34', NULL, NULL, NULL, NULL, 1),
(1443, 'Teer Sunflower Oil', 103, 193, '', 1, '2017-08-05 11:51:06', NULL, NULL, NULL, NULL, 1),
(1444, 'Minister Refrigerator', 97, 245, '', 1, '2017-08-05 12:09:18', NULL, NULL, NULL, NULL, 1),
(1445, 'Manarat International University', 584, 874, '', 1, '2017-08-06 07:25:29', NULL, NULL, NULL, NULL, 1),
(1446, 'RRM Steel', 585, 875, '', 1, '2017-08-06 08:06:34', 1, '2017-09-25 10:43:30', NULL, NULL, 1),
(1447, 'Banglalink Lite TEL', 179, 285, '', 1, '2017-08-06 08:16:55', NULL, NULL, NULL, NULL, 1),
(1448, 'Lifebuoy Soap', 110, 876, '', 1, '2017-08-06 08:48:59', NULL, NULL, NULL, NULL, 1),
(1449, 'Concord Foys Lake', 181, 287, '', 1, '2017-08-06 09:38:16', NULL, NULL, NULL, NULL, 1),
(1451, 'RADDO Watch', 260, 877, '', 1, '2017-08-06 12:25:59', NULL, NULL, NULL, NULL, 1),
(1453, 'Omega Sneedmaster', 495, 710, '', 1, '2017-08-07 09:00:58', NULL, NULL, NULL, NULL, 1),
(1454, 'Eagle Coil', 557, 879, '', 1, '2017-08-07 09:57:23', NULL, NULL, NULL, NULL, 1),
(1455, 'Food Village Premium Doi', 151, 251, '', 1, '2017-08-07 10:44:29', NULL, NULL, NULL, NULL, 1),
(1456, 'Pocha Green Saban', 225, 328, '', 1, '2017-08-07 10:51:47', 1, '2017-08-07 10:55:55', NULL, NULL, 1),
(1458, 'Xpart Weighting Scale', 8, 14, '', 1, '2017-08-08 09:36:32', NULL, NULL, NULL, NULL, 1),
(1459, 'Pran Garlic Achar', 8, 9, '', 1, '2017-08-08 09:50:02', NULL, NULL, NULL, NULL, 1),
(1460, 'ZTE Handset', 164, 880, '', 1, '2017-08-09 07:10:01', 1, '2017-08-29 07:12:06', NULL, NULL, 1),
(1461, 'i-plant', 104, 881, '', 1, '2017-08-09 07:59:22', NULL, NULL, NULL, NULL, 1),
(1462, 'Moni Mix', 104, 881, '', 1, '2017-08-09 08:01:04', NULL, NULL, NULL, NULL, 1),
(1463, 'SMC Mypill', 104, 881, '', 1, '2017-08-09 08:02:23', NULL, NULL, NULL, NULL, 1),
(1464, 'SMC', 104, 881, '', 1, '2017-08-09 08:05:44', NULL, NULL, NULL, NULL, 1),
(1465, 'Athena\'s Furniture ', 75, 882, '', 1, '2017-08-09 09:06:59', NULL, NULL, NULL, NULL, 1),
(1466, 'Jamuna Miror Door', 135, 234, '', 1, '2017-08-09 09:35:25', NULL, NULL, NULL, NULL, 1),
(1467, 'Samsung Combined Electronics', 170, 884, '', 1, '2017-08-09 09:49:55', NULL, NULL, NULL, NULL, 1),
(1468, 'NT Blu-Ray Combined Electronics', 588, 885, '', 1, '2017-08-09 11:39:31', NULL, NULL, NULL, NULL, 1),
(1469, 'Mega Jewellery Scale', 142, 241, '', 1, '2017-08-09 11:51:56', 1, '2017-09-11 09:19:59', NULL, NULL, 1),
(1470, 'Singer Combined Electronices', 55, 127, '', 1, '2017-08-09 11:55:00', NULL, NULL, NULL, NULL, 1),
(1471, 'Taiyoba Refrigerator', 589, 887, '', 1, '2017-08-10 10:05:57', NULL, NULL, NULL, NULL, 1),
(1472, 'MSI Laptop', 159, 888, '', 1, '2017-08-10 10:39:51', NULL, NULL, NULL, NULL, 1),
(1473, 'Ispahani Mirzapore Tea', 285, 397, '', 1, '2017-08-10 11:17:05', NULL, NULL, NULL, NULL, 1),
(1474, 'Hotwav Mobile', 591, 889, '', 1, '2017-08-13 07:03:27', NULL, NULL, NULL, NULL, 1),
(1475, 'Sharp Refrigerator', 113, 867, '', 1, '2017-08-13 08:27:32', NULL, NULL, NULL, NULL, 1),
(1476, 'Bajaj Pulsar', 118, 210, '', 1, '2017-08-13 09:27:33', NULL, NULL, NULL, NULL, 1),
(1477, 'Pocha Washing Powder', 225, 328, '', 1, '2017-08-13 09:42:55', NULL, NULL, NULL, NULL, 1),
(1478, 'AWR', 592, 891, '', 1, '2017-08-13 10:16:20', NULL, NULL, NULL, NULL, 1),
(1479, 'Genetic', 593, 892, '', 1, '2017-08-13 10:33:38', NULL, NULL, NULL, NULL, 1),
(1480, 'TATA Genx Nano', 470, 893, '', 1, '2017-08-13 11:19:46', NULL, NULL, NULL, NULL, 1),
(1481, 'Bashundhara Residential Project', 26, 894, '', 1, '2017-08-13 11:49:59', NULL, NULL, NULL, NULL, 1),
(1482, 'South Breeze Housing', 594, 895, '', 1, '2017-08-14 07:26:59', NULL, NULL, NULL, NULL, 1),
(1483, 'Electra Combined Electronics', 170, 275, '', 1, '2017-08-14 07:37:36', NULL, NULL, NULL, NULL, 1),
(1485, 'Walton Combined Electronics', 56, 134, '', 1, '2017-08-14 09:57:34', NULL, NULL, NULL, NULL, 1),
(1486, 'Guardian Life Insurance', 595, 896, '', 1, '2017-08-14 10:34:12', NULL, NULL, NULL, NULL, 1),
(1487, 'Rangs Refrigerator', 248, 353, '', 1, '2017-08-16 08:04:10', NULL, NULL, NULL, NULL, 1),
(1488, 'Unitech Refrigerator', 378, 532, '', 1, '2017-08-16 09:12:02', NULL, NULL, NULL, NULL, 1),
(1489, 'Bengal Jug', 582, 872, '', 1, '2017-08-16 09:51:32', NULL, NULL, NULL, NULL, 1),
(1490, 'Prime Exchange', 597, 897, '', 1, '2017-08-16 10:09:53', NULL, NULL, NULL, NULL, 1),
(1491, 'LG Handset', 202, 308, '', 1, '2017-08-16 10:41:19', 1, '2017-08-29 07:25:37', NULL, NULL, 1),
(1492, 'Konka Refrigerator', 345, 589, '', 1, '2017-08-16 11:24:21', NULL, NULL, NULL, NULL, 1),
(1493, 'Grameenphone Itel It 1409', 46, 87, '', 1, '2017-08-17 08:45:45', NULL, NULL, NULL, NULL, 1),
(1494, 'Wonder Dry Cake', 8, 182, '', 1, '2017-08-17 09:49:42', NULL, NULL, NULL, NULL, 1),
(1495, 'ATASHII LED TV', 354, 501, '', 1, '2017-08-17 09:58:50', NULL, NULL, NULL, NULL, 1),
(1496, 'ECO Refrigerator', 202, 898, '', 1, '2017-08-17 10:41:08', NULL, NULL, NULL, NULL, 1),
(1497, 'Diamond Cement', 598, 899, '', 1, '2017-08-19 10:07:18', NULL, NULL, NULL, NULL, 1),
(1498, 'Hero Splendor Smart 110', 599, 900, '', 1, '2017-08-19 10:22:29', NULL, NULL, NULL, NULL, 1),
(1499, 'Yamaha Motorcycle', 18, 48, '', 1, '2017-08-19 11:41:28', NULL, NULL, NULL, NULL, 1),
(1500, 'Eicher Bus', 333, 901, '', 1, '2017-08-19 11:50:54', NULL, NULL, NULL, NULL, 1),
(1501, 'Suzuki Gixxer', 91, 902, '', 1, '2017-08-19 12:08:41', NULL, NULL, NULL, NULL, 1),
(1502, 'Robi Nokia', 85, 172, '', 1, '2017-08-20 08:01:02', NULL, NULL, NULL, NULL, 1),
(1503, 'Lotto Body Spray', 296, 410, '', 1, '2017-08-20 09:07:28', NULL, NULL, NULL, NULL, 1),
(1504, 'BSRM Notice', 210, 484, '', 1, '2017-08-20 09:31:01', NULL, NULL, NULL, NULL, 1),
(1505, 'Hamid Real Estate', 600, 903, '', 1, '2017-08-20 09:47:11', NULL, NULL, NULL, NULL, 1),
(1506, 'Assort', 601, 904, '', 1, '2017-08-20 10:34:42', NULL, NULL, NULL, NULL, 1),
(1507, 'Whirlpool Refrigerator', 351, 493, '', 1, '2017-08-20 10:48:37', NULL, NULL, NULL, NULL, 1),
(1508, 'Manama Devlopment', 602, 905, '', 1, '2017-08-20 10:51:37', NULL, NULL, NULL, NULL, 1),
(1509, 'Ena Properties', 603, 906, '', 1, '2017-08-20 11:00:06', NULL, NULL, NULL, NULL, 1),
(1510, 'Linnex Showroom', 176, 282, '', 1, '2017-08-20 11:19:09', NULL, NULL, NULL, NULL, 1),
(1511, 'RFL Fan Bearing', 8, 16, 'General', 1, '2017-08-20 11:43:13', NULL, NULL, NULL, NULL, 1),
(1512, 'Nova LED TV', 221, 324, '', 1, '2017-08-21 09:07:09', NULL, NULL, NULL, NULL, 1),
(1513, 'Gazi Tyre', 569, 858, '', 1, '2017-08-21 09:19:32', NULL, NULL, NULL, NULL, 1),
(1514, 'Walton Iron', 56, 134, '', 1, '2017-08-21 10:37:17', NULL, NULL, NULL, NULL, 1),
(1515, 'Glitter Dish Wash Liquid', 8, 908, '', 1, '2017-08-21 10:48:25', NULL, NULL, NULL, NULL, 1),
(1516, 'Olympic Black', 99, 187, '', 1, '2017-08-21 11:26:57', NULL, NULL, NULL, NULL, 1),
(1517, 'RFL Chair', 8, 16, '', 1, '2017-08-21 11:43:57', 1, '2017-08-22 11:12:19', NULL, NULL, 1),
(1518, 'Aarong Ghee', 388, 770, '', 1, '2017-08-22 11:01:33', NULL, NULL, NULL, NULL, 1),
(1519, 'Bright Cookware', 8, 909, '', 1, '2017-08-22 11:34:03', NULL, NULL, NULL, NULL, 1),
(1520, 'RFL Dining Table', 8, 16, '', 1, '2017-08-22 12:20:37', NULL, NULL, NULL, NULL, 1),
(1521, 'Grameenphone Samsung', 46, 87, '', 1, '2017-08-23 08:06:59', NULL, NULL, NULL, NULL, 1),
(1522, 'Hero Glamdur', 599, 900, '', 1, '2017-08-23 08:43:06', NULL, NULL, NULL, NULL, 1),
(1523, 'MRS Combined Electronics', 604, 910, '', 1, '2017-08-23 09:04:35', NULL, NULL, NULL, NULL, 1),
(1524, 'Transtec Refrigerator', 351, 911, '', 1, '2017-08-23 09:37:38', NULL, NULL, NULL, NULL, 1),
(1525, 'Mega Animal Scale', 142, 241, '', 1, '2017-08-23 10:15:58', NULL, NULL, NULL, NULL, 1),
(1526, 'GT Radial Tyres', 606, 912, '', 1, '2017-08-23 10:25:45', NULL, NULL, NULL, NULL, 1),
(1527, 'EP Tyres', 607, 913, '', 1, '2017-08-23 11:35:00', NULL, NULL, NULL, NULL, 1),
(1528, 'Walton Pressure Cooker', 56, 134, '', 1, '2017-08-23 11:48:45', NULL, NULL, NULL, NULL, 1),
(1529, 'Vision Wall Fan', 8, 1, '', 1, '2017-08-23 12:29:31', NULL, NULL, NULL, NULL, 1),
(1530, 'Banglalink Micromax', 179, 285, '', 1, '2017-08-24 07:46:37', NULL, NULL, NULL, NULL, 1),
(1531, 'Akij Tempoo', 88, 797, '', 1, '2017-08-24 10:17:30', NULL, NULL, NULL, NULL, 1),
(1532, 'Bashundhara Noodles', 608, 914, '', 1, '2017-08-26 09:33:32', NULL, NULL, NULL, NULL, 1),
(1533, 'Haiko Refrigerator', 345, 915, '', 1, '2017-08-26 11:24:14', NULL, NULL, NULL, NULL, 1),
(1534, 'Haier Refrigerator', 251, 129, '', 1, '2017-08-27 05:59:56', NULL, NULL, NULL, NULL, 1),
(1535, 'Daraz', 609, 916, '', 1, '2017-08-27 06:14:05', NULL, NULL, NULL, NULL, 1),
(1536, 'Energy Plus Biscuits', 99, 917, '', 1, '2017-08-27 07:41:42', NULL, NULL, NULL, NULL, 1),
(1537, 'Hari Bhanga Fruit Drinks', 610, 918, '', 1, '2017-08-27 08:10:51', NULL, NULL, NULL, NULL, 1),
(1538, 'RFL Cocker Hood', 8, 16, '', 1, '2017-08-27 08:20:54', NULL, NULL, NULL, NULL, 1),
(1539, 'Ajina Wall Clock', 8, 919, '', 1, '2017-08-27 08:32:20', NULL, NULL, NULL, NULL, 1),
(1540, 'RFL Washing Net', 8, 16, '', 1, '2017-08-27 08:35:59', NULL, NULL, NULL, NULL, 1),
(1541, 'ACI Pure Atta', 128, 446, '', 1, '2017-08-27 09:01:15', NULL, NULL, NULL, NULL, 1),
(1542, 'Neem Original', 128, 920, '', 1, '2017-08-27 09:18:08', NULL, NULL, NULL, NULL, 1),
(1543, 'Radhuni Gura Masla', 10, 24, '', 1, '2017-08-27 09:45:13', NULL, NULL, NULL, NULL, 1),
(1544, 'RFL Vulb', 8, 16, '', 1, '2017-08-27 10:10:54', NULL, NULL, NULL, NULL, 1),
(1545, 'Mercantile Insurance', 611, 921, '', 1, '2017-08-27 10:31:05', NULL, NULL, NULL, NULL, 1),
(1546, 'Asus Laptop', 41, 922, '', 1, '2017-08-27 11:50:51', NULL, NULL, NULL, NULL, 1),
(1547, 'Linnex Refrigerator', 176, 282, '', 1, '2017-08-27 11:53:32', NULL, NULL, NULL, NULL, 1),
(1549, 'Robi Symphony', 85, 172, '', 1, '2017-08-28 06:36:54', NULL, NULL, NULL, NULL, 1),
(1550, 'Drinkit Water Filter', 8, 923, '', 1, '2017-08-28 07:10:00', NULL, NULL, NULL, NULL, 1),
(1551, 'Regal Combined Electronics', 8, 8, '', 1, '2017-08-28 07:34:10', NULL, NULL, NULL, NULL, 1),
(1552, 'Fortune Basmati Rice', 102, 192, '', 1, '2017-08-28 07:48:54', NULL, NULL, NULL, NULL, 1),
(1553, 'Conion Refrigerator', 113, 205, '', 1, '2017-08-28 08:23:41', NULL, NULL, NULL, NULL, 1),
(1554, 'Radhuni Chotpoti Mosla', 10, 24, '', 1, '2017-08-28 09:10:19', NULL, NULL, NULL, NULL, 1),
(1555, 'Energypack Fan', 44, 84, '', 1, '2017-08-28 10:13:48', NULL, NULL, NULL, NULL, 1),
(1556, 'Akij Motors Pickup', 88, 797, '', 1, '2017-08-28 10:17:11', NULL, NULL, NULL, NULL, 1),
(1557, 'Fair And Handsome Cream', 101, 924, '', 1, '2017-08-28 10:36:41', NULL, NULL, NULL, NULL, 1),
(1558, 'Boro Plus Face Wash', 110, 925, '', 1, '2017-08-28 10:56:41', NULL, NULL, NULL, NULL, 1),
(1559, 'Akij Ceramics', 88, 926, '', 1, '2017-08-28 11:15:54', NULL, NULL, NULL, NULL, 1),
(1560, 'Support Mobile Refrigerator', 8, 7, '', 1, '2017-08-29 06:55:41', NULL, NULL, NULL, NULL, 1),
(1561, 'Leo Diamond', 612, 927, '', 1, '2017-08-29 08:10:21', NULL, NULL, NULL, NULL, 1),
(1562, 'Lifebuoy Handwash', 110, 876, '', 1, '2017-08-29 08:36:56', NULL, NULL, NULL, NULL, 1),
(1563, 'Walton Computer', 56, 134, '', 1, '2017-08-29 08:38:12', NULL, NULL, NULL, NULL, 1),
(1564, 'Speed Energy Drinks', 21, 50, '', 1, '2017-08-29 09:02:22', NULL, NULL, NULL, NULL, 1),
(1565, 'Shoeniverse', 613, 928, '', 1, '2017-08-29 09:33:58', NULL, NULL, NULL, NULL, 1),
(1566, 'One Stop', 167, 929, '', 1, '2017-08-29 09:56:36', NULL, NULL, NULL, NULL, 1),
(1568, 'Olitalia Sunflower Oil', 394, 561, '', 1, '2017-08-29 10:19:05', NULL, NULL, NULL, NULL, 1),
(1569, 'Bombay Sweets Chips', 472, 930, '', 1, '2017-08-29 10:35:56', 1, '2017-10-01 08:30:06', NULL, NULL, 1),
(1570, 'SMC Ovacon Gold', 104, 881, '', 1, '2017-08-29 11:01:53', NULL, NULL, NULL, NULL, 1),
(1571, 'Samsung monitor', 159, 931, '', 1, '2017-08-29 11:11:28', NULL, NULL, NULL, NULL, 1),
(1572, 'ACI Fortified Soyabean Oil', 128, 446, '', 1, '2017-08-29 11:29:46', NULL, NULL, NULL, NULL, 1),
(1573, 'Kum Kum Coconut Oil', 614, 932, '', 1, '2017-08-29 12:02:07', NULL, NULL, NULL, NULL, 1),
(1574, 'Taaza Tea', 110, 933, '', 1, '2017-08-30 06:26:42', NULL, NULL, NULL, NULL, 1),
(1575, 'Taste Me Soft Drink Powder', 104, 934, '', 1, '2017-08-30 07:32:32', NULL, NULL, NULL, NULL, 1),
(1576, 'Vitacare Coconut Oil', 615, 935, '', 1, '2017-08-30 08:29:46', NULL, NULL, NULL, NULL, 1),
(1577, 'Cute Cream', 616, 936, '', 1, '2017-08-30 10:16:14', NULL, NULL, NULL, NULL, 1),
(1578, 'Vigo Air Cooler', 8, 10, '', 1, '2017-08-30 10:24:06', NULL, NULL, NULL, NULL, 1),
(1579, 'Mahindra Diesel Generator', 333, 465, '', 1, '2017-08-30 10:30:38', NULL, NULL, NULL, NULL, 1),
(1580, 'Cute Lipgel', 616, 936, '', 1, '2017-08-30 10:38:52', NULL, NULL, NULL, NULL, 1),
(1581, 'Sunrise Luxurious Apartment', 617, 938, '', 1, '2017-08-30 11:45:41', NULL, NULL, NULL, NULL, 1),
(1582, 'Toka Ink', 618, 939, '', 1, '2017-09-06 11:05:33', NULL, NULL, NULL, NULL, 1),
(1583, 'Lenovo Laptop', 551, 940, '', 1, '2017-09-06 11:31:18', NULL, NULL, NULL, NULL, 1),
(1584, 'Panduit Combined Electronics', 517, 941, '', 1, '2017-09-06 11:40:43', NULL, NULL, NULL, NULL, 1),
(1585, 'Toten Server Rack', 517, 942, '', 1, '2017-09-06 11:46:15', NULL, NULL, NULL, NULL, 1),
(1586, 'Fresh Salt', 380, 270, '', 1, '2017-09-06 11:58:28', NULL, NULL, NULL, NULL, 1),
(1587, 'Farm Fresh Butter', 21, 56, '', 1, '2017-09-06 12:03:18', NULL, NULL, NULL, NULL, 1),
(1588, 'Deep Cool Computer Parts', 520, 943, '', 1, '2017-09-06 12:05:03', NULL, NULL, NULL, NULL, 1),
(1589, 'Farm Fresh Yoghurt', 21, 56, '', 1, '2017-09-06 12:07:38', 1, '2017-09-06 12:09:35', NULL, NULL, 1),
(1590, 'Fresh Tea', 380, 270, '', 1, '2017-09-06 12:10:21', NULL, NULL, NULL, NULL, 1),
(1591, 'Farm Fresh Ghee', 21, 56, '', 1, '2017-09-06 12:14:46', NULL, NULL, NULL, NULL, 1),
(1592, 'Flora PC', 159, 944, '', 1, '2017-09-07 06:13:05', NULL, NULL, NULL, NULL, 1),
(1593, 'HP Printer', 619, 945, '', 1, '2017-09-07 06:20:22', NULL, NULL, NULL, NULL, 1),
(1594, 'Home Makers', 21, 946, '', 1, '2017-09-07 06:26:59', NULL, NULL, NULL, NULL, 1),
(1595, 'MTECH Colour Toner', 619, 947, '', 1, '2017-09-07 06:36:40', NULL, NULL, NULL, NULL, 1),
(1596, 'Nyam Nyam Chocolate', 431, 948, '', 1, '2017-09-07 06:59:16', NULL, NULL, NULL, NULL, 1),
(1597, 'Jasmin Power White', 427, 605, '', 1, '2017-09-07 07:05:03', NULL, NULL, NULL, NULL, 1),
(1598, 'PNY Memory Card', 446, 949, '', 1, '2017-09-07 07:16:15', NULL, NULL, NULL, NULL, 1),
(1599, 'HP Laptop', 446, 950, '', 1, '2017-09-07 07:23:01', NULL, NULL, NULL, NULL, 1),
(1600, 'Tiger Energy Drink', 429, 951, '', 1, '2017-09-07 07:35:41', NULL, NULL, NULL, NULL, 1),
(1601, 'Waue Air Freshener', 620, 952, '', 1, '2017-09-07 08:03:28', NULL, NULL, NULL, NULL, 1),
(1602, 'Vision Ketly', 8, 1, '', 1, '2017-09-07 09:06:58', NULL, NULL, NULL, NULL, 1),
(1603, 'Masala Tea', 621, 953, '', 1, '2017-09-07 09:56:55', NULL, NULL, NULL, NULL, 1),
(1604, 'Ahmed Sauce', 622, 954, '', 1, '2017-09-07 10:33:12', NULL, NULL, NULL, NULL, 1),
(1605, 'Kwality Milk Powder', 459, 955, '', 1, '2017-09-09 14:08:38', 1, '2017-09-19 11:51:41', NULL, NULL, 1),
(1606, 'Titan Watch', 260, 956, '', 1, '2017-09-10 09:12:20', NULL, NULL, NULL, NULL, 1),
(1607, 'Eicher', 243, 186, '', 1, '2017-09-10 11:23:21', NULL, NULL, NULL, NULL, 1),
(1608, 'Eicher', 333, 901, '', 1, '2017-09-10 11:26:45', NULL, NULL, NULL, NULL, 1),
(1609, 'Eicher', 333, 958, '', 1, '2017-09-10 11:27:45', NULL, NULL, NULL, NULL, 1),
(1610, 'Xpert Dishwash Bar', 232, 959, '', 1, '2017-09-11 07:56:52', NULL, NULL, NULL, NULL, 1),
(1611, 'Evana Cables', 222, 960, '', 1, '2017-09-11 08:03:02', NULL, NULL, NULL, NULL, 1),
(1612, 'First Choice', 99, 961, '', 1, '2017-09-11 08:11:03', NULL, NULL, NULL, NULL, 1),
(1613, 'Hero Motorcycle', 599, 900, '', 1, '2017-09-12 10:07:25', NULL, NULL, NULL, NULL, 1),
(1615, 'Eicher Truck', 243, 186, '', 1, '2017-09-13 07:08:51', NULL, NULL, NULL, NULL, 1),
(1616, 'RFL Kitchen Rack', 8, 16, '', 1, '2017-09-13 07:52:09', NULL, NULL, NULL, NULL, 1),
(1617, 'RFL Tray', 8, 16, '', 1, '2017-09-13 07:59:48', NULL, NULL, NULL, NULL, 1),
(1618, 'RFL Ladder', 8, 16, '', 1, '2017-09-13 09:17:04', 1, '2017-10-19 11:14:34', NULL, NULL, 1),
(1619, 'TATA Truck', 59, 147, '', 1, '2017-09-13 09:29:03', NULL, NULL, NULL, NULL, 1),
(1620, 'Energypac Socket', 44, 84, '', 1, '2017-09-13 12:08:12', NULL, NULL, NULL, NULL, 1),
(1621, 'Impulse Hospital', 623, 962, '', 1, '2017-09-14 06:40:48', NULL, NULL, NULL, NULL, 1),
(1622, 'Reveta Park City', 624, 963, '', 1, '2017-09-14 06:48:36', NULL, NULL, NULL, NULL, 1),
(1623, 'TATA Indigo eCS', 59, 147, '', 1, '2017-09-14 07:02:12', NULL, NULL, NULL, NULL, 1),
(1624, 'Rangs Pajero', 333, 775, '', 1, '2017-09-14 10:53:42', NULL, NULL, NULL, NULL, 1),
(1625, 'Robi Internet', 85, 172, '', 1, '2017-09-16 08:07:49', NULL, NULL, NULL, NULL, 1),
(1626, 'Rainbow Paints', 8, 964, '', 1, '2017-09-16 09:00:53', 1, '2017-11-05 09:58:42', NULL, NULL, 1),
(1627, 'Aspire Adult Diaper', 626, 965, '', 1, '2017-09-16 11:09:21', NULL, NULL, NULL, NULL, 1),
(1628, 'Bhalogari', 627, 966, '', 1, '2017-09-16 11:21:23', NULL, NULL, NULL, NULL, 1),
(1629, 'Conion Rechargeable Fan', 113, 205, '', 1, '2017-09-16 11:48:07', NULL, NULL, NULL, NULL, 1),
(1630, 'Pran Soy Sauce', 8, 9, '', 1, '2017-09-16 11:52:05', NULL, NULL, NULL, NULL, 1),
(1631, 'Click Extension Cord', 8, 2, '', 1, '2017-09-17 11:10:09', NULL, NULL, NULL, NULL, 1),
(1632, 'Hitachi Projector', 628, 967, '', 1, '2017-09-18 08:24:14', NULL, NULL, NULL, NULL, 1),
(1633, 'ICCB', 629, 968, '', 1, '2017-09-18 09:11:33', NULL, NULL, NULL, NULL, 1),
(1634, 'Sony Bravia OLED', 248, 491, '', 1, '2017-09-18 09:35:26', NULL, NULL, NULL, NULL, 1),
(1635, 'TATA LPO 909 Bus', 59, 147, '', 1, '2017-09-18 10:53:23', NULL, NULL, NULL, NULL, 1),
(1636, 'Conion Blender', 113, 205, '', 1, '2017-09-18 11:12:17', NULL, NULL, NULL, NULL, 1),
(1637, 'RFL UPVC Fittings', 8, 16, '', 1, '2017-09-19 06:24:39', NULL, NULL, NULL, NULL, 1),
(1638, 'JCB Backhoe Loader', 44, 568, '', 1, '2017-09-19 10:18:50', NULL, NULL, NULL, NULL, 1),
(1639, 'Bashundhara Diapant', 34, 791, '', 1, '2017-09-19 10:36:17', NULL, NULL, NULL, NULL, 1),
(1640, 'Hero HF-Deluxe', 599, 900, '', 1, '2017-09-19 11:04:30', NULL, NULL, NULL, NULL, 1),
(1641, 'TRESemme Shampoo', 233, 105, '', 1, '2017-09-19 11:15:07', NULL, NULL, NULL, NULL, 1),
(1642, 'Lotto Jeans', 296, 410, '', 1, '2017-09-20 07:22:30', NULL, NULL, NULL, NULL, 1),
(1643, 'Rupchanda Mustard Oil', 102, 190, '', 1, '2017-09-21 09:20:37', NULL, NULL, NULL, NULL, 1),
(1644, 'Edifice Casio', 260, 969, '', 1, '2017-09-21 11:00:06', 1, '2017-09-24 09:42:59', NULL, NULL, 1),
(1645, 'Baizid Steel', 630, 970, '', 1, '2017-09-21 11:10:02', NULL, NULL, NULL, NULL, 1),
(1646, 'CST Tyres', 393, 971, '', 1, '2017-09-21 11:32:46', NULL, NULL, NULL, NULL, 1),
(1647, 'Marcel Combined Electronics', 56, 373, '', 1, '2017-09-23 11:12:17', NULL, NULL, NULL, NULL, 1),
(1648, 'Oriental Real Estate', 277, 972, '', 1, '2017-09-24 07:56:54', NULL, NULL, NULL, NULL, 1),
(1649, 'Vaseline Healthy White', 110, 973, '', 1, '2017-09-24 08:22:50', 1, '2017-09-26 11:06:09', NULL, NULL, 1),
(1650, 'Regal Slime fit chair', 8, 8, '', 1, '2017-09-24 09:01:44', NULL, NULL, NULL, NULL, 1),
(1651, 'Bajaj Discover', 118, 210, '', 1, '2017-09-24 09:13:23', NULL, NULL, NULL, NULL, 1),
(1652, 'Edifice Casio', 631, 969, '', 1, '2017-09-24 09:59:07', NULL, NULL, NULL, NULL, 1),
(1653, 'TATA LP 909 Bus', 59, 147, '', 1, '2017-09-24 10:23:15', NULL, NULL, NULL, NULL, 1),
(1655, 'RFL Dispo', 8, 16, '', 1, '2017-09-25 07:37:03', NULL, NULL, NULL, NULL, 1),
(1656, 'RSM Steel', 632, 974, '', 1, '2017-09-25 08:28:07', NULL, NULL, NULL, NULL, 1),
(1657, 'Great Wall Ceramic', 633, 975, '', 1, '2017-09-25 08:35:49', NULL, NULL, NULL, NULL, 1),
(1659, 'Vigo Voltage Stabilizer', 8, 10, '', 1, '2017-09-25 10:19:59', NULL, NULL, NULL, NULL, 1),
(1660, 'Uro Oranjee', 429, 609, '', 1, '2017-09-25 10:34:24', NULL, NULL, NULL, NULL, 1),
(1661, 'Blaze LED Light', 8, 976, '', 1, '2017-09-26 09:45:17', NULL, NULL, NULL, NULL, 1),
(1662, 'RFL Venus Pet', 8, 16, '', 1, '2017-09-26 10:34:26', NULL, NULL, NULL, NULL, 1),
(1663, 'Samsung TV', 359, 805, '', 1, '2017-09-27 06:57:42', NULL, NULL, NULL, NULL, 1),
(1664, 'Staysafe Sanitary Napkin', 8, 977, '', 1, '2017-09-27 07:06:56', 1, '2017-10-04 07:21:41', NULL, NULL, 1),
(1665, 'Pepsi Soft Drinks', 379, 978, '', 1, '2017-09-27 07:14:58', NULL, NULL, NULL, NULL, 1),
(1666, 'Koncept Furniture', 634, 979, '', 1, '2017-09-27 07:16:24', NULL, NULL, NULL, NULL, 1),
(1667, 'Olitalia Olive Oil', 394, 561, '', 1, '2017-09-27 08:18:23', NULL, NULL, NULL, NULL, 1),
(1668, 'RFL Jug', 8, 16, '', 1, '2017-09-27 09:04:16', NULL, NULL, NULL, NULL, 1),
(1669, 'Eicher Truck', 333, 901, '', 1, '2017-09-27 09:09:11', 1, '2017-09-27 09:11:43', NULL, NULL, 1),
(1670, 'Edifice Casio', 631, 969, '', 1, '2017-09-28 09:53:48', NULL, NULL, NULL, NULL, 1),
(1671, 'Robi OPPO', 85, 172, '', 1, '2017-09-30 09:51:36', NULL, NULL, NULL, NULL, 1),
(1672, 'Wings Clear Lemon Drinks', 167, 981, '', 1, '2017-10-01 06:54:31', NULL, NULL, NULL, NULL, 1),
(1673, 'Ifad Autos', 336, 982, '', 1, '2017-10-01 06:58:38', NULL, NULL, NULL, NULL, 1),
(1674, 'Mostafa Various Products', 635, 983, '', 1, '2017-10-01 08:00:08', NULL, NULL, NULL, NULL, 1),
(1675, 'Habib Cloth', 457, 656, '', 1, '2017-10-01 08:42:16', NULL, NULL, NULL, NULL, 1),
(1676, 'Muskan Various Products', 158, 321, '', 1, '2017-10-01 09:00:21', NULL, NULL, NULL, NULL, 1),
(1677, 'G-Shock Casio', 631, 984, '', 1, '2017-10-01 09:50:02', NULL, NULL, NULL, NULL, 1),
(1678, 'Lovello Ice Cream', 636, 986, '', 1, '2017-10-02 03:48:42', NULL, NULL, NULL, NULL, 1),
(1679, 'Corsair Computer Parts', 446, 987, '', 1, '2017-10-02 05:08:29', NULL, NULL, NULL, NULL, 1),
(1680, 'ACI Combine Harvester', 18, 988, '', 1, '2017-10-02 05:22:29', 1, '2017-10-02 05:25:00', NULL, NULL, 1),
(1681, 'Ricoh Printer', 446, 989, '', 1, '2017-10-02 05:31:17', NULL, NULL, NULL, NULL, 1),
(1682, 'Bashundhara Atta', 32, 990, '', 1, '2017-10-02 06:41:48', NULL, NULL, NULL, NULL, 1),
(1683, 'Vigo Ruti Maker', 8, 10, '', 1, '2017-10-02 07:13:01', NULL, NULL, NULL, NULL, 1),
(1684, 'Solitine Server Rack', 523, 991, '', 1, '2017-10-02 07:20:58', NULL, NULL, NULL, NULL, 1),
(1685, 'Whitening Facewash', 637, 993, '', 1, '2017-10-02 08:10:40', NULL, NULL, NULL, NULL, 1),
(1686, 'Gree Combined Electronics', 345, 985, '\r\n', 1, '2017-10-02 08:20:23', 1, '2017-10-02 08:23:04', NULL, NULL, 1),
(1687, 'Khusboo Isabgol', 638, 994, '', 1, '2017-10-02 08:26:27', NULL, NULL, NULL, NULL, 1),
(1688, 'Bengal Digital Tv', 639, 995, '', 1, '2017-10-02 09:12:03', NULL, NULL, NULL, NULL, 1),
(1689, 'Milk Vita various products', 422, 600, '', 1, '2017-10-02 10:07:28', NULL, NULL, NULL, NULL, 1),
(1690, 'Netgear Network Switch', 442, 996, '', 1, '2017-10-03 05:52:17', NULL, NULL, NULL, NULL, 1),
(1691, 'Electra LED TV', 170, 275, '', 1, '2017-10-03 06:01:44', NULL, NULL, NULL, NULL, 1),
(1692, 'HP Notebook', 449, 992, '', 1, '2017-10-03 06:15:01', NULL, NULL, NULL, NULL, 1),
(1693, 'Pearls Paradise Jeweller', 640, 997, '', 1, '2017-10-03 06:16:25', 1, '2017-10-03 06:18:11', NULL, NULL, 1),
(1694, 'Rak Paints', 641, 998, '', 1, '2017-10-03 08:00:05', 1, '2017-11-05 10:00:36', NULL, NULL, 1),
(1695, 'Metal Bull', 63, 999, '', 1, '2017-10-03 10:21:00', NULL, NULL, NULL, NULL, 1),
(1696, 'Fresh Various Products  ', 380, 270, '', 1, '2017-10-03 10:38:04', NULL, NULL, NULL, NULL, 1),
(1697, 'Meril Revive ', 12, 28, '', 1, '2017-10-04 07:05:39', NULL, NULL, NULL, NULL, 1),
(1698, 'Pran All Time', 8, 9, '', 1, '2017-10-04 07:36:59', NULL, NULL, NULL, NULL, 1),
(1699, 'Aarong Dairy Butter', 388, 770, '', 1, '2017-10-04 07:43:38', NULL, NULL, NULL, NULL, 1),
(1700, 'Keeway RKS 100', 423, 601, '', 1, '2017-10-04 08:52:05', NULL, NULL, NULL, NULL, 1),
(1701, 'Huawei Laptop', 79, 166, '', 1, '2017-10-05 07:17:24', NULL, NULL, NULL, NULL, 1),
(1702, 'Samsung QLED TV', 359, 805, '', 1, '2017-10-05 07:26:26', NULL, NULL, NULL, NULL, 1),
(1703, 'Haiko Air Conditioner', 345, 915, '', 1, '2017-10-05 10:06:07', NULL, NULL, NULL, NULL, 1),
(1704, 'Akboria Biscuit', 590, 243, '', 1, '2017-10-05 10:28:56', NULL, NULL, NULL, NULL, 1),
(1705, 'Knorr Soup', 110, 98, '', 1, '2017-10-07 11:38:52', NULL, NULL, NULL, NULL, 1),
(1706, 'Gree Refrigerator', 345, 985, '', 1, '2017-10-08 06:48:22', NULL, NULL, NULL, NULL, 1),
(1708, 'Esquire Electronics', 100, 1000, '', 1, '2017-10-08 08:16:57', NULL, NULL, NULL, NULL, 1),
(1709, 'UCB', 352, 1001, '', 1, '2017-10-08 11:12:13', NULL, NULL, NULL, NULL, 1),
(1710, 'Vigo Electric Conduit Pipe', 8, 10, '', 1, '2017-10-09 09:03:58', NULL, NULL, NULL, NULL, 1),
(1711, 'Fair & Lovely Winter Fairness', 110, 88, '', 1, '2017-10-09 10:08:43', 1, '2017-10-09 10:11:00', NULL, NULL, 1),
(1712, 'Vision Table Fan', 8, 1, '', 1, '2017-10-09 10:28:32', NULL, NULL, NULL, NULL, 1),
(1713, 'Konka LED TV', 345, 589, '', 1, '2017-10-10 08:21:57', NULL, NULL, NULL, NULL, 1),
(1714, 'Haiko LED TV', 345, 915, '', 1, '2017-10-10 11:45:13', NULL, NULL, NULL, NULL, 1),
(1715, 'Banglalink Huawei', 179, 285, '', 1, '2017-10-11 06:14:19', NULL, NULL, NULL, NULL, 1);
INSERT INTO `subbrand` (`Id`, `Name`, `CompanyId`, `BrandId`, `Description`, `EntryBy`, `EntryDateTime`, `UpdateBy`, `UpdateTime`, `DeleteBy`, `DeleteDateTime`, `State`) VALUES
(1716, 'Black Fighter Mosquito Coil', 128, 1002, '', 1, '2017-10-11 07:01:37', NULL, NULL, NULL, NULL, 1),
(1717, 'Black Fighter Jumbo Coil', 128, 1002, '', 1, '2017-10-11 07:08:06', NULL, NULL, NULL, NULL, 1),
(1718, 'DOM-INNO Apartment', 642, 1003, '', 1, '2017-10-11 07:14:21', NULL, NULL, NULL, NULL, 1),
(1719, 'Linnex LED TV', 176, 282, '', 1, '2017-10-11 07:51:29', NULL, NULL, NULL, NULL, 1),
(1720, 'Horlicks', 373, 1004, '', 1, '2017-10-11 08:00:37', NULL, NULL, NULL, NULL, 1),
(1721, 'Kumarika Oil Control Face Wash', 455, 654, '', 1, '2017-10-11 08:08:41', NULL, NULL, NULL, NULL, 1),
(1722, 'Gree Chiller', 345, 985, '', 1, '2017-10-11 09:04:25', NULL, NULL, NULL, NULL, 1),
(1723, 'ACI Pure Thai Noodles', 128, 446, '', 1, '2017-10-11 11:36:26', NULL, NULL, NULL, NULL, 1),
(1724, 'TATA LP 909 Bus', 470, 893, '', 1, '2017-10-11 11:36:54', NULL, NULL, NULL, NULL, 1),
(1725, 'Danish Florida Orange', 435, 616, '', 1, '2017-10-11 11:42:08', NULL, NULL, NULL, NULL, 1),
(1726, 'Western Combined Electronics', 643, 1005, '', 1, '2017-10-12 07:27:38', NULL, NULL, NULL, NULL, 1),
(1727, 'Linnex Electric Kettle', 176, 282, '', 1, '2017-10-12 07:52:25', NULL, NULL, NULL, NULL, 1),
(1728, 'Konka Ceiling Fan', 345, 589, '', 1, '2017-10-12 07:55:19', NULL, NULL, NULL, NULL, 1),
(1729, 'Bashundhara', 34, 791, '', 1, '2017-10-12 08:48:55', NULL, NULL, NULL, NULL, 1),
(1730, 'General AC', 100, 1006, '', 1, '2017-10-12 09:04:01', NULL, NULL, NULL, NULL, 1),
(1731, 'Rangs Lancer Ex', 333, 775, '', 1, '2017-10-12 09:22:11', NULL, NULL, NULL, NULL, 1),
(1732, 'Keya Chap Stick', 418, 596, '', 1, '2017-10-12 10:04:33', NULL, NULL, NULL, NULL, 1),
(1733, 'Haiko Ceiling Fan', 345, 915, '', 1, '2017-10-15 08:17:24', NULL, NULL, NULL, NULL, 1),
(1734, 'Conion Fan', 113, 205, '', 1, '2017-10-15 08:55:09', NULL, NULL, NULL, NULL, 1),
(1735, 'Dong Dong Chips', 644, 1007, '', 1, '2017-10-15 10:30:30', NULL, NULL, NULL, NULL, 1),
(1736, 'ACI Sonalika Tructor', 18, 988, '', 1, '2017-10-15 11:03:55', NULL, NULL, NULL, NULL, 1),
(1737, 'Runner Motorcycle', 323, 1008, '', 1, '2017-10-16 10:09:43', NULL, NULL, NULL, NULL, 1),
(1738, 'Matador Marking Pencil', 645, 1009, '', 1, '2017-10-16 10:15:09', NULL, NULL, NULL, NULL, 1),
(1739, 'Konka Gas Stove', 345, 589, '', 1, '2017-10-16 11:27:57', NULL, NULL, NULL, NULL, 1),
(1740, 'Caltex Lubricants', 547, 1010, '', 1, '2017-10-17 09:08:06', NULL, NULL, NULL, NULL, 1),
(1741, 'Fully Furnished', 646, 1011, '', 1, '2017-10-17 09:17:49', NULL, NULL, NULL, NULL, 1),
(1742, 'Rangs Outlander', 333, 775, '', 1, '2017-10-17 09:24:25', NULL, NULL, NULL, NULL, 1),
(1743, 'ISUZU Truck', 118, 1012, '', 1, '2017-10-17 10:49:51', NULL, NULL, NULL, NULL, 1),
(1744, 'Fresh Soyabean Oil', 380, 470, '', 1, '2017-10-18 09:14:21', NULL, NULL, NULL, NULL, 1),
(1745, 'Pran Rice Bran Oil', 8, 9, '', 1, '2017-10-18 09:17:22', NULL, NULL, NULL, NULL, 1),
(1746, 'Bajaj Avenger', 118, 210, '', 1, '2017-10-18 10:37:48', NULL, NULL, NULL, NULL, 1),
(1747, 'SMC Norix', 104, 881, '', 1, '2017-10-18 11:11:24', NULL, NULL, NULL, NULL, 1),
(1748, 'Energypac Pickup', 44, 84, '', 1, '2017-10-18 11:17:23', NULL, NULL, NULL, NULL, 1),
(1749, 'Grameenphone WE', 46, 87, '', 1, '2017-10-19 08:04:07', NULL, NULL, NULL, NULL, 1),
(1750, 'Konka Air Conditioner', 345, 589, '', 1, '2017-10-19 08:57:46', NULL, NULL, NULL, NULL, 1),
(1751, 'Akboria Chanachur', 590, 243, '', 1, '2017-10-19 09:09:38', NULL, NULL, NULL, NULL, 1),
(1752, 'Omera LPG', 647, 1013, '', 1, '2017-10-19 09:24:45', NULL, NULL, NULL, NULL, 1),
(1753, 'Aarong Dairy Powder Milk', 388, 770, '', 1, '2017-10-19 11:03:56', NULL, NULL, NULL, NULL, 1),
(1754, 'Samsung UHD TV', 359, 805, '', 1, '2017-10-19 11:24:24', NULL, NULL, NULL, NULL, 1),
(1755, 'Sea World Water Park', 181, 1014, '', 1, '2017-10-22 06:40:06', NULL, NULL, NULL, NULL, 1),
(1756, 'Regal Reading Table', 8, 8, '', 1, '2017-10-22 06:57:10', NULL, NULL, NULL, NULL, 1),
(1757, 'Gourmet Bazar ', 648, 1015, '', 1, '2017-10-22 07:14:46', NULL, NULL, NULL, NULL, 1),
(1758, 'Vim Liquid', 110, 111, '', 1, '2017-10-22 07:21:41', NULL, NULL, NULL, NULL, 1),
(1759, 'ACI Generator', 18, 988, '', 1, '2017-10-22 07:36:05', NULL, NULL, NULL, NULL, 1),
(1760, 'Radhun Gura Masala', 10, 24, '', 1, '2017-10-22 07:51:56', NULL, NULL, NULL, NULL, 1),
(1761, 'General Combined Electronics', 100, 1006, '', 1, '2017-10-22 08:10:00', NULL, NULL, NULL, NULL, 1),
(1762, 'Santoor Soap', 649, 1016, '', 1, '2017-10-22 08:26:35', NULL, NULL, NULL, NULL, 1),
(1763, 'Konka Washing Machine', 345, 589, '', 1, '2017-10-22 09:10:59', NULL, NULL, NULL, NULL, 1),
(1764, 'ACI Pure Salt', 128, 446, '', 1, '2017-10-22 10:52:48', NULL, NULL, NULL, NULL, 1),
(1765, 'Pran Choco Choco', 8, 9, '', 1, '2017-10-22 11:03:16', NULL, NULL, NULL, NULL, 1),
(1766, 'Good Luck Stationery', 8, 68, '', 1, '2017-10-22 11:42:39', NULL, NULL, NULL, NULL, 1),
(1767, 'RAGA Watch', 631, 1017, '', 1, '2017-10-23 10:38:46', NULL, NULL, NULL, NULL, 1),
(1768, 'Tapei Fabrics', 650, 1018, '', 1, '2017-10-24 08:10:18', NULL, NULL, NULL, NULL, 1),
(1769, 'Robi Samsung', 85, 172, '', 1, '2017-10-25 08:58:18', NULL, NULL, NULL, NULL, 1),
(1770, 'RFL Baby Care', 8, 16, '', 1, '2017-10-25 09:14:44', NULL, NULL, NULL, NULL, 1),
(1771, 'RFL Masala Box', 8, 16, '', 1, '2017-10-25 09:23:59', NULL, NULL, NULL, NULL, 1),
(1772, 'Bengal Meat', 651, 1019, '', 1, '2017-10-25 11:37:59', NULL, NULL, NULL, NULL, 1),
(1773, 'Mahindra Custo', 580, 869, '', 1, '2017-10-25 12:08:03', NULL, NULL, NULL, NULL, 1),
(1774, 'RFL Gas Regulator', 8, 16, '', 1, '2017-10-26 09:51:57', NULL, NULL, NULL, NULL, 1),
(1775, 'Star Ceramics', 652, 1020, '', 1, '2017-10-26 10:12:59', NULL, NULL, NULL, NULL, 1),
(1776, 'Partex Door', 337, 786, 'Partex Star Group', 1, '2017-10-26 10:45:09', NULL, NULL, NULL, NULL, 1),
(1777, 'Jafflong Tea', 653, 1021, '', 1, '2017-10-26 10:51:13', NULL, NULL, NULL, NULL, 1),
(1778, 'Spray Way Spot Lifter', 654, 1022, '', 1, '2017-10-26 11:02:56', NULL, NULL, NULL, NULL, 1),
(1779, 'Harpic Power Plus', 420, 1023, '', 1, '2017-10-26 11:31:16', NULL, NULL, NULL, NULL, 1),
(1780, 'Pond\'s Facewash', 110, 102, '', 1, '2017-10-26 11:34:45', NULL, NULL, NULL, NULL, 1),
(1781, 'S.Alam Soyabean Oil', 161, 261, '', 1, '2017-10-26 11:50:08', NULL, NULL, NULL, NULL, 1),
(1782, 'Kwality Ice Cream', 459, 955, '', 1, '2017-10-26 12:05:24', NULL, NULL, NULL, NULL, 1),
(1783, 'Grameenphone iPhone', 46, 87, '', 1, '2017-10-28 09:48:38', NULL, NULL, NULL, NULL, 1),
(1784, 'Suzuki Ciaz', 118, 216, '', 1, '2017-10-29 06:53:56', NULL, NULL, NULL, NULL, 1),
(1785, 'Saad Musa Housing', 655, 1024, '', 1, '2017-10-29 07:32:01', NULL, NULL, NULL, NULL, 1),
(1786, 'Swadesh Properties', 656, 1025, '', 1, '2017-10-29 07:52:06', NULL, NULL, NULL, NULL, 1),
(1787, 'ACI', 128, 446, '', 1, '2017-10-29 08:14:48', NULL, NULL, NULL, NULL, 1),
(1788, 'Igloo Ice-cream', 657, 1026, '', 1, '2017-10-29 09:18:38', NULL, NULL, NULL, NULL, 1),
(1789, 'Mangolee Juice', 429, 1027, '', 1, '2017-10-29 10:28:28', NULL, NULL, NULL, NULL, 1),
(1790, 'RFL Exclusive Showroom', 8, 16, '', 1, '2017-10-29 10:32:25', NULL, NULL, NULL, NULL, 1),
(1791, 'T+Tissort Watch', 631, 1028, '', 1, '2017-10-30 08:04:49', NULL, NULL, NULL, NULL, 1),
(1792, 'Kelvinator Refrigerator', 248, 1029, '', 1, '2017-10-30 08:47:19', NULL, NULL, NULL, NULL, 1),
(1793, 'Omron Nebulizer', 658, 1030, '', 1, '2017-10-30 09:12:46', NULL, NULL, NULL, NULL, 1),
(1794, 'Microtrade Food', 659, 1031, '', 1, '2017-10-30 09:36:13', NULL, NULL, NULL, NULL, 1),
(1795, 'Za\'n Zee Ice-cream', 660, 1032, '', 1, '2017-10-30 09:46:25', NULL, NULL, NULL, NULL, 1),
(1796, 'SACO Watch', 661, 1033, '', 1, '2017-10-30 10:02:16', NULL, NULL, NULL, NULL, 1),
(1797, 'Mr.Cookie Biscuit', 662, 1034, '', 1, '2017-10-30 10:08:27', NULL, NULL, NULL, NULL, 1),
(1799, 'Suzuki Wagonr', 118, 216, '', 1, '2017-10-31 08:08:58', NULL, NULL, NULL, NULL, 1),
(1800, 'Fresh Tissue', 380, 470, '', 1, '2017-10-31 08:43:18', NULL, NULL, NULL, NULL, 1),
(1801, 'TATA Genxnano', 59, 147, '', 1, '2017-11-01 06:55:46', NULL, NULL, NULL, NULL, 1),
(1802, 'Ujala Flame Retardant Paints', 515, 80, '', 1, '2017-11-01 08:16:11', NULL, NULL, NULL, NULL, 1),
(1804, 'Fulkoli', 509, 727, '', 1, '2017-11-01 09:00:17', NULL, NULL, NULL, NULL, 1),
(1805, 'Olive City', 663, 1036, '', 1, '2017-11-01 09:06:06', NULL, NULL, NULL, NULL, 1),
(1806, 'Ifad Autos Dump Truck', 336, 982, '', 1, '2017-11-02 08:24:18', NULL, NULL, NULL, NULL, 1),
(1807, 'Ranks FC ', 664, 1037, ' ', 1, '2017-11-02 08:36:32', NULL, NULL, NULL, NULL, 1),
(1808, 'Kleeno Dishwashing Bar', 418, 1038, '', 1, '2017-11-02 09:50:44', NULL, NULL, NULL, NULL, 1),
(1809, 'HP Printer', 449, 992, '', 1, '2017-11-02 10:00:31', NULL, NULL, NULL, NULL, 1),
(1810, 'Intel PC', 665, 1039, '', 1, '2017-11-02 10:22:14', NULL, NULL, NULL, NULL, 1),
(1811, 'Corsair DDR4 Ram', 446, 987, '', 1, '2017-11-02 10:40:11', NULL, NULL, NULL, NULL, 1),
(1812, 'Value-Top Cooling Fan', 442, 1040, '', 1, '2017-11-04 09:48:01', NULL, NULL, NULL, NULL, 1),
(1813, 'G.Skill Tridentz RGB', 665, 1041, '', 1, '2017-11-04 10:02:11', NULL, NULL, NULL, NULL, 1),
(1814, 'Hik Vision LED Monitor', 521, 755, '', 1, '2017-11-04 10:11:44', NULL, NULL, NULL, NULL, 1),
(1815, 'Coolser Desktop Casing', 524, 1042, '', 1, '2017-11-04 10:24:10', NULL, NULL, NULL, NULL, 1),
(1816, 'Grameenphone Internet', 46, 87, '', 1, '2017-11-05 06:17:01', NULL, NULL, NULL, NULL, 1),
(1817, 'Pusti Atta', 327, 457, '', 1, '2017-11-05 07:56:14', NULL, NULL, NULL, NULL, 1),
(1818, 'Berger Weather Coat', 80, 167, '', 1, '2017-11-05 08:40:04', NULL, NULL, NULL, NULL, 1),
(1819, 'Berger Silk  ', 80, 167, '', 1, '2017-11-05 08:41:29', NULL, NULL, NULL, NULL, 1),
(1820, 'Chamak Fabric Brightener', 12, 1043, '', 1, '2017-11-05 09:06:33', NULL, NULL, NULL, NULL, 1),
(1821, 'Berger Fireguard', 80, 167, '', 1, '2017-11-05 09:16:11', NULL, NULL, NULL, NULL, 1),
(1822, 'Anwar', 75, 382, '', 1, '2017-11-06 09:11:42', NULL, NULL, NULL, NULL, 1),
(1823, 'Concord Grand Ruby', 181, 287, '', 1, '2017-11-06 11:05:29', NULL, NULL, NULL, NULL, 1),
(1824, 'General Mobile GM5 GM6', 609, 1044, '', 1, '2017-11-07 05:53:38', NULL, NULL, NULL, NULL, 1),
(1825, 'Scan Cement', 666, 1045, '', 1, '2017-11-07 06:19:41', NULL, NULL, NULL, NULL, 1),
(1826, 'Kumarika Soap', 455, 654, '', 1, '2017-11-07 06:34:18', NULL, NULL, NULL, NULL, 1),
(1827, 'Vixol Bathroom Cleaner', 667, 1046, '', 1, '2017-11-07 07:35:48', NULL, NULL, NULL, NULL, 1),
(1828, 'Vaseline Petroleum Jelly', 110, 973, '', 1, '2017-11-07 08:01:21', NULL, NULL, NULL, NULL, 1),
(1829, 'Edison Properties', 668, 1047, '', 1, '2017-11-07 08:43:58', NULL, NULL, NULL, NULL, 1),
(1830, 'Beautina Body Lotion', 232, 1048, '', 1, '2017-11-07 08:54:34', NULL, NULL, NULL, NULL, 1),
(1831, 'Credence Apartment', 186, 1049, '', 1, '2017-11-07 09:50:37', NULL, NULL, NULL, NULL, 1),
(1832, 'Kurkure Corn Krispies', 669, 1050, '', 1, '2017-11-07 10:21:06', 1, '2017-11-07 10:23:26', NULL, NULL, 1),
(1833, 'Suzuki Swift', 118, 216, '', 1, '2017-11-07 10:47:05', NULL, NULL, NULL, NULL, 1),
(1834, 'Tibet Petroleum Jelly', 232, 802, '', 1, '2017-11-08 08:23:09', NULL, NULL, NULL, NULL, 1),
(1835, 'Suzuki Alto', 118, 216, '', 1, '2017-11-08 08:34:45', NULL, NULL, NULL, NULL, 1),
(1836, 'World DR150A', 528, 1051, '', 1, '2017-11-08 09:29:54', NULL, NULL, NULL, NULL, 1),
(1837, 'Nahee SS Pipe', 670, 1052, '', 1, '2017-11-08 09:31:49', NULL, NULL, NULL, NULL, 1),
(1838, 'Matador Ballpen', 645, 1009, '', 1, '2017-11-08 10:09:50', NULL, NULL, NULL, NULL, 1),
(1839, 'Union Development', 671, 1053, '', 1, '2017-11-08 10:23:43', NULL, NULL, NULL, NULL, 1),
(1840, 'Honda Dream NEO', 406, 578, '', 1, '2017-11-08 10:45:20', NULL, NULL, NULL, NULL, 1),
(1841, 'Hitachi Combined Electronics', 351, 857, '', 1, '2017-11-09 07:50:05', NULL, NULL, NULL, NULL, 1),
(1842, 'Transtec Lighting', 66, 645, '', 1, '2017-11-09 08:01:09', NULL, NULL, NULL, NULL, 1),
(1843, 'Orion Gas', 295, 409, '', 1, '2017-11-09 08:45:08', NULL, NULL, NULL, NULL, 1),
(1844, 'Kelvinator Refrigerator', 672, 1054, '', 1, '2017-11-09 10:43:58', NULL, NULL, NULL, NULL, 1),
(1845, 'Berger Breathe Easy', 80, 167, '', 1, '2017-11-09 10:53:12', NULL, NULL, NULL, NULL, 1),
(1846, 'Meghnaseem Deluxe Cement', 380, 1055, '', 1, '2017-11-11 10:24:45', NULL, NULL, NULL, NULL, 1),
(1847, 'Meril Rose Water Glycerine', 12, 28, '', 1, '2017-11-12 09:11:50', NULL, NULL, NULL, NULL, 1),
(1848, 'Suzuki ERTIGA', 118, 216, '', 1, '2017-11-12 09:49:29', NULL, NULL, NULL, NULL, 1),
(1849, 'Vaseline Intensive Care', 110, 973, '', 1, '2017-11-12 10:28:54', NULL, NULL, NULL, NULL, 1),
(1850, 'Linnex Iron', 176, 282, '', 1, '2017-11-12 10:53:03', NULL, NULL, NULL, NULL, 1),
(1851, 'Food Court', 673, 1056, '', 1, '2017-11-13 08:59:18', NULL, NULL, NULL, NULL, 1),
(1852, 'Twinkle Baby Diaper', 128, 1057, '', 1, '2017-11-13 10:18:27', NULL, NULL, NULL, NULL, 1),
(1853, 'RFL Gezer', 8, 16, '', 1, '2017-11-13 10:34:10', NULL, NULL, NULL, NULL, 1),
(1854, 'Sony Rangs Combined Electronics', 672, 1058, '', 1, '2017-11-14 07:51:52', NULL, NULL, NULL, NULL, 1),
(1855, 'Polar Zafran Malai', 674, 1059, '', 1, '2017-11-14 09:11:27', NULL, NULL, NULL, NULL, 1),
(1856, 'Vigo Room Heater', 8, 10, '', 1, '2017-11-14 10:01:14', NULL, NULL, NULL, NULL, 1),
(1857, ' Prime Verois Products', 675, 1060, '', 1, '2017-11-15 09:27:07', NULL, NULL, NULL, NULL, 1),
(1858, 'Bengal Boi', 675, 1060, '', 1, '2017-11-28 07:03:17', NULL, NULL, NULL, NULL, 1),
(1859, 'TIB', 676, 1061, '', 1, '2017-12-13 10:43:53', NULL, NULL, NULL, NULL, 1),
(1860, 'BTRC', 677, 1062, '', 1, '2017-12-14 05:59:11', NULL, NULL, NULL, NULL, 1),
(1861, 'Jica', 678, 1063, '', 1, '2017-12-14 09:44:54', NULL, NULL, NULL, NULL, 1);

-- --------------------------------------------------------

--
-- Table structure for table `synopsis`
--

CREATE TABLE `synopsis` (
  `Id` int(11) NOT NULL,
  `DataEntryReportId` int(11) DEFAULT NULL,
  `SummaryId` int(20) DEFAULT NULL,
  `Title` text,
  `Summary` text,
  `EntryBy` int(11) DEFAULT NULL,
  `EntryDateTime` datetime DEFAULT NULL,
  `UpdateBy` int(11) DEFAULT NULL,
  `UpdateTime` datetime DEFAULT NULL,
  `DeleteBy` int(11) DEFAULT NULL,
  `DeleteDateTime` datetime DEFAULT NULL,
  `State` tinyint(4) DEFAULT '1'
) ENGINE=InnoDB DEFAULT CHARSET=utf8;

--
-- Dumping data for table `synopsis`
--

INSERT INTO `synopsis` (`Id`, `DataEntryReportId`, `SummaryId`, `Title`, `Summary`, `EntryBy`, `EntryDateTime`, `UpdateBy`, `UpdateTime`, `DeleteBy`, `DeleteDateTime`, `State`) VALUES
(61, 240, 1490581122, '    ', '                     ,                                       ', 1, '2018-08-14 07:59:24', NULL, NULL, NULL, NULL, 1),
(62, 241, 1490581122, '    ', '                     ,                                       ', 1, '2018-08-14 07:59:24', NULL, NULL, NULL, NULL, 1),
(63, 242, 1490581122, '    ', '                     ,                                       ', 1, '2018-08-14 07:59:24', NULL, NULL, NULL, NULL, 1),
(64, 243, 2120282626, ' -     ', '  -             -              synopsis is ok.', 0, '2018-08-14 08:01:00', 1, '2018-08-20 09:07:41', NULL, NULL, 1),
(65, 244, 2120282626, ' -     ', '  -             -              synopsis is ok.', 0, '2018-08-14 08:01:00', 1, '2018-08-20 09:07:41', NULL, NULL, 1);

-- --------------------------------------------------------

--
-- Table structure for table `sysuserright`
--

CREATE TABLE `sysuserright` (
  `Id` int(11) NOT NULL,
  `SysUserCatId` int(11) DEFAULT NULL,
  `OperationId` int(11) DEFAULT NULL,
  `Name` varchar(200) DEFAULT NULL,
  `Url` varchar(200) DEFAULT NULL,
  `Title` varchar(200) DEFAULT NULL,
  `State` tinyint(3) DEFAULT '1',
  `Order` int(11) DEFAULT NULL
) ENGINE=MyISAM DEFAULT CHARSET=latin1;

--
-- Dumping data for table `sysuserright`
--

INSERT INTO `sysuserright` (`Id`, `SysUserCatId`, `OperationId`, `Name`, `Url`, `Title`, `State`, `Order`) VALUES
(1, 0, 3, '31we', 'werqwe', 'wetqwet', 0, NULL),
(2, 2, 1, 'News Entry', 'dataentry/index', 'News Entry', 1, NULL),
(3, 2, 1, 'Ad Entry', 'adentry/index', 'Ad Entry', 1, NULL),
(4, 3, 1, 'Media Name', 'medianame/index', 'Media Name', 1, NULL),
(5, 3, 1, 'Publication', 'publication/index', 'Publication', 1, NULL),
(6, 3, 1, 'Page Setup', 'pagename/index', 'Page Name & Number', 1, NULL),
(7, 3, 1, 'Page Setup', 'price/index', 'Price Setup', 0, NULL),
(8, 4, 1, 'News Type', 'newstype/index  ', 'News Type', 1, NULL),
(9, 4, 1, 'News Category', 'newscategory/index', 'News Category', 1, NULL),
(10, 5, 1, 'Ad Category', 'adcategory/index', 'Ad Category', 1, NULL),
(11, 5, 1, 'Brand', 'brand/index', 'Brand', 1, NULL),
(12, 5, 1, 'Sub-Brand', 'subbrand/index', 'Sub-Brand', 1, NULL),
(13, 7, 1, 'Placing', 'spot/index', 'Placing', 1, NULL),
(14, 7, 1, 'Page Type', 'pageposition/index', 'Page Type', 1, NULL),
(15, 3, 1, 'parameter', 'parameter/index', 'parameter', 1, NULL),
(16, 3, 1, 'Publication Place', 'publicationplace/index', 'Publication Place', 0, NULL),
(17, 3, 1, 'Publication Frequency', 'publicationfrequency/index', 'Publication Frequency', 0, NULL),
(18, 3, 1, 'Company', 'company/index', 'Company', 0, NULL),
(19, 3, 1, 'Product ', 'productcat/index', 'Product', 1, NULL),
(20, 3, 1, 'company', 'company/index', 'Company', 1, NULL),
(21, 8, 1, 'Ad-Report Download', 'report/index', 'Report', 1, NULL),
(22, 5, 1, 'Ad Info', 'adinfo/index', 'Ad Info', 1, NULL),
(23, 9, 20, 'Sub news repoart', 'newsrepoart/index', '', 0, NULL),
(24, 11, 0, 'Sub news report', 'newsrepoart/', '', 0, NULL),
(25, 12, 20, 'News Report Download', 'newsrepoart', '', 0, NULL),
(26, 14, 20, 'Download News Report', 'newsreport', '', 1, NULL),
(27, 15, 0, 'Create News Alert', 'createnewsalert/index', 'Create News Alert', 1, NULL),
(28, 15, 0, 'Show News Alert', 'shownewsalert/index', 'Show News Alert', 1, NULL);

-- --------------------------------------------------------

--
-- Table structure for table `sysuserrightcat`
--

CREATE TABLE `sysuserrightcat` (
  `Id` int(11) NOT NULL,
  `Name` varchar(200) DEFAULT NULL,
  `Url` varchar(200) DEFAULT NULL,
  `Order` int(11) DEFAULT NULL,
  `State` tinyint(4) DEFAULT '1'
) ENGINE=MyISAM DEFAULT CHARSET=latin1;

--
-- Dumping data for table `sysuserrightcat`
--

INSERT INTO `sysuserrightcat` (`Id`, `Name`, `Url`, `Order`, `State`) VALUES
(1, 'Dash Board', 'index', 1, 0),
(2, 'Data Entry', 'dataentry/index', 2, 1),
(3, 'Media Setup', 'mediasutup/index', 3, 1),
(4, 'News Setup', 'newssetup/index', 4, 1),
(5, 'Ad Setup', 'adsetup/index', 5, 1),
(6, 'Log Out', 'user/logout', 6, 0),
(7, 'Tarrif Setup', 'tarrif/index', 7, 1),
(8, 'Ad-Report', 'report/index', 8, 1),
(9, 'News Report', 'newsrepoart/index', 8, 0),
(12, 'News Report', 'newsrepoart', 10, 0),
(13, 'News Report', 'newsrepoart', 10, 0),
(14, 'News report', 'newsrepoart', 10, 1),
(15, 'News Alert', 'newsalert/index', 10, 1);

-- --------------------------------------------------------

--
-- Table structure for table `userright`
--

CREATE TABLE `userright` (
  `Id` int(11) NOT NULL,
  `UserTableId` int(11) DEFAULT NULL,
  `SysuserRightId` int(11) DEFAULT NULL,
  `State` tinyint(3) DEFAULT '1'
) ENGINE=MyISAM DEFAULT CHARSET=latin1;

-- --------------------------------------------------------

--
-- Table structure for table `users`
--

CREATE TABLE `users` (
  `Id` int(11) NOT NULL,
  `UserId` varchar(50) DEFAULT NULL,
  `Password` varchar(50) DEFAULT NULL,
  `Name` varchar(250) DEFAULT NULL,
  `DesignationId` int(11) DEFAULT NULL,
  `UserGroupId` int(11) DEFAULT '1',
  `Location` text,
  `Phone` varchar(200) DEFAULT NULL,
  `Email` varchar(100) DEFAULT NULL,
  `Picture` text,
  `Signature` text,
  `PasswordChangeStatus` tinyint(1) DEFAULT '0',
  `AdminStatus` tinyint(1) DEFAULT '0',
  `CreateBy` int(11) DEFAULT NULL,
  `State` tinyint(1) DEFAULT '1'
) ENGINE=InnoDB DEFAULT CHARSET=utf8;

--
-- Dumping data for table `users`
--

INSERT INTO `users` (`Id`, `UserId`, `Password`, `Name`, `DesignationId`, `UserGroupId`, `Location`, `Phone`, `Email`, `Picture`, `Signature`, `PasswordChangeStatus`, `AdminStatus`, `CreateBy`, `State`) VALUES
(1, 'a', 'a', NULL, NULL, 1, NULL, NULL, NULL, NULL, NULL, 0, 0, NULL, 1);

--
-- Indexes for dumped tables
--

--
-- Indexes for table `adcategory`
--
ALTER TABLE `adcategory`
  ADD PRIMARY KEY (`Id`),
  ADD UNIQUE KEY `NewIndex1` (`Name`);

--
-- Indexes for table `adentry`
--
ALTER TABLE `adentry`
  ADD PRIMARY KEY (`Id`);

--
-- Indexes for table `adentrydetails`
--
ALTER TABLE `adentrydetails`
  ADD PRIMARY KEY (`Id`);

--
-- Indexes for table `adentryreport`
--
ALTER TABLE `adentryreport`
  ADD PRIMARY KEY (`Id`);

--
-- Indexes for table `adinfo`
--
ALTER TABLE `adinfo`
  ADD PRIMARY KEY (`Id`);

--
-- Indexes for table `brand`
--
ALTER TABLE `brand`
  ADD PRIMARY KEY (`Id`);

--
-- Indexes for table `company`
--
ALTER TABLE `company`
  ADD PRIMARY KEY (`Id`),
  ADD UNIQUE KEY `NewIndex1` (`Name`);

--
-- Indexes for table `dataentry`
--
ALTER TABLE `dataentry`
  ADD PRIMARY KEY (`Id`);

--
-- Indexes for table `dataentrydetails`
--
ALTER TABLE `dataentrydetails`
  ADD PRIMARY KEY (`Id`);

--
-- Indexes for table `dataentryreport`
--
ALTER TABLE `dataentryreport`
  ADD PRIMARY KEY (`Id`);

--
-- Indexes for table `hue`
--
ALTER TABLE `hue`
  ADD PRIMARY KEY (`Id`),
  ADD UNIQUE KEY `NewIndex1` (`Name`);

--
-- Indexes for table `keyword`
--
ALTER TABLE `keyword`
  ADD PRIMARY KEY (`Id`);

--
-- Indexes for table `media`
--
ALTER TABLE `media`
  ADD PRIMARY KEY (`Id`),
  ADD UNIQUE KEY `NewIndex1` (`Name`);

--
-- Indexes for table `newscategory`
--
ALTER TABLE `newscategory`
  ADD PRIMARY KEY (`Id`),
  ADD UNIQUE KEY `NewIndex1` (`Name`);

--
-- Indexes for table `newstype`
--
ALTER TABLE `newstype`
  ADD PRIMARY KEY (`Id`),
  ADD UNIQUE KEY `NewIndex1` (`Name`);

--
-- Indexes for table `operation`
--
ALTER TABLE `operation`
  ADD PRIMARY KEY (`Id`);

--
-- Indexes for table `outlook`
--
ALTER TABLE `outlook`
  ADD PRIMARY KEY (`Id`);

--
-- Indexes for table `page`
--
ALTER TABLE `page`
  ADD PRIMARY KEY (`Id`),
  ADD UNIQUE KEY `NewIndex1` (`Name`);

--
-- Indexes for table `pageposition`
--
ALTER TABLE `pageposition`
  ADD PRIMARY KEY (`Id`),
  ADD UNIQUE KEY `NewIndex1` (`Name`);

--
-- Indexes for table `placing`
--
ALTER TABLE `placing`
  ADD PRIMARY KEY (`Id`),
  ADD UNIQUE KEY `NewIndex1` (`Name`);

--
-- Indexes for table `placingtype`
--
ALTER TABLE `placingtype`
  ADD PRIMARY KEY (`Id`),
  ADD UNIQUE KEY `NewIndex1` (`Name`);

--
-- Indexes for table `position`
--
ALTER TABLE `position`
  ADD PRIMARY KEY (`Id`),
  ADD UNIQUE KEY `NewIndex1` (`Name`);

--
-- Indexes for table `price`
--
ALTER TABLE `price`
  ADD PRIMARY KEY (`Id`),
  ADD UNIQUE KEY `Name` (`Name`,`MediaId`,`PublicationId`);

--
-- Indexes for table `pricedetails`
--
ALTER TABLE `pricedetails`
  ADD PRIMARY KEY (`Id`),
  ADD UNIQUE KEY `Name` (`Name`,`PageNoId`,`Col`,`Inch`);

--
-- Indexes for table `product`
--
ALTER TABLE `product`
  ADD PRIMARY KEY (`Id`),
  ADD UNIQUE KEY `NewIndex1` (`Name`);

--
-- Indexes for table `product_cat`
--
ALTER TABLE `product_cat`
  ADD PRIMARY KEY (`Id`),
  ADD UNIQUE KEY `NewIndex1` (`Name`);

--
-- Indexes for table `pubfrequency`
--
ALTER TABLE `pubfrequency`
  ADD PRIMARY KEY (`Id`),
  ADD UNIQUE KEY `NewIndex1` (`Name`);

--
-- Indexes for table `publication`
--
ALTER TABLE `publication`
  ADD PRIMARY KEY (`Id`),
  ADD UNIQUE KEY `NewIndex1` (`Name`,`MediaId`);

--
-- Indexes for table `pubplace`
--
ALTER TABLE `pubplace`
  ADD PRIMARY KEY (`Id`),
  ADD UNIQUE KEY `NewIndex1` (`Name`);

--
-- Indexes for table `pubtype`
--
ALTER TABLE `pubtype`
  ADD PRIMARY KEY (`Id`),
  ADD UNIQUE KEY `NewIndex1` (`Name`);

--
-- Indexes for table `spot`
--
ALTER TABLE `spot`
  ADD PRIMARY KEY (`Id`),
  ADD UNIQUE KEY `NewIndex1` (`Name`);

--
-- Indexes for table `subbrand`
--
ALTER TABLE `subbrand`
  ADD PRIMARY KEY (`Id`);

--
-- Indexes for table `synopsis`
--
ALTER TABLE `synopsis`
  ADD PRIMARY KEY (`Id`);

--
-- Indexes for table `sysuserright`
--
ALTER TABLE `sysuserright`
  ADD PRIMARY KEY (`Id`);

--
-- Indexes for table `sysuserrightcat`
--
ALTER TABLE `sysuserrightcat`
  ADD PRIMARY KEY (`Id`);

--
-- Indexes for table `userright`
--
ALTER TABLE `userright`
  ADD PRIMARY KEY (`Id`);

--
-- Indexes for table `users`
--
ALTER TABLE `users`
  ADD PRIMARY KEY (`Id`);

--
-- AUTO_INCREMENT for dumped tables
--

--
-- AUTO_INCREMENT for table `adcategory`
--
ALTER TABLE `adcategory`
  MODIFY `Id` int(11) NOT NULL AUTO_INCREMENT, AUTO_INCREMENT=7;

--
-- AUTO_INCREMENT for table `adentry`
--
ALTER TABLE `adentry`
  MODIFY `Id` int(11) NOT NULL AUTO_INCREMENT, AUTO_INCREMENT=10;

--
-- AUTO_INCREMENT for table `adentrydetails`
--
ALTER TABLE `adentrydetails`
  MODIFY `Id` int(11) NOT NULL AUTO_INCREMENT, AUTO_INCREMENT=10;

--
-- AUTO_INCREMENT for table `adentryreport`
--
ALTER TABLE `adentryreport`
  MODIFY `Id` int(11) NOT NULL AUTO_INCREMENT, AUTO_INCREMENT=10;

--
-- AUTO_INCREMENT for table `adinfo`
--
ALTER TABLE `adinfo`
  MODIFY `Id` int(11) NOT NULL AUTO_INCREMENT, AUTO_INCREMENT=325;

--
-- AUTO_INCREMENT for table `brand`
--
ALTER TABLE `brand`
  MODIFY `Id` int(11) NOT NULL AUTO_INCREMENT, AUTO_INCREMENT=1053;

--
-- AUTO_INCREMENT for table `company`
--
ALTER TABLE `company`
  MODIFY `Id` int(11) NOT NULL AUTO_INCREMENT, AUTO_INCREMENT=679;

--
-- AUTO_INCREMENT for table `dataentry`
--
ALTER TABLE `dataentry`
  MODIFY `Id` int(11) NOT NULL AUTO_INCREMENT, AUTO_INCREMENT=300;

--
-- AUTO_INCREMENT for table `dataentrydetails`
--
ALTER TABLE `dataentrydetails`
  MODIFY `Id` int(11) NOT NULL AUTO_INCREMENT, AUTO_INCREMENT=249;

--
-- AUTO_INCREMENT for table `dataentryreport`
--
ALTER TABLE `dataentryreport`
  MODIFY `Id` int(11) NOT NULL AUTO_INCREMENT, AUTO_INCREMENT=249;

--
-- AUTO_INCREMENT for table `hue`
--
ALTER TABLE `hue`
  MODIFY `Id` int(11) NOT NULL AUTO_INCREMENT, AUTO_INCREMENT=3;

--
-- AUTO_INCREMENT for table `keyword`
--
ALTER TABLE `keyword`
  MODIFY `Id` int(11) NOT NULL AUTO_INCREMENT, AUTO_INCREMENT=16;

--
-- AUTO_INCREMENT for table `media`
--
ALTER TABLE `media`
  MODIFY `Id` int(11) NOT NULL AUTO_INCREMENT, AUTO_INCREMENT=145;

--
-- AUTO_INCREMENT for table `newscategory`
--
ALTER TABLE `newscategory`
  MODIFY `Id` int(11) NOT NULL AUTO_INCREMENT, AUTO_INCREMENT=6;

--
-- AUTO_INCREMENT for table `newstype`
--
ALTER TABLE `newstype`
  MODIFY `Id` int(11) NOT NULL AUTO_INCREMENT, AUTO_INCREMENT=10;

--
-- AUTO_INCREMENT for table `operation`
--
ALTER TABLE `operation`
  MODIFY `Id` int(11) NOT NULL AUTO_INCREMENT, AUTO_INCREMENT=33;

--
-- AUTO_INCREMENT for table `outlook`
--
ALTER TABLE `outlook`
  MODIFY `Id` int(11) NOT NULL AUTO_INCREMENT, AUTO_INCREMENT=4;

--
-- AUTO_INCREMENT for table `page`
--
ALTER TABLE `page`
  MODIFY `Id` int(11) NOT NULL AUTO_INCREMENT, AUTO_INCREMENT=63;

--
-- AUTO_INCREMENT for table `pageposition`
--
ALTER TABLE `pageposition`
  MODIFY `Id` int(11) NOT NULL AUTO_INCREMENT, AUTO_INCREMENT=5;

--
-- AUTO_INCREMENT for table `placing`
--
ALTER TABLE `placing`
  MODIFY `Id` int(11) NOT NULL AUTO_INCREMENT, AUTO_INCREMENT=7;

--
-- AUTO_INCREMENT for table `placingtype`
--
ALTER TABLE `placingtype`
  MODIFY `Id` int(11) NOT NULL AUTO_INCREMENT, AUTO_INCREMENT=23;

--
-- AUTO_INCREMENT for table `position`
--
ALTER TABLE `position`
  MODIFY `Id` int(11) NOT NULL AUTO_INCREMENT, AUTO_INCREMENT=3;

--
-- AUTO_INCREMENT for table `price`
--
ALTER TABLE `price`
  MODIFY `Id` int(11) NOT NULL AUTO_INCREMENT, AUTO_INCREMENT=167;

--
-- AUTO_INCREMENT for table `pricedetails`
--
ALTER TABLE `pricedetails`
  MODIFY `Id` int(11) NOT NULL AUTO_INCREMENT, AUTO_INCREMENT=4707;

--
-- AUTO_INCREMENT for table `product`
--
ALTER TABLE `product`
  MODIFY `Id` int(11) NOT NULL AUTO_INCREMENT, AUTO_INCREMENT=117;

--
-- AUTO_INCREMENT for table `product_cat`
--
ALTER TABLE `product_cat`
  MODIFY `Id` int(11) NOT NULL AUTO_INCREMENT, AUTO_INCREMENT=561;

--
-- AUTO_INCREMENT for table `pubfrequency`
--
ALTER TABLE `pubfrequency`
  MODIFY `Id` int(11) NOT NULL AUTO_INCREMENT, AUTO_INCREMENT=6;

--
-- AUTO_INCREMENT for table `publication`
--
ALTER TABLE `publication`
  MODIFY `Id` int(11) NOT NULL AUTO_INCREMENT, AUTO_INCREMENT=264;

--
-- AUTO_INCREMENT for table `pubplace`
--
ALTER TABLE `pubplace`
  MODIFY `Id` int(11) NOT NULL AUTO_INCREMENT, AUTO_INCREMENT=9;

--
-- AUTO_INCREMENT for table `pubtype`
--
ALTER TABLE `pubtype`
  MODIFY `Id` int(11) NOT NULL AUTO_INCREMENT, AUTO_INCREMENT=5;

--
-- AUTO_INCREMENT for table `spot`
--
ALTER TABLE `spot`
  MODIFY `Id` int(11) NOT NULL AUTO_INCREMENT, AUTO_INCREMENT=14;

--
-- AUTO_INCREMENT for table `subbrand`
--
ALTER TABLE `subbrand`
  MODIFY `Id` int(11) NOT NULL AUTO_INCREMENT, AUTO_INCREMENT=1862;

--
-- AUTO_INCREMENT for table `synopsis`
--
ALTER TABLE `synopsis`
  MODIFY `Id` int(11) NOT NULL AUTO_INCREMENT, AUTO_INCREMENT=66;

--
-- AUTO_INCREMENT for table `sysuserright`
--
ALTER TABLE `sysuserright`
  MODIFY `Id` int(11) NOT NULL AUTO_INCREMENT, AUTO_INCREMENT=29;

--
-- AUTO_INCREMENT for table `sysuserrightcat`
--
ALTER TABLE `sysuserrightcat`
  MODIFY `Id` int(11) NOT NULL AUTO_INCREMENT, AUTO_INCREMENT=16;

--
-- AUTO_INCREMENT for table `userright`
--
ALTER TABLE `userright`
  MODIFY `Id` int(11) NOT NULL AUTO_INCREMENT;

--
-- AUTO_INCREMENT for table `users`
--
ALTER TABLE `users`
  MODIFY `Id` int(11) NOT NULL AUTO_INCREMENT, AUTO_INCREMENT=2;
COMMIT;

/*!40101 SET CHARACTER_SET_CLIENT=@OLD_CHARACTER_SET_CLIENT */;
/*!40101 SET CHARACTER_SET_RESULTS=@OLD_CHARACTER_SET_RESULTS */;
/*!40101 SET COLLATION_CONNECTION=@OLD_COLLATION_CONNECTION */;
